S 00118 10 18E1C 00000002 000000FF 00000003 0000000E 00000010 00000007 00000015 00000013 003E0864 003E341B 003E3400 003E02D8 003E1CF6 003E4000 003E5200 C4FD4646
S 0011E 10 1962C 000000A6 00000005 00000000 00000018 00000011 00000004 00000016 00000003 003E40D4 003E402D 003E1CF6 003E4000 003E02D8 003E02D8 003E5200 76DCDB6E
S 00124 10 195D0 FFFF0050 000000E6 00000000 00000004 0000000F 00000004 00000002 0000000D 003E42B0 003E02D8 003E1968 003E1968 003E1BC6 003E1CF6 003E5200 F6CABE6C
S 0012A 10 1948A 00000015 000000FB 00000001 00000004 0000000F 00000007 00000010 00000017 003E41F0 003E1CF6 003E1BC6 003E0F48 003E0864 003E02D8 003E5200 CBEB3B0C
S 00130 10 18D9A 00000001 00000013 00000004 0000001A 00000007 00000005 0000001E 0000000D 000000FF 003E3438 003E3400 003E1BC6 003E1968 003E0F48 003E5200 2A1A421A
S 00136 10 18E18 00000004 0000409C 00000003 0000000A 00000006 00000014 00000017 00000007 003E1BC6 003E341B 003E3400 003E4000 003E1968 003E4000 003E5200 42C72D85
S 0013C 10 18E1C 00000006 000000C6 00000003 00000014 0000000D 00000001 00000000 00000012 003E1CF6 003E341B 003E3400 003E0F48 003E1CF6 003E02D8 003E5200 F424D978
S 00142 10 135A2 00008421 0000000B 00000010 0000000F 00000013 00000019 00000014 00000001 003C0002 003C07FC 003E0F48 003E0864 003E1CF6 003E0F48 003E5200 842722F5
S 00148 10 18E1E 00000003 00000022 00000003 00000000 0000001F 0000001E 0000000D 00000009 003E02D8 003E341B 003E3400 003E1968 003E0F48 003E0F48 003E5200 89C8E215
S 0014E 10 18E10 00000007 000000D3 00000003 0000001D 0000000A 00000012 0000000B 0000001F 003E02D8 003E02D8 003E3400 003E4000 003E0864 003E4000 003E5200 334D3313
S 00154 10 18A78 00000086 00000000 0000409E 0000000E 0000000D 00000012 00000004 00000002 000000F2 00000040 000000F4 003E1968 003E1968 003E1968 003E5200 C62A507E
S 0015A 10 18806 00000005 00000000 00000002 0000001C 00000001 0000001B 00000019 00000005 003E1968 003E1CF6 003E3400 003E02D8 003E1BC6 003E02D8 003E5200 90500FA3
S 00160 10 193AE 00000000 0000000B 0000000C 0000001D 00000006 00000017 00000005 0000000F 003E3418 003E4000 003E1968 003E4000 003E1968 003E0F48 003E5200 D91555B3
S 00166 10 193BE 0000001B 00000003 00000003 00000006 00000004 00000008 00000018 00000017 003E3419 003E3438 003E0864 003E0864 003E1968 003E0F48 003E5200 28FC22E1
S 0016C 10 193E8 000000DA 00000000 00000008 00000004 0000001B 00000007 0000001D 00000008 003E3404 003E1BC6 003E4000 003E1968 003E1968 003E02D8 003E5200 25582140
S 00172 10 135A2 00008421 00000015 00000001 00000000 00000011 0000000F 0000000C 0000000E 003C0002 003C07FC 003E1968 003E0F48 003E4000 003E0864 003E5200 047ABC85
S 00178 10 14780 00000016 0000002E 0000002E 003E42B9 00000002 0000000A 00000003 00000014 003E4000 003E34CC 003E34ED 003E1CF6 003E1CF6 003E0F48 003E5200 E2B9211D
S 0017E 10 145A0 00000000 00000007 00000000 00000010 003E34CC 00000016 0000000D 00000002 003E4000 003E02D8 003E3536 000143B0 003E34F4 003E0F48 003E5200 8C609ABB
X 00184 10
S 0018A 10 14882 00000016 00000089 00000013 003E4089 0000001D 00000011 0000001D 0000001F 003E1BC6 003E1BC6 003E34CC 000143B0 003E3536 003E1CF6 003E4FE8 CC1E0C6E
S 00190 10 14BA2 00000020 000040CE 00000020 00000013 00000012 0000000A 0000000A 00000006 003E4000 003E0864 003E1CF6 003E1968 003E4000 003E1968 003E5200 AF0DAB28
S 00196 10 14C5A 00000000 0000001F 0000006F 00000054 00000004 00000008 00000002 0000000D 003E1BC6 003E1CF6 003E436F 003E0864 003E4000 003E0864 003E4FE8 2B3C7FDC
S 0019C 10 14D64 0000413E 0000413E 00000088 00000013 00000000 0000000F 00000018 00000016 003E1968 003E1968 003E1968 003E02D8 003E1968 003E0F48 003E4FE8 77A4DF40
S 001A2 10 1507E 00000018 00000017 00000018 00004055 0000000C 0000000B 0000001D 0000000A 003E1CF6 003E1BC6 003E4000 003E1BC6 003E1CF6 003E1968 003E5200 5DFE39C8
S 001A8 10 155CA 00000756 0000000B 000000A8 00000000 00000756 00000013 00000006 00000003 003E1CF6 003E365C 003E365A 003E02D8 003E1BC6 003E4000 003E5200 77CCBDFE
S 001AE 10 135A2 00008421 0000001F 00000002 00000006 0000000A 00000015 00000008 00000000 003C0002 003C07FC 003E0864 003E0864 003E1BC6 003E1CF6 003E5200 DDE1F2F2
S 001B4 10 155A0 00000009 00000009 0000001C 00000012 00000006 0000001E 00000012 00000018 003E4000 003E4000 003E02D8 003E02D8 003E4000 003E4000 003E5200 3EFD4A7E
S 001BA 10 156E4 00000071 00000007 00000003 00000071 000042E4 0000000F 00000019 0000000F 003E1CF6 003E0864 003E3632 003E0F48 003E0864 003E0864 003E5200 E8E31F88
S 001C0 10 193A2 00000000 0000000D 00000073 00000007 00000015 0000001B 00000014 00000019 003E3418 003E1CF6 003E4000 003E02D8 003E02D8 003E4000 003E5200 2241AD38
S 001CA 10 18E7E 00000058 00000000 0000001E 00000003 0000000D 00000002 0000001E 00000005 003E1BC6 003E4000 000000AD 003E0F48 000192E6 003E4000 003E5200 18421C98
S 001D0 10 19112 00000086 00000029 00000001 00000001 00000013 0000001B 00000017 00000009 003E1BC6 003E0864 000000C8 003E0F48 000192E6 003E1BC6 003E5200 3766F542
S 001D6 10 18F14 0000414F 000000C0 00000019 00000000 00000002 00000006 0000001F 0000000D 00800002 00000088 003E1CF6 003E0F48 003E02D8 003E1968 003E5200 22656D06
S 001DC 10 18F14 00004020 000000F0 0000001E 00000000 00000011 0000001A 0000000D 0000000D FFFE0080 00000073 003E1CF6 003E1CF6 003E0864 003E1BC6 003E5200 49546F72
S 001E2 10 135A2 00008421 0000001E 00000017 00000008 0000000A 00000011 00000018 00000018 003C0002 003C07FC 003E0F48 003E0864 003E0864 003E02D8 003E5200 38E89DEC
X 001E8 6
S 001EE 10 18932 000078D4 0000006A 00000016 0000000D 0000000B 00000007 00000012 0000000D 003E4000 003E1BC6 003E1CF6 003E1BC6 003E1CF6 003E1968 003E5200 6E37865B
S 001F4 10 144CE 00000000 00000000 00000017 0000000E 0000000E 0000001C 00000019 00000015 003E0F48 003E1BC6 003E1CF6 003E1968 003E02D8 003E1968 003E5200 38FA5D90
S 001FA 10 1478E 00000028 00000014 00000000 00000010 0000001A 0000000B 0000001A 00000011 003E4000 003E34CC 003E1BC6 003E1968 003E4000 003E1CF6 003E5200 662E258A
X 00200 8
S 00206 10 13FC0 00000000 00000000 00000019 00000000 00000003 0000000D 0000000A 00000012 003E1BC6 003E1968 003E02D8 003E1CF6 003E4000 003E4000 003E5200 8A72558C
S 0020C 10 13FAE 00000000 00000007 0000003F 0000001C 0000001C 00000001 00000007 00000000 003E1CF6 003E0864 003E02D8 003E0864 003E0F48 003E0F48 003E5200 ED0B353A
S 00212 10 13FAA 00000000 0000000F 00000015 0000001F 0000001D 00000012 0000000C 00000012 003E0F48 003E1CF6 003E3448 003E3446 003E02D8 003E4000 003E5200 37F4719E
S 00218 10 13FB4 00000000 0000000E 00000007 00000011 0000000C 00000006 00000011 0000001D 003E02D8 003E0F48 003E1968 003E0864 003E0864 003E1BC6 003E5200 DF8123DD
S 0021E 10 13FAA 00000000 00000001 000000BB 00000010 00000012 00000014 0000000E 00000014 003E1BC6 003E0864 003E3446 003E1968 003E1BC6 003E1BC6 003E5200 6BED9D45
S 00224 10 135A2 00008421 00000017 00000002 00000009 0000000B 0000000D 0000000F 00000005 003C0002 003C07FC 003E1BC6 003E02D8 003E4000 003E1BC6 003E5200 E20E4DEF
S 0022A 10 14776 00000006 0000000C 00000002 00000000 00000014 0000000C 0000001E 00000009 003E1CF6 003E02D8 003E1968 003E1968 003E1BC6 003E1CF6 003E5200 1CA59869
S 00230 10 13FB6 00000000 00000011 00000002 00000004 00000001 0000001F 0000000B 00000012 003E0F48 003E0864 003E02D8 003E02D8 003E1968 003E1CF6 003E5200 DE554764
S 00236 10 1A0F2 00000020 003E3D4D 00000010 00000015 0000001B 00000016 00000003 00000009 003E3D5A 003E1968 003E0F48 003E1CF6 003E0F48 003E0864 003E5200 8E80E9AF
S 0023C 10 19F74 00000016 003E3D5E 00000019 0000000F 00000002 0000000E 00000019 00000009 003E1968 003E02D8 003E370E 00019CE4 003E1BC6 003E0F48 003E5200 3E84C9EF
S 00242 10 193A2 00000000 00000015 0000001D 0000001E 00000001 00000007 00000004 00000019 003E3418 003E0864 003E1BC6 003E1CF6 003E1968 003E0F48 003E5200 198D066B
S 00248 10 18B8E 000461D8 00044368 00000019 00000003 00000011 00000012 00000007 00000014 003E0F48 003E1968 003E0F48 003E1BC6 003E4000 003E4000 003E5200 29A3AF7E
S 0024E 10 1961E 00004233 0000000B 00000019 00000013 00000007 0000000F 0000000D 0000000D 003E4FD8 003E4FD8 003E1CF6 003E4000 003E0864 003E4000 003E4FE8 7CF19CCC
S 00254 10 135A2 00008421 0000000E 0000001D 0000000B 00000015 0000000C 0000000A 0000001B 003C0002 003C07FC 003E0F48 003E1968 003E1968 003E02D8 003E5200 8E5220BE
S 0025A 10 18E72 00000000 00004150 0000001C 00000017 00000001 0000001A 0000000D 00000003 003E1968 003E4000 003E4FF6 003E1CF6 000192E6 003E02D8 003E5200 65AF984D
S 00260 10 1961E 00004201 00000003 00000009 00000018 0000000E 0000000B 00000006 0000000F 003E4FD8 003E4FD8 003E1968 003E1968 003E1968 003E1CF6 003E4FE8 3456CCFE
S 00266 10 195BE 00000000 0000002C 00000014 0000001B 00000003 00000016 0000001B 0000001C 003E0F48 003E4000 003E1CF6 003E0864 003E0F48 003E1CF6 003E4FE8 8E388A04
X 0026C 9
S 00272 10 15848 00000013 00000013 00000014 00000014 00000003 00000015 00000004 0000001B 003E1968 003E1968 003E02D8 003E0864 003E0864 003E02D8 003E5200 B646382E
S 00278 10 14772 00000008 00000013 0000000D 00000001 00000015 00000013 00000013 00000001 003E1BC6 003E1BC6 003E34ED 003E0F48 003E1BC6 003E1CF6 003E5200 F178DA66
X 0027E 3
S 00286 10 135A2 00008421 00000007 00000003 0000000A 0000000D 00000016 0000000D 0000000C 003C0002 003C07FC 003E1CF6 003E1968 003E1BC6 003E1CF6 003E5200 8BB2F793
S 0028C 10 19076 00000000 0000001C 0000001C 00000001 0000001D 0000001E 00000011 0000001E 003E02D8 003E1BC6 003E4000 003E0F48 003E02D8 003E1968 003E4FE8 D5452D1B
S 00292 10 13D02 0000A43F 00000013 00000015 00000016 0000000E 00000002 00000007 00000006 003E0864 003E0F48 003E1BC6 003E1BC6 003E0F48 003E4000 003E5200 B2DA4FD2
S 00300 10 0040E 00000004 00000017 00000018 00000000 00000015 00000000 00000019 00000005 003E3F08 003E1968 003E1968 003E1968 003E1CF6 003E4000 003E5200 B34FBB64
S 00306 10 125E0 00000013 0000000A 00000016 0000001F 00000014 00000002 00000017 0000000A 003E1968 003E4000 003E4000 003E0864 003E4000 003E02D8 003E5200 5174D4C1
S 003EA 10 00416 00000013 0000001E 0000001E 00000010 0000000B 00000016 0000000D 00000015 003E3F08 003E0F48 003E0F48 003E1BC6 003E02D8 003E1968 003E5200 06C28EA0
S 00402 10 05CD4 0000001C 0000000A 00000056 0000001F 00000007 00000007 00000017 00000000 003E4002 003E1CF6 003E0F48 003E0F48 003E02D8 003E02D8 003E5200 A684BBA1
X 00404 5
S 0042A 10 05CE4 00000007 00000013 00000056 00000019 0000000B 0000001A 00000005 0000001A 003E0864 003E0F48 003E4000 003E0F48 003E1CF6 003E0864 003E5200 D11D0969
S 00430 10 00456 55555555 AAAAAAAA FFFFFFFF 00000000 00000010 0000000A 00000015 00000018 003E02D8 003E4000 003E0864 003E1BC6 003E0F48 003E1CF6 003E5200 529FD89D
S 00438 10 0045A 00000001 AAAAAAAA FFFFFFFF 00000000 00000010 0000001B 0000001B 00000006 003E02D8 003E1CF6 003E02D8 003E0864 003E1968 003E0864 003E5200 470C79B5
S 00512 10 00520 0000000D 0000001A 00000006 00000002 00000004 00000000 00000008 00000007 003E0F48 003E1BC6 003E0864 003E4000 003E4000 003E1968 003E5200 EDEEA715
X 0052A 1
S 00534 10 00576 00000000 0000000F 00000004 00000000 0000001D 00000003 00000008 00000015 003E4000 003E02D8 003E02D8 003E4000 003E1CF6 003E1BC6 003E5200 11EED8B4
S 00580 10 125E4 0000000F 0000000A 00000012 00000016 00000018 00000015 00000011 00000007 003E0864 003E02D8 003E02D8 003E0F48 003E1BC6 003E0864 003E5200 99CA4094
S 005B4 10 005E6 0000009C 00000063 00000005 00000003 0000000D 00000002 0000000F 0000000F 003E4000 003E08F8 003E02D8 003E1BC6 003E1CF6 003E0864 003E5200 7E14CE19
X 00618 1
S 00620 10 196C6 00000000 0000001E FFFFFFE0 00000013 00000010 0000001B 0000000F 0000001C 003E3672 003E1CF6 003E4000 003E02D8 003E1BC6 003E1968 003E5200 1CF61FEC
X 00626 8
X 0062E 0
X 00642 0
X 0064A 2
S 00656 10 196C6 00000000 00000010 FFFFFFE0 0000000C 00000015 00000008 00000015 00000011 003E3672 003E0864 003E0864 003E4000 003E4000 003E1CF6 003E5200 84F39AB0
S 00660 10 00672 003E0DC3 00000017 0000000D 00000014 00000018 00000001 00000016 00000000 003E0846 003E0F48 003E0F48 003E4000 003E1968 003E1968 003E5200 AC74EA15
S 00686 10 006A4 00000013 0000001A 003E32FF 00000007 00000017 00000003 0000001B 0000001D 003E1AE2 003E1BC6 003E1960 003E0864 003E1CF6 003E4000 003E5200 E38D6948
S 00778 10 007A0 00000003 00000003 00000008 00000017 00000017 0000001E 00000002 00000005 003E1B2A 003E1AE2 003E1960 003E0864 003E1CF6 003E02D8 003E4FE8 79416531
S 008B4 10 11BD8 00000000 00000006 0000000D 41BD0000 00000002 0000001A 00000012 00000007 003E1BC6 003E4000 003E1BC6 00200040 003E0F48 003E02D8 003E4FE8 9BC567B5
S 00A20 10 00A42 FFFFF340 00000003 00000011 0000000F 00000002 00000010 00000010 0000000E FFFFF34A 003E1968 003E41F7 003E0864 003E1BC6 003E1BC6 003E4FE8 AD486ECD
S 00BC2 10 00BE4 00008584 000042C2 FFFFFFFC 000000F5 00000009 00000004 FFFFFFF8 00000008 0000FCCA 003E1CF6 003E1968 003E1968 003E0864 003E0864 003E4FE8 7927AEAF
S 00CAC 10 11BE4 00000000 00000001 00000001 00000005 00000016 00000001 00000010 00000014 003E4000 003E02D8 0000FCCA 003E1BC6 003E1CF6 003E0864 003E4FE8 2AC9D5CC
S 00D9A 10 135A2 00008421 0000001C 00000014 00000011 00000012 0000001A 00000007 0000000D 003C0002 003C07FC 003E4000 003E02D8 003E1968 003E1BC6 003E5200 082692A2
S 00DDA 10 00DF8 00000018 0000000C 000000D5 00000005 00000006 00000017 0000000C 00000007 003E0864 003E0F48 003E0DC4 003E0864 003E4000 003E1968 003E5200 AC14C977
S 00E4E 10 00E76 0000424D 0000000C 00000000 0000001E 00000062 00000014 000000DC 00000019 003E4000 003E1BC6 003E4000 003E1BC6 003E02D8 003E1BC6 003E4FE8 63C75C49
S 00FB4 10 00FD6 00000000 00000000 0000001C 00000000 00000011 00000005 0000001B 00000002 0000FE02 003E0F48 003E1968 003E0F48 003E0F48 003E1968 003E5200 4BB4A01A
S 0122C 10 012AA 00000012 00000000 00000019 0000001B 00000019 0000001F 00000008 0000000E 003E1BC6 003E1968 0000FCCA 003E0864 003E1BC6 003E4000 003E4FE8 A44D9392
S 012CA 10 012F2 0000001E 00000001 00000001 00000019 00000017 00000029 00000001 00000003 003E02D8 003E1BC6 003E4000 003E1CF6 003E1CF6 003E4000 003E4FE8 D7462BC1
S 013B2 10 11BE4 00000000 0000000E 00000003 0000003E 00000018 00000008 0000001D 00000019 003E4000 003E02D8 003E1BC6 003E0F48 003E1CF6 003E1BC6 003E4FE8 D0C4C416
S 0149A 10 11BD8 00000000 00000001 00000000 00000080 00000007 00000004 00000000 00000005 0001000A 003E1CF6 003E1BC6 003E02D8 003E0F48 003E1BC6 003E5200 602A6C4C
S 014DC 10 135A2 00008421 00000011 00000009 00000001 00000015 0000000E 0000000A 00000001 003C0002 003C07FC 003E1CF6 003E1CF6 003E1CF6 003E0F48 003E5200 7F329960
S 01512 10 01530 00008000 00000000 0000000F 00000000 00008000 00000016 00000001 00000011 003E4000 003E0864 0000FCF2 003E0F48 003E1968 003E0864 003E5200 0BEF8184
X 0156C 2
X 01578 2
X 01584 3
X 01592 3
S 015A0 10 01582 00001000 00000000 00000010 00000004 00000005 00000004 00000000 0000001B 003E1CF6 003E0F48 003E4000 003E1968 003E1BC6 003E4000 003E5200 D9D761E0
X 015B4 1
S 015BE 10 135A2 00008421 00000006 0000001D 00000009 0000001F 0000001C 00000012 0000001C 003C0002 003C07FC 003E0F48 003E1968 003E1BC6 003E1BC6 003E5200 3BA343F4
S 015D6 10 015F4 00000001 00000003 00006BFF 00000001 00000010 0000001C 0000001C 00000005 003E19E6 003E0864 003E1968 003E0864 003E0864 003E1CF6 003E5200 02D5DDDC
S 015FE 10 0164A 00000016 0000000C 00000000 00000008 00000003 003E0DD2 0000000B 00000005 003E1CF6 003E0864 003E0DD0 003E1CF6 003E1952 003E1BC6 003E4FE8 BDDDAF3E
S 01836 10 0EF62 00000000 00005948 FFFFFFFF 0000001C 0000001D 00000010 00000004 0000000C 003E0864 00011AC4 0000EF58 003E0864 003E02D8 003E0864 003E5200 52FDD656
S 018A6 10 018CA 00000000 00000000 00000004 0000001D 00000018 00000019 00000019 0000000B 00010056 003E1968 003E0F48 003E0F48 003E0864 003E1968 003E5200 58304E18
S 018FA 10 0191E 00008000 0000000C 00000000 00000009 00000005 00000016 00000011 0000001F 003E19B1 003E4FE7 003E4FE6 003E1968 003E1BC6 003E0864 003E4FE8 11A28475
S 01980 10 0199C 000000FE 0000000C 00000001 00000003 00000000 00000016 00000018 0000001D 003E4000 003E1CF6 003E1968 003E0F48 003E1CF6 003E0864 003E5200 170C5F68
X 019D8 9
S 019EE 10 135A2 00008421 00000009 00000014 0000000E 00000000 0000000C 00000001 00000000 003C0002 003C07FC 003E1BC6 003E4000 003E02D8 003E0F48 003E5200 064746D5
S 01A70 10 01A96 00008000 00000003 00000003 00000000 00000000 00000009 0000001F 00000006 003E19E6 003E1BC6 003E4000 003E02D8 003E0864 003E02D8 003E5200 913B03A2
S 01AEA 10 01B12 00008000 0000000D 00000008 0000030C 00011AEE 003E0F48 00000000 0000001A 003E1CF6 003E0864 003E1968 003E02D8 003E02D8 003E1BC6 003E5200 1B7918F9
S 01B46 10 0EF6C 00000005 00005948 00000000 00000005 00000011 00000001 00000008 00000012 003E0864 00011AC4 0000EF58 003E0F48 003E4000 003E02D8 003E5200 E4BC43D6
S 01B96 10 01BC2 00000800 0000001D 003E1954 003E1968 00000000 00000004 00000007 00000004 003E1968 003E1BC6 003E186D 0001000A 003E1956 003E1CF6 003E5200 961386B1
S 01C34 10 0594C 00008000 00000019 00000003 00000000 00000001 00000014 00000002 00000012 003E1BC6 003E1BC6 003E1968 003E1968 003E0864 003E4000 003E5200 1242638C
S 01C66 10 01C8E 00000000 00000003 FFFFFFFF 00000005 00000009 00000000 00000000 0000000D 003E1968 003E0864 003E1968 003E1954 003E4000 003E02D8 003E4FE8 EDA95CC2
S 01E74 10 01E94 00000007 00000003 00000000 00000070 003E1954 00000003 00000000 00000016 003E0864 003E02D8 003E02D8 003E4000 003E1968 003E1968 003E5200 527E87F3
S 01F3A 10 135A2 00008421 00000006 0000000E 00000007 00000018 0000000C 0000000E 0000000D 003C0002 003C07FC 003E4000 003E1BC6 003E02D8 003E02D8 003E5200 5BE2B021
X 01F60 4
X 01F70 3
S 01F82 10 04282 00000007 000042EF 00000000 00000012 00000003 00000006 0000001E 00000016 003E4000 003E0F48 000000E9 003E0864 003E02D8 003E4000 003E4FD8 F37C226A
S 01FD6 10 01FEE 00000010 00000010 00000001 00000002 00000002 00000000 0000000C 00000000 003E0864 003E1BC6 003E0F48 003E02D8 003E0864 003E1BC6 003E5200 1E706C81
S 0200A 10 0204A 00000006 00000015 00000003 0000001E 000000EF 0000000F 00000000 00000007 003E1968 003E02D8 003E0F48 003E1BC6 003E1BC6 003E4000 003E4FE8 90928264
S 0219A 10 14784 00000016 00000015 0000000E 00000004 0000001D 0000001C 0000000F 0000000B 003E1968 003E34CC 003E0DE0 003E0F48 003E1968 003E1968 003E5200 F6D070C7
S 0220C 10 02226 000000F7 0000422C 00000089 00000017 0000001F 0000001B 00000009 00000013 003E1968 003E02D8 003E0864 003E1968 003E1968 003E1BC6 003E5200 A53EC2C1
S 02248 10 135A2 00008421 00000007 00000018 00000002 0000001B 00000007 00000011 00000008 003C0002 003C07FC 003E4000 003E1BC6 003E1968 003E0864 003E5200 0CB7A370
S 022BA 10 022D8 0000001B 00000005 00000001 00000003 00000000 00000015 00000018 00000006 003E4000 003E1CF6 003E02D8 003E1968 003E1BC6 003E1BC6 003E5200 DA035426
S 02300 10 02320 0021E004 00200004 00000019 0000001D 00000016 00000000 00000007 00000006 00200006 003E02D8 003E0864 003E1CF6 003E02D8 003E02D8 003E5200 E37A8BF7
S 02338 10 0235E 0000001A 0000000E 00000000 0000003E 00000041 00000001 00000008 00000015 003E02D8 003E02D8 000025C2 003E1CF6 000024C8 003E0F48 003E4FE8 3ED94DBA
S 0255C 10 0257A 00000000 00000001 00000000 00000000 00000015 00000009 00000011 00000019 000000A8 00000088 003E1CF6 003E4000 003E1BC6 003E0864 003E5200 E94A8A18
S 025F4 10 11BFA 00007C00 00000014 0000001C 00000009 0000001F 00000008 00000001 00000004 003E1CF6 003E02D8 00000058 00011EFE 003E02D8 003E02D8 003E5200 BCD86231
S 02698 10 026AA 003E0864 00000001 00000016 0000003E 00000004 00000000 0000001F 00000011 003E1CF6 003E0864 003E1968 003E4000 003E02D8 003E02D8 003E5200 3D709540
S 0272E 10 02740 003E0864 0000000B 00000002 0000003E 0000001A 0000001B 00000018 0000000C 003E4000 003E0864 003E02D8 003E0F48 003E1968 003E02D8 003E5200 02B60F82
S 027C2 10 135A2 00008421 00000004 00000014 0000000F 00000013 00000018 00000012 00000017 003C0002 003C07FC 003E4000 003E1BC6 003E1968 003E1BC6 003E5200 A67CD838
S 02988 10 02996 003E0807 00000010 00000004 0000000B 00000019 0000001D 00000018 00000009 003E0864 003E02D8 003E1CF6 003E1968 003E4000 003E0864 003E5200 90E818D5
S 02A5C 10 02A70 003E0864 0000001E 0002065A 00000012 00000008 00000015 00000010 00000012 003E0864 003E1CF6 003E0F48 003E1968 003E0864 003E4000 003E5200 5A514E62
S 02AAE 10 02ABE 003E0864 00000018 0000001A 0000000B 00000000 00000001 00000007 00000014 003E1968 003E0864 003E0864 003E02D8 003E1CF6 003E1BC6 003E5200 FC68B703
S 02B74 10 11BEE 00000000 00000005 0000001A 00000016 00000013 00000008 00000008 00000013 003E4000 003E0F48 0002064A 00011EFE 003E1968 003E1BC6 003E5200 64B45430
S 02B88 10 02B9C 003E0864 00000009 0000000B 00000000 00000010 0000001E 0000000C 00000007 003E4000 003E0864 00011EFE 003E1CF6 003E4000 003E0F48 003E5200 81E78EC6
S 02C5C 10 02FBE 000345EC 00000003 0000000E 00000015 00000012 00000004 00000013 00000013 003E02D8 003E1968 000345EC 003E0F48 003E02D8 003E02D8 003E5200 FDCFEA37
S 02C86 10 02C9A 003E0864 0000000E 00000012 0000001E 0000001A 00000014 00000012 00000013 003E0864 003E4000 00011EFE 003E1BC6 003E0F48 003E4000 003E5200 26772D1B
S 02D78 10 135A2 00008421 0000001B 00000003 0000001D 00000007 0000001A 0000001A 0000000F 003C0002 003C07FC 003E0864 003E0864 003E1968 003E1CF6 003E5200 FC430994
S 02E28 10 02E38 00000000 0000000F 00000000 00000002 0000000A 00000001 0000000E 0000001D 003E0864 003E4000 003E1CF6 003E0864 003E1968 003E0F48 003E5200 D5C2AF76
S 02EB8 10 02EC8 003E0864 00000000 0000000D 00000014 0000001C 00000015 0000000A 00000004 003E0864 003E1968 003E0F48 003E1BC6 003E0864 003E1BC6 003E5200 7ABB6548
S 02F18 10 11BF4 00003D00 00000017 00000000 00000002 0000000A 0000000A 00000004 0000000B 003E02D8 003E0F48 00000014 00011EF2 003E02D8 003E0864 003E5200 998C7093
S 02FB6 10 11BF2 0000003D 00000005 00000000 00000019 0000001F 00000004 00000003 00000018 003E0F48 003E1CF6 00000044 00011EF2 0000272E 003E1968 003E5200 C9912653
S 03194 10 0319E 00200004 0000001C 00000005 00000019 0000001F 00000008 00000003 00000015 003E1968 003E02D8 003E0864 003E0864 003E1968 003E1BC6 003E5200 C1D0E394
S 031BA 10 031CA 003E0864 00000019 0000003E 0000001C 00000005 0000001A 00000003 00000013 003E0864 003E0864 003E0F48 003E0F48 003E1CF6 003E1CF6 003E5200 AE688853
S 03242 10 11BF6 00000000 0000001F 00000012 00000001 0000001E 00000015 0000001F 0000000D 003E4000 003E1968 003E0F48 003E0864 003E0864 003E1CF6 003E5200 B7E05EA8
S 03354 10 135A2 00008421 0000000F 00000005 00000006 0000001B 00000006 00000019 0000000C 003C0002 003C07FC 003E02D8 003E0864 003E0F48 003E1BC6 003E5200 43C2986A
S 033F4 10 03404 003E0864 00000000 00000015 00000012 00000010 0000001A 00000008 0000000E 003E1968 003E0864 003E0864 003E1968 003E4000 003E1CF6 003E5200 751E3A21
S 034B2 10 034C2 003E0864 00000006 00000000 00000013 00000015 0000001F 00000010 00000006 003E0864 003E02D8 003E0864 003E1BC6 003E1CF6 003E02D8 003E5200 F1BEA601
S 0357A 10 0359E 00004034 000000A6 0000C00C 00000009 0000001F 0000FFFF 00000017 00000017 003E0864 003E1CF6 003E4256 003E1968 003E1CF6 003E1CF6 003E4FE8 89D28D89
S 035EE 10 0360E 00004141 000000A8 003E4223 00000030 0000001B 00000002 0000001A 00000016 003E1CF6 003E0864 003E0F48 003E1968 003E1CF6 003E0F48 003E5200 A77FCD7B
S 0362A 10 0364A 000041C0 0000009D 003E402B 0000005A 0000001B 0000000C 0000000D 0000000B 003E0864 003E02D8 003E02D8 003E1BC6 003E0864 003E1CF6 003E5200 FA7BAA39
S 03666 10 03686 00004189 000000C2 003E41B5 00000016 00000017 00000009 0000000B 00000004 003E4000 003E1BC6 003E1CF6 003E0F48 003E1CF6 003E1BC6 003E5200 C42E6FC1
S 036A2 10 036C6 00000077 00000003 003E435A 00000077 00000040 000042E5 00000018 00000003 003E02D8 003E0F48 00000019 003E1CF6 003E1968 003E1BC6 003E4FE8 CAFD9577
S 03726 10 135A2 00008421 00000000 00000005 0000000B 0000000E 00000003 00000006 00000000 003C0002 003C07FC 003E0F48 003E0F48 003E1968 003E1CF6 003E5200 12758476
S 03728 10 04510 00000009 0001F420 0001F420 00000001 0000000C 00000009 0000000A 00000008 003E1BC6 003E1CF6 0000450C 003E1968 003E02D8 003E0864 003E5200 9BD0AA83
S 037D2 10 1208C 0000001D 00000019 00000000 00000013 00000100 00000011 00000007 00000015 000BB38C 00200004 003E1BC6 003E1CF6 003E1968 003E02D8 003E5200 85A2C42C
S 037E8 10 00E5E 00000000 0000000F 00000011 00000016 00000000 00000004 0000001C 0000000E 003E1BC6 003E0F48 003E1BC6 003E1968 003E1BC6 003E4000 003E4FD0 EB4C006F
S 03802 10 03838 0000001A 00000018 00000017 00000017 00000013 00000008 0000001E 0000000B 00047FB2 003E4000 003E0DE8 003E0F48 003E1CF6 003E1CF6 003E5200 6D696F93
X 038B0 8
S 03A08 10 03B4C 00000020 0000001F 00000001 00000019 00000023 0000000D 00000013 0000000E 003E0F48 003E0F48 003E02D8 003E4000 003E0884 003E1CF6 003E5200 7ED4F42C
S 03A4A 10 03B50 00000020 0000001D 0000000B 00000012 00000008 00000000 0000000D 00000002 003E02D8 003E02D8 003E0F48 003E02D8 003E1988 003E02D8 003E5200 DB45FB6F
S 03BA4 10 135A2 00008421 00000019 00000018 00000004 00000015 00000001 0000000B 0000000D 003C0002 003C07FC 003E4000 003E1BC6 003E1968 003E1CF6 003E5200 6BA9B424
S 03C00 10 03E02 00000003 00000000 00000000 00000000 00000011 00000010 00000010 00000018 003E1BE7 003E1BC7 003E0F48 003E1BC6 003E02D8 003E1CF6 003E5200 4F97BC7F
S 03CEE 10 03CFE 003E0864 0000000C 00000007 0000001C 0000000D 00000002 00000010 0000001C 003E1BC6 003E0864 003E0864 003E4000 003E1BC6 003E1968 003E5200 8AAF134E
S 03DA0 10 03DDE 00000000 000000BE 0000000E 00000000 00000017 00000014 0000001F 00000012 003E1CF6 000000FD 003E02D8 003E0F48 003E1968 003E4000 003E5200 F664A777
S 03DE8 10 03E06 000000C3 000000ED 00000001 00000000 00000005 00000015 00000005 0000000E 000000D1 000000B1 003E02D8 003E4000 003E1BC6 003E02D8 003E5200 C4827365
S 03E26 10 03E32 0000000D 0000000F 00000001 0000000C 00000012 00000007 00000002 00000004 003E0E0E 003E1CF6 003E1CF6 003E0864 003E0F48 003E02D8 003E5200 1B5B4885
S 03E3E 10 03E60 00000000 00000008 00000009 00000008 00000001 00000005 00000014 00000007 003E0DFB 003E4FF5 003E0DF6 003E1968 003E02D8 003E02D8 003E5200 23A9E405
S 03E84 10 11BEE 00000000 00000001 0000001D 00000006 0000001D 00000002 00000000 00000014 00018600 003E1BC6 000000EC 00011EFE 4EB90001 003E4000 003E5200 F09DC990
S 03F10 10 135A2 00008421 00000012 00000019 00000009 00000010 0000001F 00000018 00000011 003C0002 003C07FC 003E1BC6 003E02D8 003E1BC6 003E0F48 003E5200 84648FBA
X 03F1A 1
S 03F22 10 03F40 00000001 00000058 00000001 00000000 00000011 0000000B 00000003 00000004 00001BC6 003E1BC6 003E0DF6 003E0864 003E1BC6 003E4000 003E5200 189B95E0
S 03F94 10 19C2E 00000015 00000008 00000003 00000008 00000014 00000009 00000012 0000001B 000000B5 003E4FE8 000000AF 003E02D8 003E4000 003E4000 003E4FE8 59F898F7
S 0404A 10 04062 000000D8 00844800 000000D8 00000017 0000000D 00000003 00000019 00000005 003E1CF6 003E02D8 003E1968 003E1CF6 003E4000 003E02D8 003E5200 7A7F7718
S 0408E 10 04098 00200004 0000000B 00000012 0000000B 00000012 00000015 00000018 0000001D 003E0F48 003E0864 003E1BC6 003E1968 003E0F48 003E1CF6 003E5200 675EDA0F
S 040D2 10 040F0 FFFFFFF8 FFFFFFF8 0000003E 00000016 0000000E 00000000 00000006 00000008 003E1CF6 003E1968 003E02D8 003E4000 003E0864 003E1BC6 003E4FE8 CFD4AB95
S 041BE 10 041DC 000080A0 00004050 000080A0 0000007F 00000074 00000008 00000012 00000013 003E02D8 003E02D8 003E1CF6 003E1968 003E0F48 003E0864 003E4FE8 CAA7FF74
S 0427E 10 135A2 00008421 00000015 0000001F 00000000 00000007 00000010 00000007 0000000B 003C0002 003C07FC 003E0F48 003E1BC6 003E1968 003E0864 003E5200 6BEE9C21
S 04332 10 0433C 00200004 0000001A 0000000A 0000000E 00000006 0000000F 0000001C 0000000E 003E0864 003E0864 003E1968 003E1968 003E02D8 003E1968 003E5200 3BCF384D
S 0435A 10 043BE 00009F36 00009F36 00000011 0000001C 0000000C 00000016 00000017 00000015 00034FAA 003E02D8 003E1CF6 003E02D8 003E0F48 003E0F48 003E5200 4F44398E
S 043C2 10 043E8 00000000 00000004 0000002A 000000CF 00000EB0 00200004 00000000 00000002 003E1BC6 003E02D8 003E4125 003E02D8 003E4000 003E02D8 003E4FE8 4C1E4D7B
S 0441C 10 0443C 00000014 00000001 00000016 00000012 00000017 00000003 00000001 00000005 003E4FE8 0000008C 0000004E 003E0864 003E02D8 003E0864 003E4FE8 8CEBD37D
S 044A2 10 044C2 00000082 0000000B 00000082 00000018 00000013 0000000F 0000000C 00000007 003E1968 003E4000 003E0864 003E1968 003E02D8 003E4000 003E4FE8 78C3B88E
S 0450C 10 0C7CC 003E426D 00000009 00000000 0000006D 00000009 0000000E 00000018 0000001F 003E1968 003E4000 003E0F48 003E02D8 003E4000 003E1BC6 003E5200 B7890043
S 0452E 10 0C7CC 003E4367 000000B4 00000001 00000067 000000B4 0000001A 0000001E 00000019 003E0864 003E1968 003E4000 003E1CF6 003E02D8 003E4000 003E5200 B0D647AD
S 04552 10 135A2 00008421 0000000B 00000019 0000000F 0000000A 00000005 00000012 00000002 003C0002 003C07FC 003E0F48 003E02D8 003E4000 003E1CF6 003E5200 E0F33B28
S 045CA 10 0C7C0 00000001 0001ECA0 0000001A 00000013 00000006 00000004 00000011 00000006 003E02D8 003E02D8 003E0864 003E0F48 003E0864 003E1968 003E5200 EF01F0B8
S 045FA 10 0451A 00000002 0001EE20 0000001A 00000000 00000010 0000000E 00000013 0000001D 003E02D8 003E02D8 0000450C 003E0864 003E0F48 003E0864 003E5200 D292145A
S 0463C 10 0451A 00000009 0001ED20 0000000A 0000000A 0000000C 00000010 0000000D 00000006 003E02D8 003E4000 0000450C 003E4000 003E0F48 003E1BC6 003E5200 CC7C0FA9
S 0469E 10 0C7C0 00000008 0001F140 00000014 0000000B 0000001A 00000019 0000000C 0000000E 003E02D8 003E1BC6 003E1968 003E02D8 003E0864 003E0F48 003E5200 63B29236
S 046B0 10 0C7C0 00000001 0001EE80 0000000B 0000000D 00000004 0000001F 00000019 0000000B 003E1BC6 003E1968 003E4000 003E4000 003E1CF6 003E02D8 003E5200 3C8B0703
S 046C2 10 0C842 00000017 0000000B 0000000C 00000000 00000001 00000003 0000000F 0000001A 003E1968 003E4000 003E02D8 003E4000 003E1968 003E1CF6 003E5200 B4C61140
S 046E0 10 0451A 00000008 0001F040 0000001B 00000015 0000000B 00000018 00000002 0000001F 003E0864 003E1BC6 0000450C 003E1968 003E1968 003E1CF6 003E5200 ADD9747A
S 0472A 10 135A2 00008421 0000000C 00000000 0000001B 00000004 0000000A 0000001E 00000007 003C0002 003C07FC 003E0F48 003E4000 003E0F48 003E0F48 003E5200 D5726CF6
S 04760 10 04784 000001FE 00000010 000000CE 00000008 00000016 0000000D 0000000E 00000018 0001F340 003E1968 003E0F48 003E1BC6 003E0F48 003E1BC6 003E5200 F268B8DC
S 047C6 10 04514 00000000 0000FDC2 00000006 0000FDC2 00000000 00000000 0000001C 00000011 003E4000 003E02D8 003E1CF6 003E1BC6 003E1BC6 003E02D8 003E5200 E70D8A03
S 0482E 10 0485A 00008000 00000000 00000000 00000007 00000015 0000001E 00000009 0000001F 003E1CA6 0000FE07 003E1CA7 0000FE03 003E1968 003E1BC6 003E5200 2601CD3D
S 04880 10 048C6 00000005 0000001F 00000002 00000008 00000017 00000002 00000014 00000012 003E4000 003E02D8 0000450C 0000452E 003E02D8 003E0864 003E5200 1A9155AC
S 048AE 10 048E0 00000000 0000001E 00000000 0001F240 00000013 00000012 00000003 00000007 003E1968 003E1968 0000450C 0000452E 003E02D8 003E0F48 003E5200 AEAB0A24
S 04A6A 10 04A8A 00008000 00000019 00000004 0000000D 00000003 0000FE18 00000005 00000000 003E02D8 003E1CF6 003E1968 003E02D8 003E1BC6 003E1CF6 003E5200 F2C723B5
S 04AB8 10 0C7C0 0000000D 0001EDA0 00000000 00000015 00000018 00000014 00000007 00000013 003E1968 003E1CF6 003E1BC6 003E02D8 003E0864 003E1BC6 003E5200 DAC6FCB2
S 04B0A 10 135A2 00008421 0000000F 0000000A 00000004 00000004 00000001 0000001F 0000000E 003C0002 003C07FC 003E0F48 003E1CF6 003E1968 003E02D8 003E5200 0F7AC98A
S 04BFA 10 0C724 0000000E 0000000C 00000018 00000016 00000010 00000019 00000012 00000005 003E1CF6 003E0F48 0000C724 003E1BC6 003E0F48 003E02D8 003E5200 832EA420
S 04C80 10 04CA2 00000003 00000003 00000019 0000001F 0000001B 0000000C 00000002 0000001D 003E1968 003E1CF6 0000C832 003E1968 003E0F48 003E1BC6 003E5200 06A3E626
S 04D44 10 0C690 0000000F 00000001 00000000 00000004 00000010 00000000 00000006 00000019 003E1968 003E1968 003E1CF6 003E0F48 003E1CF6 003E4000 003E5200 8690D257
S 04D6C 10 0C5CE 00000009 00000006 00000004 00000009 0000000D 0000001B 0000001E 0000000C 003E1CF6 003E1968 003E1BC6 003E0F48 003E02D8 003E0864 003E5200 9405BA6D
S 04D90 10 04DAC 00020F62 000000F4 0000000A 00000012 00000003 00000019 0000000D 00000018 00020F62 003E0F48 003E0864 003E1BC6 003E1BC6 003E0864 003E5200 BE260933
S 04DD2 10 04DF2 00008000 0000000D 00000001 00000003 00000004 0000007E 00000000 00000016 003E0F48 003E4000 0000FE0A 003E1968 003E02D8 003E0F48 003E5200 54D6BC0A
S 04E20 10 04E42 00000020 00000000 00000002 00000008 00000015 00000006 0000000B 0000000A 003E1CF6 003E1968 0001EE20 003E1968 003E0864 003E4000 003E5200 A6D1770B
S 04E82 10 135A2 00008421 00000002 00000002 00000012 0000000A 0000000C 0000001C 00000001 003C0002 003C07FC 003E1CF6 003E1BC6 003E1968 003E4000 003E5200 3E9E2BF3
X 04F8C 8
S 04F9E 10 0C96A 00000001 00000016 00000000 0000000F 00000000 00000003 00000015 00000003 003E1968 003E4000 0000C95E 003E1CF6 003E1968 003E02D8 003E5200 9B007665
S 04FEA 10 0453E 00000005 0000FDE2 00000015 00000019 00000018 00000011 00000013 00000000 003E4000 003E1CF6 0000FDE2 003E02D8 003E1CF6 003E1968 003E5200 EDCAA7E9
S 05000 10 0C7C8 0000004C 003E6000 00000000 0000004C 00000010 0000001F 00000005 0000000B 003E4000 003E1968 003E0F48 003E0864 003E0F48 003E1CF6 003E5200 66DC5EFE
S 05020 10 0451A 00000000 0000FDC2 00000009 0000001F 00000003 00000000 00000013 0000001C 003E02D8 003E4000 0000FDC2 003E1BC6 003E02D8 003E0F48 003E5200 7408BD2C
S 05056 10 05074 00000000 000000E0 0000000F 19040000 00000005 00000016 0000001D 0000000B 0000FE3E 19040000 003E1BC6 003E0864 003E0864 003E1CF6 003E5200 AEE57B81
S 050C6 10 050FE 000003BC 00000009 000000EF 00000005 00000004 0000001C 00000017 00000017 0000FE3E 003E02D8 11DE0000 003E1BC6 003E1BC6 003E02D8 003E5200 C520E727
S 0512A 10 135A2 00008421 0000001F 00000006 00000010 00000004 00000008 00000007 00000009 003C0002 003C07FC 003E0864 003E0F48 003E0864 003E02D8 003E5200 CD009B0B
S 05168 10 05184 00000000 0000000E 00000006 00000003 0000000B 00000000 00000011 00000004 003E1AE2 003E02D8 00000000 003E1BC6 003E1CF6 003E0F48 003E5200 CB64890F
S 05192 10 0F2FA 0000001A 0000001E 00000019 0000000F 00000015 00000012 00000006 0000000A 003E1AE2 0000F2FA 003E1960 00000000 003E1968 003E1CF6 003E5200 D299FF6C
S 0522E 10 0524C 000002F4 00000001 000002F4 0000000C 00000000 00000004 00000004 00000012 003E1AE2 003E1CF6 00000000 003E1960 003E0F48 003E0864 003E5200 5E965BB2
S 05280 10 0F2FA 0000000B 00000001 0000001D 0000001B 00000006 00000005 0000000B 00000003 003E1AE2 003E1960 00000000 00000000 003E1BC6 003E0F48 003E5200 BB66DD5E
S 052E2 10 05300 0000030E 0000030E 00000008 00000005 00000013 00000018 0000000D 00000007 003E1AE2 003E0864 00000000 003E4000 003E02D8 003E0864 003E4FE8 59058762
X 05346 8
S 053A6 10 05060 00000000 00000000 00000006 FFFFFFF0 000000DC 00000017 00000018 00000019 003E1BC6 003E0F48 003E02D8 003E0EC2 003E1CF6 003E1BC6 003E5200 55ABAE47
S 053F8 10 135A2 00008421 0000001B 00000001 00000010 0000000F 00000001 00000001 00000013 003C0002 003C07FC 003E1968 003E02D8 003E02D8 003E02D8 003E5200 310EE6B1
X 0545A 6
X 05474 3
S 05488 10 050F6 00000000 0000000B 00000000 00000018 00000000 00000010 0000001B 0000000E 0000FE3E 003E4000 003E4000 003E0864 003E0F48 003E02D8 003E5200 A029A080
S 054A8 10 0221A 000000AE 0000004D 00000000 00000019 00000008 00000016 00000014 0000000D 003E02D8 003E1CF6 003E1BC6 003E0864 003E0F48 003E1968 003E5200 E5481481
X 0551C 10
S 05622 10 05644 00000000 00000014 00000020 00000040 00000001 0000006B 0000003E 00000018 003E4000 003E0F48 003E1968 003E1968 003E0864 003E0864 003E4FE8 69C4F42C
S 056F4 10 05714 00000000 0000001A 0000000A 00000008 0000001B 0000000E 00000019 00000010 003E0864 003E1CF6 003E0864 003E0F48 003E0864 003E0864 003E4FE8 9BFFA32C
S 05818 10 135A2 00008421 00000002 00000016 00000014 00000016 0000001E 0000001B 00000006 003C0002 003C07FC 003E1968 003E1CF6 003E0F48 003E1CF6 003E5200 306E43A4
S 05892 10 058B2 00801CAF 000000AF 000000B0 00000200 0000000E 00000016 0000000C 00000005 00201968 003E0F48 003E0F48 003E1968 003E4000 003E02D8 003E5200 BC57DC72
S 058E6 10 18658 00000001 0000000D 0000000F 0000000C 0000000F 0000001A 00000009 00000004 003E1BC6 003E1BC6 0000000F 003E02D8 003E02D8 003E1CF6 003E5200 5972F172
S 05908 10 18658 00000018 00000005 000000F1 0000000B 00000006 0000001E 00000011 00000012 003E1968 003E4000 000000F1 003E1968 003E0F48 003E0864 003E5200 99167B98
S 0592A 10 0EF00 00000005 0000000D 00000016 0000001E 00000013 00000000 00000003 00000011 0000009C 00011ACA 003E0864 003E0864 003E1BC6 003E02D8 003E5200 F1C43FE1
S 05948 10 0596C 00000000 0000001C 00000017 00000003 00000001 0000001D 00000015 00000001 003E1968 003E1BC6 00000074 003E1BC6 003E0F48 003E1CF6 003E5200 C6A1CC31
S 059EE 10 05A48 00000002 00000004 00000093 0000000E 0000000A 00000005 00000010 00000015 003E1BC6 00000F48 003E1CF6 003E1BC6 003E02D8 003E0F48 003E5200 C69E9DCC
S 05AB0 10 11E58 00000073 00000018 000000E6 00000039 00000013 00000011 00000009 00000013 003E1CF6 003E4000 003E1CF6 00000030 003E429E 003E0F48 003E5200 AED50790
S 05AFC 10 135A2 00008421 00000011 00000010 0000001C 00000001 0000000F 00000017 0000000C 003C0002 003C07FC 003E1BC6 003E1CF6 003E1CF6 003E0F48 003E5200 4F25D8EF
X 05B16 8
S 05B40 10 05B64 0000000B 0000000C 00000075 0000424B 00000006 00000010 0000001D 00000004 003E1968 003E02D8 00000098 003E02D8 003E1CF6 003E1CF6 003E5200 7AA7CAA4
S 05C60 10 0065C 00000004 00000012 0000000C 00000007 00000008 00000005 00000008 00000001 003E1CF6 003E02D8 00000085 003E02D8 003E0864 003E02D8 003E5200 6998C050
S 05C80 10 05C9E 00000007 00000006 00000010 00000045 00000000 0000001A 00000017 00000001 003E1968 003E0864 003E02D8 003E1968 003E02D8 003E02D8 003E5200 97C38E68
X 05CB0 7
S 05CCE 10 05CF4 00000000 0000001F 00000056 00000008 00000011 00000007 00000007 0000000C 003E1BC6 003E4000 003E1968 003E1968 003E02D8 003E1968 003E5200 000B2984
X 05D8C 4
S 05DEA 10 135A2 00008421 00000015 00000009 00000007 00000018 00000010 0000001D 00000014 003C0002 003C07FC 003E4000 003E1CF6 003E1968 003E0F48 003E5200 48265182
X 05DEC 1
X 05DFE 0
X 05E00 0
X 05E02 1
X 05E08 0
S 05E0A 10 05E2A 00000080 00000016 00000003 00000011 0000001E 0000001E 00000017 00000017 003E1F9C 00000077 003E209C 003E1968 003E0F48 003E02D8 003E5200 DECF78F1
S 05E38 10 05E5E FFFE0FC1 FFC1F800 0000000E 0000001E 0000000C 00000016 00000006 0000001F 003E1AE2 003E02D8 003E1960 003E02D8 003E1968 003E1968 003E4FE8 617829E8
S 05EA2 10 135A2 00008421 0000000D 00000018 0000001E 00000004 00000012 00000003 00000001 003C0002 003C07FC 003E4000 003E4000 003E0F48 003E02D8 003E5200 2414432C
S 05FA6 10 05FCE 00000004 00000000 00000000 0000001C 00000040 00000019 00000040 0000001F 0001000A 003E4000 0071003E 003E1968 003E4000 003E0864 003E4FE8 D499A5C1
S 060BE 10 0C222 0000001F 00000017 00000011 00000007 00000017 0000000E 0000001D 0000000D 003E4FEC 003E4FE2 003E4FEA 003E1C44 003E1CF6 003E0F48 003E4FE2 3FE28803
S 06166 10 0617E 00000020 0000003D 0000000F 0000001C 0000000F 0000001B 00000015 00000014 0000001C 003E1CF6 003E0864 003E02D8 003E0F48 003E1BC6 003E5200 B71E0919
S 061C2 10 06BDA 00000015 00000019 00000004 00000017 0000000C 00000001 0000001D 0000001E 003E1CF6 003E0864 003E1CF6 00000000 003E02D8 003E1CF6 003E5200 F6209424
S 062A6 10 062CE 00000000 00000000 00000000 0000000E 00000012 00000040 00000040 00000009 0001000A 003E0F48 0053003E 003E1BC6 003E1BC6 003E1CF6 003E4FE8 2C78D907
S 063CA 10 0C222 0000001F 00000004 0000001A 00000012 0000001B 0000001E 00000014 0000001D 003E4FEC 003E4FE2 003E4FEA 003E1C44 003E0864 003E0864 003E4FE2 498811A8
S 06460 10 11BE0 00000000 00000018 00000011 0000001B 00000009 00000011 00000006 0000001C 003E1CF6 003E4000 00011EFE 003E1BC6 003E1BC6 003E1CF6 003E5200 9968A4EA
S 065AA 10 135A2 00008421 00000001 00000010 00000001 00000006 00000015 00000004 0000001E 003C0002 003C07FC 003E0864 003E1BC6 003E0864 003E02D8 003E5200 DACB9265
X 0661A 10
X 0663C 3
S 06648 10 0666C 000042C1 0000000F 00000013 00000009 00000000 00200004 00000007 00000002 00000076 003E0864 003E0F48 003E02D8 003E0F48 003E1BC6 003E4FE8 139FA856
S 066C8 10 0669E 00000012 00000002 0000000F 0000001A 00000012 0000101C 0000001D 0000000D 003E4000 003E1BC7 003E1CF6 003E1968 003E4000 003E0F48 003E5200 15CDDAB4
S 066CC 10 0669C 00000012 00000001 00000008 00000011 00000012 0000100F 00000007 0000001C 003E4000 003E0865 003E4000 003E4000 003E02D8 003E0864 003E5200 A3E38FBF
S 066CE 10 0669E 00000005 00000010 0000000B 0000001A 00000005 0000100C 00000010 00000012 003E4000 003E02D9 003E1968 003E1968 003E1BC6 003E0864 003E5200 6280BF08
S 066D2 10 066D4 00000014 0000000C 00000004 0000000C 00000014 00001010 0000000A 00000017 003E1BC6 003E4002 003E0F48 003E0F48 003E4000 003E1BC6 003E5200 D5E299D4
S 066D4 10 135A2 00008421 00000011 0000001E 00000011 00000002 00000001 0000000E 00000017 003C0002 003C07FC 003E1968 003E0864 003E1BC6 003E0864 003E5200 E6C7A913
S 0670E 10 0EE9E 0000001E 0000672E 003E1968 00000019 00000018 00000005 00000003 00000004 003E1968 00011AE8 003E0864 003E0F48 003E1CF6 003E02D8 003E5200 F8181C72
S 0672E 10 0F00E 00000005 00005EA2 00000008 0000000E 0000000D 0000001D 00000019 00000001 003E1BC6 00011AE2 003E0F48 003E02D8 003E1968 003E4000 003E4FE8 02990B6B
S 067F6 10 06820 00000000 00000011 00000009 00000008 003E0864 0000001D 00000001 00000016 00011BC6 003E1CF6 003E02D8 003E1BC6 000000D9 003E0864 003E4FE8 A2967846
S 06988 10 06996 003E0864 00000007 00000008 00000011 00000003 00000018 0000000B 0000000F 003E0864 003E4000 003E0F48 003E1968 003E1CF6 003E0864 003E5200 638F9EAE
S 069AE 10 069C2 00000000 0000001A FFFFFFFF 0000001A 00000058 0000001C 0000001D 00000004 003E1BC6 003E1CF6 003E0F62 003E0F48 003E0F48 003E0F48 003E5200 D6BD2B53
S 069E2 10 18652 0000000B 0000001C 0000418C 00000012 0000000E 00000013 00000008 00000018 0000008D 003E4FE0 00000045 003E02D8 003E0864 003E0F48 003E4FE8 C2C2E2C5
S 06B10 10 069F6 00000018 00000001 00000000 00000013 0000000B 0000001E 00000016 00000005 00000089 003E4FCE 00000043 003E1CF6 003E1CF6 003E02D8 003E4FD8 F0886DA3
S 06BC0 10 135A2 00008421 0000000B 00000013 0000000E 00000002 00000016 0000001B 00000012 003C0002 003C07FC 003E0864 003E4000 003E1BC6 003E1968 003E5200 D0E3D4B4
X 06C20 7
S 06CAE 10 06EDE 00000002 0000001D 003E1C84 003E1952 0000000A 0000001A 0000000B 00000014 003E1952 003E1968 000000AE 00019614 003E0864 003E02D8 003E4FE8 51725C70
S 06EF8 10 06F16 00000000 00000000 00000008 0000000B 00000011 0000001F 00000003 0000001E 0000005F 0000007F 003E1CF6 003E02D8 003E1968 003E1BC6 003E5200 02412CE0
S 06F80 10 0EE94 00000017 00000014 00000018 0000000F 00000002 0000000E 00000000 0000001D 003E1AE2 003E1AE2 003E1960 003E1968 003E02D8 003E1968 003E5200 17C2F793
S 06FB4 10 06FD6 0000001A 00000003 00000003 00000018 00000017 00000009 0000000C 00000016 003E4000 003E0F48 000000C6 00018DEA 003E1BC6 003E02D8 003E5200 B2509ABA
S 07004 10 07030 00000059 00000008 00000007 00000015 00000018 0000000B 00000007 0000001D 003E02D8 003E1968 003E0F48 003E1968 00009150 003E0864 003E4FE8 6637B12F
S 071DC 10 3E0304 00000030 00000000 0000001A 00000008 00000000 00000019 00000010 00000012 003E1966 003E1BC6 003E1968 003E0864 003E02D8 003E1BC6 003E5200 83A2E075
S 073DC 10 135A2 00008421 00000001 00000012 0000001C 0000001B 0000001C 00000014 00000003 003C0002 003C07FC 003E1CF6 003E1BC6 003E0864 003E0864 003E5200 75254D37
S 0744E 10 07466 0000003E 0000000D 0000001F 0000000D 00000006 0000001B 00000000 00000009 003E4FF4 86580001 003E1968 003E4000 003E0F48 003E0864 003E5200 74F85664
S 0747A 10 0748A 003E18D0 00000009 0000001C 00000015 00000016 00000007 00000003 00000007 003E18D0 003E1968 00000026 003E1CF6 003E1968 003E1BC6 003E5200 82EE02D2
S 074FA 10 07672 00000000 00000000 00000000 0000001E 00000010 00000015 00000015 0000001B 0063003E 003E4000 0000767C 003E1BC6 003E1968 003E1968 003E5200 EFE4D676
S 07578 10 03242 00000000 00000003 00000015 00000018 00000009 00000008 00000009 0000000C 41230000 003E0F48 003E1CF6 003E1BC6 003E4000 003E0864 003E5200 492A93B4
S 076EE 10 07718 00000007 00000003 00000005 00000002 00000018 00000006 00000003 00000003 003E1AE2 00000000 003E1960 003E1CF6 003E1BC6 003E0F48 003E5200 DB7DF52E
S 0778A 10 077AE 00000000 00000003 00000000 0000001D 0000001E 00000007 00000000 00000010 0001000A 0000007D 003E1CF6 003E1BC6 003E0F48 003E4000 003E5200 B0085C22
S 077C8 10 0EFBA 00000005 00000011 00000003 00000000 00000004 0000001A 00000012 00000011 003E4000 003E4000 00000018 003E1BC6 003E0864 003E1968 003E4FE8 509EC6B1
S 07800 10 135A2 00008421 0000000B 00000006 0000000A 0000000D 00000003 00000002 00000015 003C0002 003C07FC 003E1CF6 003E02D8 003E1BC6 003E1CF6 003E5200 AEE89440
S 07870 10 07934 00000010 00000007 0000006A 00000006 0000000E 00000000 00004282 00000011 003E1CF6 003E02D8 00007954 003E0864 003E0F46 003E0864 003E4FE8 2DDFD506
S 079B6 10 07A38 0000005A 00000016 00000000 00000006 0000001A 00000004 0000000F 0000000B 003E02D8 003E1CF6 003E1870 003E0F48 003E02D8 003E1CF6 003E5200 2328368F
S 079CE 10 07A2C 000042C8 00000009 000042C8 0000000D 00000015 00000016 00000019 0000000F 003E0F48 003E4000 003E02D8 003E4000 003E4000 003E4000 003E5200 14C35995
S 07A02 10 0EF76 00000005 00007A24 0000001D 00000008 00000002 00000001 00000017 0000000D 003E1CF6 00011B00 003E1968 003E0864 003E1CF6 003E0864 003E5200 A9B72F94
S 07A12 10 0EEAC 00000005 00007A24 00000000 0000000B 00000008 00000019 0000000E 00000004 003E1CF6 00011B00 003E1CF6 003E0864 003E1CF6 003E0864 003E5200 1C1729F5
S 07A24 10 07A40 0000000C 0000000A 000000C7 0000001E 00000002 0000001E 0000000F 00000001 003E02D8 003E4000 003E1870 003E0864 003E0F48 003E1968 003E5200 7EF96253
S 07A88 10 07AEA 00000000 00000010 000000A3 00000017 0000000A 00000018 0000001C 0000001D 003E4000 003E0F48 003E1CF6 003E1CF6 003E02D8 003E0864 003E4FE8 6E09304C
S 07B14 10 135A2 00008421 0000001B 0000001D 0000001D 0000000E 0000001C 0000000A 0000000E 003C0002 003C07FC 003E0864 003E4000 003E02D8 003E1BC6 003E5200 DB34C47C
S 07B3E 10 0DC20 00000010 00000000 00000000 00000006 003E1968 0001178A 00000007 00000005 003E1BC6 003E1BC6 003E1BC6 003E1BC6 003E0864 003E1CF6 003E4FE8 09F9DAB3
S 07C04 10 0EE98 003E4087 00000011 000000B4 00000007 00000011 00000006 00000001 00000000 003E02D8 003E4087 003E1CF6 003E02D8 003E1CF6 003E0F48 003E5200 161715F3
S 07C72 10 0EEAC 00000005 00000DDA 00000001 0000000C 0000000D 00000006 00000014 0000000D 003E1CF6 00011B30 003E0F48 003E0864 003E1968 003E1CF6 003E5200 67A446AC
S 07CB0 10 07CCC 00000010 00000010 0000430B 0000000D 00000014 00000014 00000013 0000000B 003E02D8 003E02D8 003E1CF6 003E0F48 003E0864 003E1BC6 003E5200 31B81A1C
S 07CF0 10 0DC14 000041AE 00000001 0000004E 0000000B 00000000 0000000B 00000013 00000013 003E02D8 003E1968 003E1CF6 003E02D8 003E4000 003E1968 003E5200 7F9A6167
S 07D50 10 07D6C 00000118 0000000C 00000008 0000000F 00000014 00000018 0000001E 0000001B 00024000 003E1CF6 003E0864 003E1CF6 003E1BC6 003E1BC6 003E5200 B0C7F767
S 07D80 10 07DA0 00008000 00000008 00000002 00000001 00000007 0000000C 00000000 0000000A 003E4000 003E0F48 000215A6 003E1968 003E1BC6 003E4000 003E5200 3E869158
S 07DCE 10 135A2 00008421 0000000F 00000001 0000000D 00000007 0000000E 0000001C 0000001F 003C0002 003C07FC 003E1BC6 003E0864 003E1968 003E1CF6 003E5200 E7E40936
X 07E7A 10
S 07EA4 10 07ECA 000003D3 00000014 86580001 86580001 00000003 00000006 00000015 00000007 003E1BC6 003E0864 0000008A 003E4000 003E1BC6 003E02D8 003E5200 B69D379A
X 07F5A 8
S 08008 10 0803A 00000013 00000006 000000FE 0000001C 0000000B 00011BBA 0000EE90 00000015 0000FE02 003E1CF6 0000FE03 000214FA 003E1968 003E0F48 003E4FE8 D47683A0
S 08200 10 08222 0000010C 0000000B 00000008 00000013 00000012 00000010 0000001F 0000000F 003E4FE6 00010159 0000008F 003E0F48 003E0864 003E0864 003E4FE8 636A4608
S 08326 10 11BD8 00000000 00000013 00000016 00000012 0000000B 00000000 0000000A 0000001E 0000011A 003E4FE8 000000E8 003E1CF6 003E1BC6 003E0F48 003E4FE8 D2E45AF0
S 0848E 10 084B2 00008000 00000011 00000003 00011B36 00000000 00000009 00000005 00000006 003E4000 003E0864 003E1968 003E0864 003E1968 003E4000 003E5200 9B7FEB42
S 084DA 10 135A2 00008421 0000000E 00000006 0000001D 00000016 0000000B 00000012 0000001A 003C0002 003C07FC 003E1CF6 003E0F48 003E1968 003E0864 003E5200 46840D14
S 08536 10 0051A 00000006 00000015 00000011 00000009 00000015 00000007 00000001 00000007 003E1CF6 003E1968 003E1CF6 003E1968 003E1CF6 003E1968 003E5200 D604FACD
S 08576 10 0363A 00000000 0000002A 00200004 000333F6 00000011 00000019 0000001C 00000007 003E1BC6 003E1CF6 003E1968 003E4000 003E1CF6 003E1CF6 003E5200 9B294BB4
S 08598 10 085BA 00000000 00000011 00000000 00000001 00000006 0000001A 00000012 00000017 00010062 003E0F48 003E1968 003E0864 003E1968 003E0F48 003E5200 BD4ABC27
X 08606 8
X 0865E 8
S 086AE 10 086CE 00000010 00000006 0000001D 00000013 0000000C 00000011 00000011 00000016 00000000 003E1AE2 003E1960 003E1968 003E0F48 003E1BC6 003E4FE8 7D56CEC8
S 0875E 10 08780 0009003E 00000000 003E1960 00000011 0000001C 0000001F 00000018 00000007 003E1960 003E1AE2 0009003F 003E1CF6 003E0F48 003E0F48 003E4FE8 2F14C62F
S 08878 10 135A2 00008421 00000001 00000013 00000002 0000000E 0000001C 00000015 00000005 003C0002 003C07FC 003E1968 003E0864 003E02D8 003E0864 003E5200 B45D285B
S 08A70 10 088C4 00000001 0000001A 00000001 00008A24 00000004 0000001B 00000017 00000018 003E0864 003E1CF6 002E003E 003E0F48 00000000 003E02D8 003E4FDA D57FE47D
S 08A9C 10 08AC4 00000001 00000014 0000001F 00000000 00000003 0000001B 00000008 0000001D 003E4FE4 00000014 003E4FE4 0000FCDA 0000FCE2 003E1CF6 003E4FE8 E2EBC95F
S 08B0C 10 08B32 00000000 00000000 00000009 0000001F 00000001 00000013 00000019 00000004 003E1AE2 003E1B12 003E1CF6 001C0040 003E1BC6 003E4000 003E4FE8 C26A7199
X 08BB2 9
S 08C7A 10 19C2E 00000005 00000003 00000019 00000003 0000000B 00000004 00000004 00000000 000000D5 003E4FE8 0000008D 003E02D8 003E0F48 003E1BC6 003E4FE8 6F618EC6
X 08D0E 9
S 08F2E 10 08F70 00008000 0000000E 0000001C 00000008 00000009 0000001C 0000001E 00000004 003E1AE2 003E1CF6 003E1960 00000000 003E1BC6 003E1968 003E5200 3C37D047
S 08FC8 10 135A2 00008421 0000001F 0000000C 00000019 0000000B 00000009 00000017 00000000 003C0002 003C07FC 003E1CF6 003E1BC6 003E4000 003E02D8 003E5200 304F3449
S 0900A 10 0EEF2 00000000 00000005 0000000A 0000001D 0000000D 00000015 0000000C 00000002 000000D6 003E4000 003E4000 003E4000 003E0F48 003E1BC6 003E5200 B34AF37F
X 09034 6
X 09080 6
X 090BE 10
S 090E6 10 090C6 00000000 00000083 0000001A 00000017 00000006 00000014 00000016 00000016 003E1968 003E1BC6 003E0F48 003E1BC6 003E1CF6 003E1BC6 003E5200 250B02FD
S 090FE 10 090D2 00000006 000000D2 00000005 0000001F 00000016 0000000A 00000008 00000011 003E1922 003E1968 003E1CF6 003E02D8 003E02D8 003E1968 003E5200 F9D7D555
S 0910E 10 09138 00000057 000000DF 00000057 00000019 0000001A 0000001D 00000004 00000016 003E4000 003E0864 003E1946 003E0F48 003E1BC6 003E02D8 003E5200 40B95498
S 09150 10 135A2 00008421 0000000B 00000002 00000005 00000002 00000002 0000001D 00000002 003C0002 003C07FC 003E0864 003E4000 003E02D8 003E1CF6 003E5200 B6ACD1FD
S 09208 10 09722 000004EC 0000001F 00000002 00000017 00000007 00000006 0000001F 0000000D 003E4000 003E1968 003E0F48 003E0F48 003E1960 003E0864 003E4FE8 EA09B920
S 09266 10 0D462 00000014 00000015 00000003 0000001F 0000000E 0000001F 00000000 0000001B 003E0864 003E1968 003E194C 003E194A 003E1CF6 003E4000 003E5200 9853A580
S 09D80 10 0EF64 00000000 00003E84 00000002 00000013 0000000B 0000001D 00000009 0000000D 003E4000 00011B3C 003E1BC6 003E1CF6 003E02D8 003E4000 003E5200 41D8951A
S 0A000 10 0EEA6 00000000 00008F2E 00000000 00000003 00000013 00000004 0000001B 00000008 003E1CF6 00011B7E 003E02D8 003E1CF6 003E1CF6 003E1BC6 003E5200 8250FA23
X 0A7E4 0
S 0A7E6 10 005B4 0000009B 0000002A 0000009B 00000016 00000010 00000008 00000005 00000006 003E02D8 003E02D8 003E0F48 003E4000 003E0F48 003E4000 003E5200 6A097279
S 0A80C 10 0A822 00000007 00000005 0000000F 0000000D 003E1964 00000003 00000017 0000000C 003E1AE6 003E0864 003E02D8 003E1CF6 003E1CF6 003E02D8 003E5200 CEF0DB26
S 0A90E 10 135A2 00008421 0000001D 0000001B 0000001C 0000001C 00000009 0000000E 0000001A 003C0002 003C07FC 003E02D8 003E0864 003E02D8 003E1CF6 003E5200 A702D079
S 0A9BE 10 0EF64 00000000 0000AD5A 00000007 00000007 00000011 0000001D 00000011 00000018 003E1BC6 00011B48 0000EE90 003E02D8 003E1BC6 003E0864 003E5200 F7458467
S 0AA86 10 0EE9C 0000000C 00000004 00000000 00000000 00000004 0000001E 00000015 0000001F 003E02D8 00011B72 0000EE90 003E4000 003E1BC6 003E0864 003E5200 A225F0AC
S 0AB12 10 0EF76 00000005 0000B7FA 00000013 00000001 00000006 00000005 0000000D 00000005 003E1CF6 00011B60 003E1CF6 003E02D8 003E4000 003E1968 003E5200 A5C773A5
S 0AB58 10 0AB82 0000001A 0000000C 00000017 003E1C9A 00000001 00000008 00000004 00000011 003E1CF6 0001185C 003E1C9A 003E4000 003E02D8 003E0864 003E5200 1A371FF5
S 0AC4C 10 0AC76 00000010 00000000 0000000E 0000000C 00000000 0000000D 00000000 00000007 003E1968 003E1CF6 003E1CB2 003E1CAA 003E1968 003E1968 003E5200 1B84B64A
S 0AD5A 10 0AD7A 000000C0 00000017 000000ED 000000C0 0000002D 00000004 0000000F 0000000F 003E02D8 003E4000 003E0F48 003E0864 003E0864 003E1BC6 003E4FE8 687400C7
S 0AF72 10 0AFCC 00000019 0000000E 00000020 00000012 00000001 00000006 00000000 0000000B 003E1BC6 003E0864 003E1BD8 003E02D8 003E1BC6 003E0864 003E5200 C6F71E6A
S 0B032 10 135A2 00008421 00000001 00000000 00000008 00000000 0000001A 0000001E 0000000C 003C0002 003C07FC 003E0864 003E1CF6 003E1CF6 003E02D8 003E5200 5C164980
X 0B2E8 7
S 0B53A 10 18658 0000000E 00000011 85480001 00000015 00000002 00000002 0000001E 0000001F 00000062 003E0864 863E0001 003E0F48 003E1BC6 003E02D8 003E4FE8 F4FFF3AE
S 0B5B8 10 11BEA 003E0864 00000005 00000000 0000003E 00000003 00000011 00000016 0000000C 003E1BC6 003E4000 003E1968 003E0F48 003E1968 003E02D8 003E5200 898DDA0C
S 0B5E4 10 0B60E 0000001B 00000086 0000000D 003E1CB0 0000001A 00000004 00000002 00000006 00010864 003E0864 000000F0 003E1C84 4EF90001 003E1BC6 003E4FE8 4FF6E8DF
X 0B738 9
S 0B7FA 10 0B81A 00000000 00000012 00000014 00000007 00000017 0000000B 00000014 0000001B 000100A8 003E4FE2 0000006E 003E0864 003E0F48 003E02D8 003E4FE8 56946623
S 0B958 10 0B980 0000001D 000051E0 00001A80 00000180 FFFFFE80 00000006 00000015 00000007 003E1BC6 003E4000 003E0864 003E02D8 003E0F48 003E1CF6 003E5200 3603A585
S 0B9C8 10 135A2 00008421 0000001D 00000003 00000006 0000000B 00000008 0000000A 00000003 003C0002 003C07FC 003E1968 003E4000 003E02D8 003E4000 003E5200 EC763E0C
S 0BB38 10 0BB5C 0000000D 0000000F 00000008 00000019 0000000B 0000001C 00000000 00000019 003E4FE6 003E4FE8 003E4FE4 003E1AE6 003E1CF6 003E0F48 003E4FE8 C981DACF
S 0BB7C 10 0BB8A 003E1C44 00000005 0000003E 003E1C44 0000001D 00000006 00000008 0000001C 003E1C44 003E02D8 003E1C44 003E4000 003E0F48 003E4000 003E5200 9B8B4DEE
S 0C150 10 0C170 0000001B 00000019 0000001C 000003E7 00000015 0000000B 00000007 00000015 003E0F48 003E1BC6 003E4FF0 003E4FE6 003E1900 003E4000 003E4FE8 F783CA58
X 0C1EE 5
S 0C206 10 0C228 0000001F 00000000 0000001F 0000000A 0000000F 00000006 00000003 00000006 003E4FF2 003E4FE8 003E4FF0 003E1C44 003E0864 003E0864 003E4FE8 6356653C
S 0C240 10 0C220 0000001F 0000000B 00000007 00000002 00000007 00000009 00000013 00000001 003E4FE3 003E4FD9 003E4FE2 003E1C44 003E1BC6 003E4000 003E4FDA FC7FC441
X 0C2BC 9
S 0C2DC 10 135A2 00008421 00000003 0000000C 00000017 00000011 0000000F 0000001D 00000002 003C0002 003C07FC 003E1968 003E0864 003E0864 003E0F48 003E5200 1E7F9235
S 0C3E8 10 0C40E 00000011 00000003 000000D1 00000000 00000014 00000010 00000004 0000000E 000117FA 003E1CF6 003E02D8 003E0864 003E0F48 003E02D8 003E5200 1E2876A3
S 0C436 10 0C456 00000000 00000000 00000000 00000046 00000018 00000009 00000003 00000007 003E1968 003E0864 003E1964 003E0864 003E0F48 003E0F48 003E5200 2806F9A3
S 0C4AE 10 19C2E 00000002 00000014 0000001C 00000007 00000001 00000008 00000008 00000008 003E434A 000000CE 86000001 003E1968 003E0864 003E1CF6 003E5200 21DB4450
X 0C4CA 10
X 0C4E8 8
S 0C504 10 0C4E8 00000007 003E20A8 00000000 003E20B0 00000017 00000014 00000018 00000017 003E1968 003E0864 003E2498 003E02D8 003E1CF6 003E4000 003E5200 4199BBF5
S 0C538 10 18564 00000010 00000003 00000042 00000000 0000000F 00000015 0000001D 0000000C 00000042 86000001 003E2498 003E02D8 003E4000 003E0864 003E5200 E8E66A82
S 0C568 10 135A2 00008421 0000000E 00000001 00000003 00000015 00000012 00000017 0000000A 003C0002 003C07FC 003E1CF6 003E4000 003E02D8 003E1968 003E5200 FA7D80C9
S 0C5CA 10 0C51C 0000000F 003E20A8 0000007F 003E20B0 0000004E 0000001C 00000004 0000001E 003E1968 003E1968 003E2498 003E02D8 003E0F48 003E0864 003E5200 7A7BD60F
S 0C688 10 0C51C 00000012 003E20A8 00000043 003E20B0 00000024 0000000D 00000018 00000014 003E02D8 003E0864 003E2498 003E0864 003E1968 003E1CF6 003E5200 5B105DAA
S 0C724 10 0C51C 0000001F 003E20A8 000000D3 003E20B0 00000014 00000001 0000001D 00000007 003E1BC6 003E1968 003E2498 003E1CF6 003E0864 003E0F48 003E5200 F1426D0B
S 0C7BC 10 0C51C 0000000A 003E20A8 00000075 003E20B0 000000BD 0000000C 00000018 00000008 003E4000 003E0864 003E2498 003E1968 003E1968 003E02D8 003E5200 F5811DD5
S 0C832 10 0C51C 00000012 003E20A8 00000056 003E20B0 00000028 00000003 0000000B 00000007 003E1CF6 003E4000 003E2498 003E1BC6 003E02D8 003E0F48 003E5200 09ABDC28
S 0C8DE 10 0C51C 0000001E 003E20A8 0000005F 003E20B0 0000002D 00000009 0000000C 0000000B 003E4000 003E1BC6 003E2498 003E1CF6 003E1BC6 003E02D8 003E5200 EE78584D
S 0C95E 10 0C51C 00000016 003E20A8 0000006B 003E20B0 00000078 00000008 0000000A 00000006 003E02D8 003E0F48 003E2498 003E02D8 003E0864 003E02D8 003E5200 6145C8C2
S 0C9D2 10 135A2 00008421 00000015 0000000F 0000001F 00000012 00000016 00000005 0000000B 003C0002 003C07FC 003E1CF6 003E0F48 003E4000 003E0F48 003E5200 A93B5A59
X 0CA52 9
S 0CA88 10 0CADE 00000000 0000000D 00000018 00000006 00000003 00000004 00000019 00000001 003E0F48 003E02D8 003E1968 003E1CF6 003E02D8 003E4000 003E5200 5B3C6F67
X 0CAE2 9
S 0CB24 10 0EFBE 00000000 00000001 0000000F 00011B06 00011B0C 00000000 0000001C 00000012 003E4000 003E1968 003E1968 003E1968 003E0F48 003E0864 003E5200 C8F47963
S 0CBAE 10 0CBDC 0000001E 00000001 00000071 0000000A 0000003F 00011930 00011924 00000006 003E0F48 003E0864 003E0864 003E1968 003E0864 003E0864 003E4FE8 882B5EC7
S 0CC18 10 0CC9A 0000007E 00000018 0000001A 00000004 00000006 00000002 00000002 0000000E 003E4000 003E02D8 003E1968 003E407E 000391A0 003E4000 003E5200 63186558
S 0CC3A 10 0CC92 00000000 00000007 00000018 00000011 00000018 00000018 0000001F 00000016 003E4000 003E1968 003E02D8 003E0F48 00038DE0 003E0864 003E5200 5EFFDB1E
S 0CCB2 10 135A2 00008421 0000000F 0000000E 00000016 00000001 00000013 00000018 0000001E 003C0002 003C07FC 003E1BC6 003E02D8 003E1968 003E1CF6 003E5200 E3E0237E
S 0CCE6 10 0CDB4 000000E9 0000000E 00000005 00000019 00000014 00000003 00000017 00000001 000000E9 003E0864 003E1CF6 003E1CF6 003E1BC6 003E02D8 003E5200 02CD1FAE
S 0CD4A 10 0CD6C 00000118 0000002C 00000014 00000003 0000001F 00000018 00000018 0000001A 003E4FE6 00010164 003E42A7 003E0F48 003E1968 003E4000 003E4FE8 0C88B760
S 0CDAE 10 0CD60 00000000 0001FB10 0000001A 0000000B 00000015 00000005 00000009 00000019 00010040 003E0864 0000005E 003E1CF6 003E1BC6 003E02D8 003E4FDC C549FDB9
S 0CDC0 10 0CDE6 0000000D 00000002 00000009 0000001A 00000001 0000001E 0000001F 0000000A 003E4000 003E0F48 000000FC 003E1BC6 003E1BC6 003E0F48 003E5200 565D5A5A
S 0CDF6 10 0CE3C 0000003E 00000002 00000004 00000016 0000001C 00000012 00000014 00000008 00010040 003E1CF6 003E02D8 003E0F48 003E1968 003E1BC6 003E4FE8 B296E66E
X 0CE48 4
S 0CE76 10 0CE96 00008000 00000060 00000018 00000003 0000007E 0000000B 0000000D 00000004 003E1968 003E02D8 003E0864 003E0864 003E4000 003E0864 003E4FE8 5AC4D038
S 0CEE8 10 135A2 00008421 00000003 00000006 00000009 0000000C 0000001F 00000016 0000000C 003C0002 003C07FC 003E4000 003E0F48 003E02D8 003E02D8 003E5200 14A50ED6
S 0CF40 10 11E62 0000C1D1 00000045 00000006 00000015 0000000B 00000005 00000004 0000001C 003E0842 003E1BC6 000000F4 003E02D8 003E1CF6 003E0F48 003E5200 5BC4D94E
S 0CFDA 10 0EFFA 00000003 00000017 00000005 00000019 00000014 00000007 0000001E 0000000E 003E0F48 003E1CF6 003E194C 003E194A 003E0F48 003E02D8 003E5200 F100677C
S 0D030 10 155C6 00000756 0000001C 00000000 0000001B 0000011C 00000008 0000001D 00000005 003E0864 003E365C 003E365A 003E1BC6 003E1CF6 003E1CF6 003E5200 6A6981C6
S 0D04E 10 0F018 00000005 00005474 00000007 00000014 0000000A 00000013 00000014 00000000 003E1CF6 00011B1E 003E0F48 003E02D8 003E1BC6 003E0864 003E5200 4467B473
S 0D696 10 050CE 00000016 0000001F 00000000 0000007E 0000BFFF 00000014 00000012 0000000B 003E02D8 003E4000 003E02D8 003E0864 003E0864 003E1BC6 003E5200 EEDA9820
S 0D7A0 10 0F00E 00000005 00005474 00000004 00000009 00000004 00000000 00000013 0000000A 003E02D8 00011B1E 00000085 003E0F48 003E1BC6 003E0F48 003E5200 1E80D08F
X 0DB66 1
S 0DB6C 10 135A2 00008421 00000010 00000000 00000015 00000018 0000001E 0000000A 0000001C 003C0002 003C07FC 003E0F48 003E1CF6 003E1BC6 003E0864 003E5200 447AD742
X 0DB72 1
X 0DB78 1
S 0DB7E 10 13FB4 00000000 00000016 00000016 00000019 00000019 00000018 0000001C 00000006 003E0F48 003E1CF6 003E1968 003E1968 003E0F48 003E1BC6 003E4FE8 828756AD
S 0DBE6 10 13F78 00000000 00000080 00000005 0000000E 00000006 0000000A 00000013 0000000E 003E0864 003E0F48 003E0864 003E4000 003E0864 003E1968 003E5200 2D30899C
S 0DC10 10 13F78 00000000 00000018 00000018 00000016 00000003 0000001C 0000001B 00000000 003E0864 003E0864 003E0864 003E0864 003E02D8 003E02D8 003E5200 35710981
S 0DC3A 10 0DC54 0000000C 0000001A 0000000C 000000AE 0000000C 0000001A 00000060 0000001A 003E4000 003E02D8 003E1BC6 003E0864 003E1BC6 003E1968 003E4FE8 CDA338F7
S 0DE1A 10 0DE3A 00000000 00000006 00000001 00000000 00000000 00000005 0000000B 00000001 003E1BC6 003E1BC6 003E1968 003E1870 003E1968 003E1968 003E5200 94C808A7
S 0DEC8 10 135A2 00008421 00000019 00000006 00000019 00000007 00000002 00000009 0000000B 003C0002 003C07FC 003E4000 003E1BC6 003E1968 003E1968 003E5200 B20B8D24
S 0E000 10 14878 0000000A 00000014 0000000C 00000000 00000009 00000004 00000007 00000014 003E1CF6 003E4000 003E34CC 003E4000 003E3536 003E02D8 003E4FDC AD606111
S 0E020 10 0E51A 0000001D 00004000 00000006 00000007 0000000B 0000001C 00000012 00000006 003E1968 003E1BC6 003E0DE0 003E02D8 003E0864 003E02D8 003E5200 3480ADCE
S 0E0EE 10 046EA 0000000E 00000019 0000000C 00000001 0000001E 00000058 0000002D 0000000C 003E02D8 003E0864 0000450C 003E4050 003E0864 003E1CF6 003E4FE8 897C47B3
S 0E332 10 11E64 0000C1D1 00000008 00000041 00000003 00000018 00000017 0000001A 0000001F 003E0842 003E02D8 003E02D8 003E0864 003E1968 003E1CF6 003E5200 45A9F455
S 0E3B0 10 0E3D2 00000086 00000086 00000003 003E400E 00000005 0000000B 00000012 00000015 003E1CF6 003E02D8 00000088 003E1CD4 003E0864 003E1CF6 003E4FE8 15D9644A
S 0E516 10 1478E 00000026 00000013 0000000F 00000014 00000005 00000013 00000018 00000007 003E1968 003E34CC 003E1968 003E1CF6 003E02D8 003E0F48 003E5200 C8E29782
S 0E546 10 14878 0000000E 00000013 00000016 00000000 0000001B 0000001B 00000017 0000000B 003E1BC6 003E0864 003E34CC 003E02D8 003E3536 003E1968 003E4FDC 9BBCD1AA
S 0E554 10 135A2 00008421 0000000B 00000007 00000016 0000000F 0000000B 0000001F 00000005 003C0002 003C07FC 003E0864 003E0864 003E1CF6 003E0864 003E5200 78C5EA2E
S 0E7A8 10 0E7D6 00008000 00000006 00000000 0000001A 00000004 0000001B 00000009 00000013 003E0F48 003E1968 003E1BC6 003E02D8 003E0F48 003E1968 003E5200 7A34ED21
S 0E824 10 0FC7A 00000004 00000003 0000001B 00000018 0000001A 0000000B 00000003 00000003 003E02D8 003E1BC6 0000007C 003E1CB4 003E0DD4 003E1BC6 003E5200 4C521CBF
S 0E98C 10 0FCAE 00000000 00000003 0000001C 00000006 0000000E 00000001 00000004 00000017 003E0864 003E02D8 00000080 003E195C 003E0DD2 003E1CF6 003E4FE8 2374570C
S 0EA46 10 0FCB8 00000002 00000003 00000005 0000001F 00000002 00000003 0000001B 00000014 003E0F48 003E02D8 003E4000 003E1968 003E0F48 003E1968 003E5200 CA8D7A02
S 0EA68 10 19C2E 00000079 00000006 00000013 0000001E 00000008 00000009 0000001C 0000001C 003E1968 003E1968 00000079 003E1CF6 003E0F48 003E1BC6 003E4FE0 1A39CEC3
S 0EABA 10 0C2E0 00000006 0000000F 0000000A 0000001B 0000000D 00000017 0000001A 0000000C 003E0F48 003E1968 003E0F48 003E0864 003E1968 003E02D8 003E4FE0 4480FC2A
X 0EAC8 5
S 0EBBA 10 135A2 00008421 00000005 00000000 00000004 00000008 00000001 00000003 00000003 003C0002 003C07FC 003E1BC6 003E1BC6 003E1968 003E1968 003E5200 8A85A6A0
S 0EC3A 10 0EC5E 00008600 00000017 0000001F 0000001C 0000001C 0000000D 0000000F 0000000E 003E4FE8 0000005C 00000012 0000ECB0 003E0864 003E1CF6 003E4FE8 D4CE5182
S 0ECB0 10 0ECD6 00000000 00000009 00E5003E 0000000C 0000001E 0000001E 0000001E 00000005 003E0F48 003E0864 003E1968 003E0864 003E1CF6 003E1BC6 003E5200 5D25AA87
S 0EDEA 10 0EE16 00000000 0000000B 0000000C 00000004 00000019 0000001F 0000000E 00000002 00011AC0 003E1968 003E0DE2 003E1BC6 003E4000 003E1CF6 003E5200 A400FEC7
X 0EE22 4
X 0EE3A 1
S 0EE44 10 0EE5A 00000009 00000014 00000004 00000018 00000001 00000003 0000001A 0000001E 003E1CF6 003E0F48 003E1D02 003E1BC6 003E1CF6 003E02D8 003E5200 E0D14F75
S 0EE90 10 0EEBA 00000005 00018658 003E4375 00000011 00000014 00000009 00000008 00000006 003E1CF6 00000084 003E4000 003E1CF6 003E0F48 003E1CF6 003E5200 DB4BED1A
S 0EEEE 10 135A2 00008421 00000017 0000001D 00000005 00000003 00000012 0000001A 00000016 003C0002 003C07FC 003E1968 003E02D8 003E0864 003E4000 003E5200 58A594B4
S 0EF58 10 0EF7E 00000005 00018600 0000001C 00000010 0000001B 00000017 00000006 00000001 003E1D02 00000034 003E1BC6 003E02D8 003E0864 003E1BC6 003E5200 9ECBA652
X 0EFBA 10
S 0EFFA 10 0F024 00000005 00018600 0000000A 0000001D 00000018 0000000B 00000008 00000004 003E1D02 0000005C 003E4000 003E1968 003E1BC6 003E1CF6 003E5200 86799554
S 0F000 10 0F018 00000004 30CD7F6E 0000000B 0000000C 00000009 0000001D 0000001F 00000000 003E1D02 003E4316 003E0864 003E1BC6 003E02D8 003E02D8 003E5200 FD2E81B9
S 0F13E 10 0F166 0000000E 0000000C 0000001A 00000015 00000005 00000013 00000000 00000007 003E02C2 003E4000 003E02D8 003E0864 003E02D8 003E0000 003E5200 A43853A0
S 0F1FA 10 0F2E8 00024E64 0000000B 0000001D 00000011 00000007 00000006 00000007 0000000E 003E0F48 003E1BC6 003E4000 0001F6F0 003E1968 003E1968 003E5200 0094F788
S 0F26A 10 0F28C 00057080 00010000 00000010 00000005 00000003 0000001A 0000001D 00000011 003E1CF6 003E1CF6 003E1CF6 003E4000 003E4000 003E1BC6 003E5200 F7AD160E
S 0F2CC 10 135A2 00008421 00000010 00000016 00000006 00000015 00000013 0000001C 00000000 003C0002 003C07FC 003E1968 003E02D8 003E0864 003E1968 003E5200 CDF7D111
X 0F2EE 2
X 0F2FA 2
S 0F306 10 0F326 0000000D 0000FE00 00000048 00000004 000001FF 0000000D 0000000A 0000001E 003E02D8 003E4348 003E1CF6 003E0240 003E02D8 003E1BC6 003E5200 02889C77
S 0F3B2 10 0F3FE 000000C8 00000008 00000019 00000011 0000001D 0000001C 0000000A 00000017 003E0F48 003E0F48 003E4000 003E00C8 003E0000 003E1CF6 003E5200 5863523E
S 0F4CA 10 0F4FA 000000A0 0000000E 00000014 0000001C 00000000 00000006 0000000F 0000000A 003E02C4 003E0F48 003E00A0 003E1BC6 003E02D8 003E02D8 003E5200 710D62BF
S 0F52C 10 0F538 00000018 00000004 0000001B 0000000A 0000000D 00000002 00000004 00000018 003E4018 003E02D8 003E1968 003E0864 003E1BC6 003E1968 003E5200 3C468B74
S 0F540 10 0F55C 00000010 00000002 00000002 00000010 00000002 00000003 00000018 0000000B 003E0080 003E1CF6 003E0010 003E1968 003E1CF6 003E02D8 003E5200 DFB34603
S 0F5F6 10 135A2 00008421 0000001A 00000013 00000018 0000000C 0000001C 00000018 0000000B 003C0002 003C07FC 003E0864 003E1968 003E1968 003E0F48 003E5200 6779E591
S 0F630 10 0F65A 0000000E 00000001 00000017 00000014 00000000 00000008 0000000C 00000007 003E1CF6 003E02C2 003E1BC6 003E0864 003E02D8 003E02D8 003E4FE8 6D73A7FA
S 0F79E 10 0F7C8 0000000E 00000000 0000000D 00000016 00000016 0000004B 0000000C 00000007 003E02D8 003E02C2 003E1BC6 003E0F48 003E0000 003E1CF6 003E4FE8 CED68C2C
X 0F922 4
S 0F936 10 0F966 00000000 0000001E 00000011 0000001D 0000001C 00000015 00000004 00000000 003E1968 003E4000 003E02D8 003E02B4 003E0864 003E1BC6 003E4FE8 F089BB64
X 0FB74 1
S 0FB80 10 0FBA8 0000000C 00000006 00000006 00000010 0000001B 0000001D 0000001C 00000000 003E0F48 003E1CF6 00011E8A 003E4000 003E0F48 003E0864 003E5200 E3A07344
X 0FBC6 7
X 0FBE2 5
X 0FBE4 10
X 0FC06 1
X 0FC0E 0
S 0FC10 10 135A2 00008421 00000006 0000001E 0000000F 00000012 00000007 00000009 0000001A 003C0002 003C07FC 003E1BC6 003E02D8 003E0864 003E02D8 003E5200 FE14018F
X 0FC1E 9
X 0FC32 4
X 0FC3A 2
X 0FC46 10
X 0FC4A 10
X 0FC74 9
X 0FC88 4
S 0FC9C 10 135A2 00008421 00000009 00000017 00000005 00000014 0000000F 0000000C 0000001F 003C0002 003C07FC 003E1968 003E1968 003E02D8 003E4000 003E5200 F95C499C
X 11BD8 5
X 11BEC 7
X 11C04 8
X 11CE2 8
S 11CF8 10 11D16 000042D0 00000000 000000FE 000042D0 000000FE 000042D0 00000011 0000001E 003E0F48 003E1BC6 003E4000 003E02D8 003E4000 003E1BC6 003E5200 1F52D522
S 11D5C 10 11D84 00004299 15640000 0000000A 00000013 00000009 0000001E 00000015 00000004 003E1968 003E1BC6 003E4000 003E02D8 003E4000 003E1CF6 003E5200 90C07714
S 11D96 10 11DB8 00000008 003E4104 00000000 00000040 00000000 003E41BD 00000000 00000010 0021E000 0000000A 003E0864 003E1BC6 003E0864 003E1BC6 003E5200 BAEA84FF
S 11E10 10 135A2 00008421 00000008 00000016 00000013 00000019 0000000A 00000011 0000001C 003C0002 003C07FC 003E1BC6 003E1968 003E0864 003E1968 003E5200 877127A1
S 11E58 10 11E76 00207514 002B0000 00000015 00000019 00000014 00000016 0000000E 0000000C 003E0842 003E0F48 003E0F48 003E02D8 003E1968 003E1CF6 003E5200 7742B4BF
S 11EDA 10 11F1C 000000F9 00000005 000000C0 00000000 00000007 00000005 00000009 00000004 000E5A29 003E42CF 003E1BC6 003E02D8 003E1BC6 003E0F48 003E5200 B9E17763
S 11EF2 10 11F1C 0000003D 00000001 000000D0 00000000 00000007 00000008 00000015 00000000 000DAE19 003E41D6 003E0864 003E02D8 003E0864 003E0864 003E5200 B11BC945
S 11EFE 10 11F2A 00000000 00000012 000000C0 00000000 00000007 00000016 00000013 00000016 000D263F 003E42A2 003E1968 003E0864 003E1BC6 003E0F48 003E5200 C0F7295C
S 11F2A 10 11FF4 00000007 0000FFFF 00000007 0000001B 0000001C 00000008 00000013 00000006 003E1CF7 003E02D9 003E4000 003E1968 003E0864 003E1CF6 003E5200 541142D1
S 11FF8 10 12008 000042BB 00000006 000042B6 00000007 00000001 00000006 00000019 00000012 003E4000 0000006F 003E4000 003E1BC6 003E0F48 003E1BC6 003E5200 FE1C4E24
S 12026 10 12038 00004227 00000001 00000007 00000003 00000004 0000001E 00000009 00000015 003E1CF6 00000051 003E1968 003E02D8 003E0864 003E1CF6 003E5200 3C8D651E
S 1204C 10 135A2 00008421 0000001B 00000000 0000001A 00000008 0000000E 00000002 00000011 003C0002 003C07FC 003E1968 003E0864 003E1968 003E4000 003E5200 1F26573F
S 12066 10 12072 00000019 00000019 00000006 00000007 0000000B 00000010 00000003 0000000F 003E1BC6 003E0F4A 003E02D8 003E4000 003E0F48 003E0864 003E5200 35F7A2DD
S 12078 10 12096 00000006 0000001F 00000000 0000000A 000085FF FFFF7C00 00000002 00000011 0000005C 003E423B 003E1CF6 003E02D8 003E0F48 003E4000 003E5200 57B18BC3
S 120A2 10 12176 0000001A 00000000 00000012 00000000 00000012 00000019 0000001F 00000012 003E4001 003E0865 003E02D8 003E1CF6 003E02D8 003E02D8 003E5200 2FC5DD2E
S 1217E 10 1219C 00000000 000000C9 00000000 003E4189 0000001B 00000015 00000007 00000008 003E432D 000000FF 003E1BC6 003E1968 003E02D8 003E1968 003E5200 38816A0C
S 121C4 10 121E6 00000027 00000000 00004243 00000000 00000000 0000001C 0000001B 00000017 000DAE03 003E1CF6 003E4000 000DADDC 003E02D8 003E1BC6 003E5200 B245D943
X 12222 6
X 122C6 6
S 12306 10 135A2 00008421 0000000C 00000009 0000000B 0000001B 00000006 0000000E 00000018 003C0002 003C07FC 003E0864 003E1CF6 003E0F48 003E02D8 003E5200 066BA138
X 1231A 7
X 12354 2
S 1238C 10 12490 0000000D 00000000 0000001C 00000000 0000000E 0000000B 00000006 0000000A 003E02D9 003E0864 003E4000 003E0864 003E02D8 003E1BC6 003E5200 38066066
S 124BE 10 124E4 00000000 00000013 00000000 00000000 00000007 000001F8 00000014 0000000A 00000047 003E42F0 003E1CF6 003E1BC6 003E0864 003E1CF6 003E5200 6F31BDFE
S 124E2 10 125B4 0000000D 00000000 00000003 00000000 0000001F 00000017 0000001C 0000001A 003E02D9 003E1968 003E4000 003E1968 003E4000 003E1CF6 003E5200 B33E5A59
S 12574 10 12588 00000000 0000001A 0000001D 00000000 00000003 0000001B 00000014 00000019 003E02DA 003E0868 003E02D8 003E02D8 003E0864 003E1CF6 003E5200 8DB08AFC
S 1259C 10 125C6 0000018D 00000000 0000001B 00000015 00000019 0000001A 00000009 00000003 003E0F48 003E0865 0003A51E 003E0864 003E1968 003E0F48 003E5200 7A699269
S 125DA 10 135A2 00008421 0000000F 0000001E 0000000C 00000003 0000001F 00000015 00000009 003C0002 003C07FC 003E1968 003E0864 003E1968 003E1968 003E5200 D1E96530
S 1262A 10 1264A 00000010 00000000 00000014 00000008 00000015 0000001F 00000015 00000001 003E02D8 003E02D8 003E02D8 003E0F48 003E1968 003E0F48 003E5200 8FF80F14
S 128BC 10 11E72 00182780 00400000 0000000D 00000011 00000004 00000014 00000009 00000017 003E0842 003E1CF6 003E1968 003E1BC6 003E02D8 003E02D8 003E5200 DA8874A7
S 13000 10 13012 0000000D 000003FD 00000008 00000013 00000008 00000016 00000008 0000001D 00200006 0021FFFE 003E1CF6 003E4000 003E0864 003E0F48 003E5200 C2963EA6
X 130B0 8
S 130EE 10 135CC 00013176 00000007 00000009 00000000 00000006 00000017 00000012 0000000B 003E0F48 003E0000 003E07FE 003E1968 003E1BC6 0001326C 003E5200 9D3062E1
S 130F8 10 13688 00000000 00000000 0000000D 00000015 0000001A 00000000 00000010 0000000A 00000000 003E02D8 00013328 003E0864 003E1BC6 000132FC 003E5200 EF0C1BB5
S 13350 10 19F6E 00000004 003E3D46 00000012 00000011 00000013 0000000D 0000001F 00000014 003E4000 003E1968 003E370E 00019CE4 003E1968 003E4000 003E5200 CFD2D071
S 133B2 10 196C8 00000000 00000008 FFFFFFE0 00000001 00000019 0000001C 00000010 0000001E 003E3672 003E02D8 003E02D8 003E1CF6 003E1968 003E1CF6 003E5200 65B8C539
S 133EC 10 0061E 00000000 0000000A 00000002 0000000A 00000003 0000001D 0000001A 00000008 003E4000 003E1BC6 003E1CF6 003E1968 003E1BC6 003E1BC6 003E5200 B08BAC92
X 1354C 8
S 1357C 10 1359A 00008421 00000007 00000000 00000008 0000001C 0000000C 0000001D 0000000D 003C0002 003C07FC 003E1CF6 003E1BC6 003E0864 003E1968 003E5200 5A71109C
S 1378E 10 1381A 00000000 0000001D 0000000B 0000001E 00000018 0000001F 00000000 00000019 003E1968 003E1968 003E1CF6 0072FFFE 003E0F48 003E4000 000137A0 B258166A
S 1397A 10 139F8 00000000 00000018 0000000A 00000010 00000009 00000019 00000000 00000012 003E02D8 003E02D8 003E1BC6 0072FFFE 003E1CF6 003E0864 0001398C D4976E65
S 13CDA 10 13D04 0000A43F 0000000B 0000001B 0000000E 0000000B 0000001C 0000000C 0000001C 003E1968 003E0F48 003E4000 003E0864 003E1BC6 003E02D8 003E5200 3998CB8A
S 13D1E 10 13D38 00000003 0000000A C0001334 0000002F 00000018 0000001C 00000013 00000014 003E1968 003E0864 003E4000 003E4000 003E1968 003E4000 003E5200 A5E1665C
S 13E0A 10 13E28 0000046D 00000000 03590000 0000001A 00000010 0000001A 00000006 00000002 003E1CF6 003E1968 00000051 003E1CF6 003E0864 003E1CF6 003E5200 FFA2F1D1
S 13E6A 10 13D28 00000003 00000009 000000D7 00000014 0000000E 0000000C 00000018 00000010 003E4FD4 003E0864 003E1968 003E1CF6 003E0F48 003E4000 003E4FE8 37133B6B
S 13E94 10 13EC6 00000000 00000014 0000002A 00000017 00000002 00000003 0000001A 0000000B 003E02D8 003E1CF6 003E3444 003E3447 003E1CF6 003E1BC6 003E5200 66C98535
S 13F40 10 14790 00000028 00000014 00000010 0000000A 0000001C 0000000E 0000001A 00000007 003E4000 003E34CC 003E02D8 003E02D8 003E1BC6 003E02D8 003E5200 2B626B71
S 13F98 10 13FC2 00000000 00000000 00000015 00000000 00000007 0000001D 00000009 00000011 003E1BC6 003E1968 003E1BC6 003E0864 003E4000 003E1968 003E5200 871930A9
S 13FCE 10 135A2 00008421 00000004 00000019 0000000B 0000001A 00000005 00000006 00000005 003C0002 003C07FC 003E0F48 003E1BC6 003E4000 003E0F48 003E5200 88FE5962
S 14044 10 13FAE 00000000 00000011 0000001C 00000019 0000000A 00000004 00000003 00000014 003E1BC6 003E0F48 003E3448 003E3446 003E1CF6 003E02D8 003E5200 528D80C1
S 14138 10 13FAE 00000000 00000008 00000050 00000005 00000003 0000001E 0000001E 0000001A 003E1CF6 003E0F48 003E3446 003E1968 003E0864 003E1BC6 003E5200 8DFB27C7
S 141D4 10 1477A 0000001E 00000002 00000002 00000000 00000015 00000009 0000000C 00000008 003E1968 003E1CF6 003E1CF6 003E1BC6 003E4000 003E02D8 003E5200 FF9B36C4
S 1425C 10 18658 00000015 0000001E 0000000D 00000008 00000000 00000005 00000002 0000001E 00000022 003E1CF6 003E1BC6 003E3508 003E352A 003E1BC6 003E5200 3C478D53
S 143B0 10 18658 0000000C 00000007 003E416E 00000003 00000021 0000001E 00000019 0000001B 003E1CF6 003E02D8 0000000A 003E3528 003E0864 003E1BC6 003E5200 3DECC86F
S 14492 10 198F2 00000000 0000001D 00000005 FFFFFFFF 00000009 00000007 0000001B 00000014 003E4000 00500001 003E3536 0001D644 003E0F48 003E4000 003E5200 E61E499B
X 144AE 8
S 144D0 10 135A2 00008421 0000001B 00000018 00000010 0000001E 0000001B 00000000 0000000B 003C0002 003C07FC 003E02D8 003E0864 003E1BC6 003E02D8 003E5200 17A8E182
S 14578 10 145A2 00000000 00000007 00000000 0000001C 003E34CC 0000001D 0000000A 0000001B 003E1CF6 003E1BC6 003E3536 000143B0 003E34F4 003E0F48 003E5200 88AA3ED3
X 14772 9
S 1485C 10 14884 FFFFFFFF 00000095 00000013 003E4084 00000010 00000017 00000009 00000016 003E1CF6 003E4000 003E34CC 000143B0 003E3536 003E0F48 003E4FE8 3C159346
S 14A36 10 14782 00000016 000000C7 000000C7 003E4078 00000000 00000005 0000000C 00000016 003E02D8 003E34CC 003E34ED 003E02D8 003E4000 003E02D8 003E5200 5EB1E2D4
X 14B2C 10
S 14C3C 10 14C5C 000000FD 00000000 000000FD 0000004D 00000016 00000011 00000005 00000010 003E1968 003E1CF6 003E41F3 003E1968 003E1CF6 003E0864 003E4FE8 174E046E
S 14DD2 10 14B2C 00000000 0000001C 00000008 00000014 00000011 00000000 00000004 0000001C 003E4000 003E1CF6 003E1968 003E1BC6 003E1968 003E0864 003E4FE8 4AF03FAF
S 14E5C 10 19C06 00000002 00000019 0000000E 003E3454 00000000 00000004 0000001D 00000003 003E3454 003E3454 003E02D8 003E0F48 003E0F48 003E02D8 003E5200 4FF79E85
X 14ECA 6
X 14EF8 9
X 14F7A 7
X 14FF2 7
S 15064 10 15080 0000001C 00000007 0000001C 000040AC 00000032 00000005 00000000 00000000 003E1968 003E0864 003E1968 003E0864 003E0864 003E02D8 003E5200 BF9BB980
X 15100 6
S 1520E 10 17510 00000007 00000000 0000001A 00000015 0000001D 0000000C 0000001A 0000000D 00200004 003E1968 0001D762 003E361E 003E1968 003E1968 003E5200 006EC87D
S 155A0 10 135A2 00008421 00000015 00000011 0000000F 00000003 00000005 00000006 00000004 003C0002 003C07FC 003E1BC6 003E1968 003E1CF6 003E0864 003E5200 FDDFA9E1
S 15672 10 155A8 00000009 00000009 00000009 00000015 0000001B 00000000 00000003 0000000D 003E1968 003E1BC6 003E1968 003E0F48 003E0864 003E4000 003E5200 1DD19507
S 1568E 10 155A4 00000009 00000009 00000003 00000010 00000009 00000013 00000004 00000017 003E0864 003E1CF6 003E1CF6 003E02D8 003E02D8 003E0F48 003E5200 A3C53C36
S 156AC 10 1568E 00000087 00000010 00000012 00000087 00004289 00000005 00000005 00000009 003E0F48 003E02D8 003E3632 003E02D8 003E0864 003E1BC6 003E5200 40C38A2C
S 15830 10 1584C 00000013 00000013 00000008 0000000F 00000007 00000008 0000000B 00000013 003E02D8 003E4000 003E1CF6 003E0F48 003E1BC6 003E0F48 003E5200 7AEC6927
S 160BA 10 193A6 00000000 00000018 00000034 00000007 0000000F 00000012 0000000F 00000019 003E3418 003E4000 003E4000 003E0864 003E02D8 003E0864 003E5200 2A62EF17
S 1684C 10 193A6 00000000 0000001E 0000007E 0000001D 0000001E 0000000C 00000019 0000001A 003E3418 003E4000 003E0864 003E1BC6 003E1CF6 003E1968 003E5200 95B55EFA
S 168F8 10 193AE 00000000 00000013 00000009 00000003 00000010 00000014 00000005 0000000C 003E3418 003E1CF6 003E1BC6 003E0864 003E1BC6 003E4000 003E5200 D7C93F53
S 16BC8 10 135A2 00008421 0000001D 0000001B 0000000C 00000010 0000000F 00000003 00000002 003C0002 003C07FC 003E0F48 003E1BC6 003E1968 003E0864 003E5200 952F0F6B
S 16BDA 10 18402 00000000 00000010 00000019 0000001B 0000000E 00000007 00000013 0000000A 003E3D8E 003E1CF6 0001851C 00017FCC 00017EDE 003E1CF6 003E5200 D32C0D9B
S 16D3E 10 1939C 00000000 00000004 00000001 00000013 00000006 0000000D 0000000F 0000000D 003E1968 003E1968 003E02D8 003E0864 003E02D8 003E02D8 003E5200 16B06173
S 16D4E 10 18056 00000010 3DE07BC0 00000016 00000030 3DE07BC0 00000018 00000018 00000001 003E02D8 003E02D8 0001829C 003E1968 003E1CF6 003E4000 003E4FD8 D11CEC6D
S 16D60 10 18056 00000010 3DE07BC0 00000000 00000030 3DE07BC0 00000012 00000005 00000009 003E1BC6 003E1CF6 0001829C 003E1968 003E0F48 003E02D8 003E4FD8 6BC0334B
S 16D6E 10 1750A 00000019 00000006 00000000 00000019 00000005 00000001 00000009 00000016 00200004 003E02D8 0001D762 003E361E 003E1CF6 003E02D8 003E5200 1033A8E6
S 16D78 10 174B4 00000008 000000A8 00000101 00000017 00000010 0000000C 00000017 0000000A 00200000 00200000 003E02D8 0001851C 003E4000 003E1BC6 003E4FE4 A6CD5F1B
S 16D80 10 16AFC 00000009 00000015 00000002 0000000F 0000000D 00000010 0000000B 0000000B 003E1968 003E1CF6 00018B76 0001851C 00017EDE 003E4000 003E4FE4 48C37BB6
S 16D88 10 174BC 00000008 000000A8 00000101 00000000 00000006 00000001 0000000E 00000003 00200000 00200000 003E02D8 003E02D8 003E02D8 003E02D8 003E5200 BD3A1F3C
S 16E14 10 135A2 00008421 00000017 00000019 0000000C 00000011 0000001E 00000016 0000000E 003C0002 003C07FC 003E1968 003E1968 003E0F48 003E1CF6 003E5200 663DD591
S 16E1C 10 17508 0000000D 0000000F 0000001E 00000012 0000000B 00000000 00000002 0000000E 00200004 003E1968 003E4000 003E0000 00018B5C 003E02D8 003E4FE4 C5EA4D6B
S 16E24 10 1750A 00000006 0000000B 00000017 0000000C 00000019 0000001F 00000015 0000000E 00200004 003E0864 0001829C 00016958 003E02D8 003E4000 003E5200 9E31F4C5
S 16E2C 10 17506 00000019 0000001A 00000007 00000000 00000000 0000001F 0000001D 00000005 00200000 003E02D8 003E1968 003E0F48 003E4000 003E0F48 003E5200 C6825389
S 16EEC 10 17506 0000000D 00000003 00000010 00000000 00000000 00000007 00000000 0000000B 00200000 003E0864 003E1968 003E4000 003E1BC6 003E1968 003E5200 051EA1D0
S 16FF0 10 16B00 00000014 0000000C 00000001 00000000 0000001B 00000016 0000000C 00000013 003E0F48 003E0864 00018B76 0001851C 00017EDE 003E0864 003E4FE8 D8740B74
S 17330 10 18B7C 00000000 00000009 0000007D 00004157 0000000E 00000001 00000004 00000010 003E1CF6 003E02D8 003E4000 003E0864 003E0864 003E1CF6 003E5200 1800A1F9
S 173D8 10 17510 00000002 00000012 000041E5 00000081 00000017 0000000F 00000001 0000001E 00200004 003E02D8 003E02D8 003E02D8 003E4000 003E0864 003E5200 E1A5C280
S 174A2 10 135A2 00008421 0000000D 00000012 00000019 0000000D 00000003 0000001E 0000001E 003C0002 003C07FC 003E0864 003E02D8 003E1CF6 003E1968 003E5200 D1ABB54F
S 17500 10 17508 00000009 00000017 0000000A 0000001F 00000012 00000019 00000000 00000016 0020000C 003E0864 003E1BC6 003E1BC6 003E1CF6 003E02D8 003E5200 3E4AB4E3
S 1753C 10 17554 000040DC 000040DB 0000009D 00000000 0000001D 00000000 0000000D 00000006 0000000C 003E1968 003E1BC6 003E0864 003E1968 003E1BC6 003E5200 6414EF8C
S 175DE 10 174B6 00000008 000000A8 00000101 0000000D 00000006 00000018 00000016 00000011 00200002 00200000 00018B76 000190DA 003E4000 003E0F48 003E5200 7FEE04BC
S 177E8 10 18E7A 00000007 00000000 00000016 00000004 0000000E 00000014 0000000D 00000008 003E1968 003E0F48 0001E154 003E0864 000192E6 003E1968 003E5200 1679F900
S 17800 10 174B6 00000008 000000A8 00000101 00000016 00000016 00000013 0000000E 0000000E 00200002 00200000 003E02D8 0001851C 003E0864 003E02D8 003E4FE8 15B32F65
S 1796E 10 18534 00000000 03000000 00000000 0000001C 0000001E 00000016 00000000 00000012 0000001C 003E1968 003E0F48 003E1CF6 003E02D8 003E1BC6 003E5200 23F2BFC5
S 1798C 10 1750A 00000014 00000006 00000010 0000001D 0000001D 00000011 0000001F 00000002 00200004 003E02D8 003E02D8 003E0000 00018B5C 003E4000 003E4FE8 12DEFD4C
S 17EDE 10 135A2 00008421 00000001 00000010 00000007 0000000E 0000001E 0000000F 0000000D 003C0002 003C07FC 003E1968 003E1BC6 003E02D8 003E1968 003E5200 150A2E54
S 17EF4 10 1750A 0000001E 00000003 0000003D 000000F5 000041EA 00000004 00000001 00000008 00200004 003E0F48 003E1968 003E1CF6 003E0F48 003E02D8 003E5200 3C8F5B4A
S 17F42 10 17FE0 0000001D 00000002 000000FF 00000006 0000001B 0001DFB2 00000007 0000000A 003E4000 003E02D8 003E0F48 003E02D8 003E02D8 003E1BC6 003E5200 A3B3D96B
S 17F70 10 17FE0 00000017 00000006 000000FF 0000000B 0000001B 0001DF8A 00000008 00000014 003E1968 003E0864 003E0864 003E1CF6 003E1BC6 003E02D8 003E5200 7E2FAB6F
S 17FCC 10 1800E 00000000 0000000F 00000071 00000003 0000004F 00000066 00000014 00000011 003E1968 003E0864 003E4000 003E0864 003E02D8 003E02D8 003E5200 A6D0A88C
S 18000 10 1801A 00000000 00000016 00000001 00000007 00000010 0000001D 00000011 00000018 003E1BC6 003E0F48 003E02D8 003E0F48 003E1BC6 003E1968 003E5200 55114952
S 18040 10 1805E 0000007E 0000003E 00000015 0000007E 003E425F 00000013 00000000 0000001E 003E4000 003E02D8 0001829C 003E1CF6 003E1CF6 003E02D8 003E4FE8 D06C52E0
S 1815A 10 18054 00000006 00005254 0000001C 00000000 00005254 00000011 00000008 00000018 003E4000 003E1BC6 0001829C 003E02D8 003E1CF6 003E1968 003E4FD8 7AF6086C
S 1829C 10 135A2 00008421 00000003 00000017 0000000D 00000004 00000015 00000008 00000015 003C0002 003C07FC 003E0864 003E1968 003E1CF6 003E0F48 003E5200 9565FCF4
X 183F2 8
S 18418 10 1487E 00000016 00000014 00000001 00000000 00000006 0000001B 00000017 00000012 003E1BC6 003E0F48 003E34CC 000143B0 003E3536 003E0F48 003E4FDC B1295428
S 1851C 10 1853E 00000000 FFFFFF62 00000000 00000002 00000003 0000000C 00000004 00000008 00000012 003E0864 003E1BC6 003E4000 003E0864 003E4000 003E5200 7BDC7332
X 18544 5
X 18548 4
X 18556 4
X 18564 4
S 18576 10 135A2 00008421 00000002 00000003 00000016 00000015 00000014 00000019 0000000A 003C0002 003C07FC 003E1968 003E1BC6 003E1CF6 003E1BC6 003E5200 E5CB579E
X 18588 4
X 18598 4
X 185AA 4
X 185B6 4
X 185CC 4
X 185DC 4
X 185EE 4
S 18600 10 135A2 00008421 0000001B 00000013 00000018 00000008 00000018 0000000E 00000019 003C0002 003C07FC 003E1BC6 003E0F48 003E4000 003E1BC6 003E5200 25B2AA2A
X 18614 4
X 18626 4
X 1863E 4
X 18652 3
X 18658 1
X 1865E 7
X 1866C 7
S 1867C 10 135A2 00008421 00000002 0000001A 0000000F 0000001C 00000006 0000000E 0000001D 003C0002 003C07FC 003E0864 003E0864 003E1CF6 003E0F48 003E5200 4B4B372A
X 1868C 9
X 1869E 8
S 18764 10 1880A 0000001D 00000000 00000002 00000017 00000003 00000007 00000019 00000007 003E4000 003E1BC6 003E3400 003E0864 003E1CF6 003E0864 003E5200 90010A8C
S 1884A 10 18D28 00000000 00000000 0000000F 0000000E 00000018 00000016 0000001A 00000003 0000003E 00200004 00018600 003E1BC6 003E02D8 003E1CF6 003E5200 5A8F73AD
S 1885A 10 18652 00000018 0000001C 00000007 0000001C 0000000C 00000011 0000000A 0000000D 023740BD 00200004 003E4000 003E02D8 003E1CF6 003E1BC6 003E5200 C01E909E
X 1888C 9
S 188AA 10 18652 000000F0 000000F0 00000013 00000011 00000017 0000000A 00000015 00000006 6CC7A6CB 000000F0 003E4000 003E1968 003E0F48 003E1968 003E5200 330149CE
S 188EC 10 135A2 00008421 0000001F 00000004 0000000E 00000007 0000000E 00000001 00000009 003C0002 003C07FC 003E02D8 003E0F48 003E1CF6 003E0864 003E5200 86F0A0FF
S 188F8 10 189DC 00001F3E 0000001A 00000008 00000010 00000004 0000001B 00000011 00000019 00000000 00201F3E 003E1BC6 003E0F48 003E0864 003E02D8 003E5200 BF1AE5E3
S 1890C 10 18934 00005554 0000006A 0000000B 00000009 0000000B 00000016 00000018 0000001B 003E4000 003E02D8 003E0864 003E1CF6 003E1CF6 003E1968 003E5200 006558C5
S 18A5E 10 18A7A 00000000 00000001 00004132 0000001F 0000001C 0000001D 00000018 0000000B 0000004C 00000040 0000004E 003E0F48 003E02D8 003E0F48 003E5200 1209DE03
S 18A66 10 18A82 00000000 00000000 0000001C 0000000A 00000002 00000013 0000001B 00000001 003E02D8 00000040 003E02DA 003E4000 003E1CF6 003E4000 003E5200 C2C67969
S 18AFE 10 19472 00000000 00000014 00000019 00000008 0000001B 00000004 00000018 00000018 003E4FD8 003E0864 003E02D8 003E4000 003E1968 003E0864 003E4FE8 6DA01686
S 18B26 10 19620 000042F5 00000010 0000000B 0000001A 00000006 0000000B 00000012 0000000A 003E92CD 003E4FD8 003E0F48 003E1BC6 003E1BC6 003E0864 003E4FE8 9FBA16FA
S 18B5C 10 195C2 00000000 0000002D 0000001C 0000001D 0000001B 00000004 00000000 00000003 003E0864 003E0864 003E4000 003E4000 003E0F48 003E0864 003E4FE8 F0FEE7FF
S 18B76 10 135A2 00008421 00000019 00000013 00000006 00000005 00000006 0000000E 00000018 003C0002 003C07FC 003E0F48 003E02D8 003E0F48 003E1CF6 003E5200 5F9CBA9F
S 18B92 10 18BB0 00000001 00000001 00000007 00000010 00000000 00000003 00000009 00000004 003E1968 00200019 003E1CF6 003E0F48 003E0F48 003E02D8 003E5200 482E08D0
S 18C3C 10 18C58 00000001 000041D9 0000001E 00000016 00000002 0000001F 0000001C 0000001B 000000B5 86580019 003E1CF6 003E1968 003E1BC6 003E4000 003E5200 1DFDDADC
S 18C48 10 18C60 00000001 0000001A 00000006 0000000E 00000008 00000004 00000011 0000001D 003E1969 00000011 003E0F48 003E1CF6 003E1968 003E02D8 003E5200 A085D4F0
S 18CAA 10 18CC2 00000000 00000001 0000000E 00000015 00000007 00000005 00000007 00000006 003E0865 00000026 003E1968 003E1968 003E1CF6 003E0F48 003E5200 09669DD5
S 18CCE 10 18CF0 00000036 00CD0000 00000019 00000004 0000000F 0000000F 0000000F 00000011 00000070 00200004 003E0F48 003E1BC6 003E0864 003E1BC6 003E5200 EF13F354
S 18CDE 10 18CFC 0000002D 0000009C 00000003 00000005 00000005 00000017 00000019 00000012 0000001B 00269004 003E1BC6 003E4000 003E4000 003E0F48 003E5200 7AD3FF60
S 18D18 10 18D36 000007F8 00000000 00000001 00000012 00000014 0000000B 00000005 0000000F 003E0F48 00200004 00000000 003E1CF6 003E1BC6 003E1968 003E5200 FE643801
S 18D88 10 135A2 00008421 00000014 00000010 00000014 00000002 0000001A 0000001A 00000011 003C0002 003C07FC 003E4000 003E4000 003E4000 003E0F48 003E5200 377557A8
S 18DC4 10 18E12 00000007 000000AD 00000003 0000000C 0000001F 00000002 00000005 0000000E 003E1CF6 003E0F48 003E3400 003E1BC6 003E4000 003E0F48 003E5200 56193B26
S 18DEA 10 18E1C 00000004 000040C6 00000003 00000017 0000000F 00000003 00000005 00000012 003E1BC6 003E341B 003E3400 003E1CF6 003E1CF6 003E1BC6 003E5200 41432C3A
S 18DF6 10 18E1E 00000002 00000059 00000003 00000017 00000012 00000014 00000014 00000014 003E1BC6 003E341B 003E3400 003E1BC6 003E0F48 003E1CF6 003E5200 310DA21D
S 18DFC 10 18E1E 00000001 00000033 00000003 00000017 00000019 00000011 00000011 0000000C 003E4000 003E341B 003E3400 003E02D8 003E1968 003E02D8 003E5200 51257675
S 18E06 10 18E2A 00000003 0000000A 00000006 00000006 00000011 0000001B 0000000C 00000014 003E1968 003E341B 003E3400 003E4000 003E0864 003E0F48 003E5200 26757323
S 18E66 10 18E80 00001000 00001000 0000001B 00000006 00000004 00000006 0000001F 0000000F 003E4000 003E0F48 0000001A 003E1968 000192E6 003E1CF6 003E5200 80FD7C08
S 18F10 10 18F56 00000004 0000000A FFFF0002 00000000 00000011 00000000 00000014 00000009 003E1CF6 003E1968 00019182 003E1968 003E4000 003E1968 003E5200 005E4822
S 19010 10 135A2 00008421 00000004 0000001C 00000001 00000010 00000015 0000000A 00000001 003C0002 003C07FC 003E1968 003E1BC6 003E0864 003E0F48 003E5200 7A7855D6
S 19032 10 18F16 00004231 000000F0 0000000E 00000000 0000001E 00000002 0000000E 0000000E 00800002 000000A0 00019182 003E0F48 003E1CF6 003E0864 003E5200 2CCC6232
S 19054 10 1907A 00000000 00000009 00000011 0000000D 00000002 00000004 0000001B 00000007 003E4000 003E1968 003E02D8 003E02D8 003E4000 003E0F48 003E4FE8 84C73845
S 190C0 10 195C2 00000000 00000005 0000000C 00000018 0000000D 0000001E 00000011 00000019 003E1CF6 003E0864 003E1968 003E1BC6 003E4000 003E1968 003E4FE8 180A3593
S 190DA 10 18E74 00000000 00000000 00000013 00000006 0000000C 0000000A 00000015 00000011 003E1CF6 003E1968 003E4FF6 003E1CF6 000192E6 003E4000 003E5200 B17EB81D
S 19366 10 193B2 00000000 0000001F 0000001B 00000013 00000004 00000008 00000000 0000000F 003E3418 003E0F48 003E1BC6 003E1CF6 003E1CF6 003E1BC6 003E5200 65E8C41F
S 1939C 10 193C0 0000000C 00000003 0000000F 00000009 0000000D 00000011 00000014 0000001A 003E3419 003E3438 003E1BC6 003E1CF6 003E1BC6 003E4000 003E5200 3908C40F
X 193F2 4
S 19404 10 135A2 00008421 0000001F 0000000D 0000000D 00000005 0000001C 00000010 00000012 003C0002 003C07FC 003E0F48 003E0864 003E0F48 003E4000 003E5200 2E7BE694
S 1940A 10 19422 000007FE 00000000 00000015 0000000D 00000019 0000000F 0000000B 0000000A 003E1CF6 002F400C 003E0864 003E1968 003E0864 003E1BC6 003E5200 289799DB
S 1942A 10 19452 00B00000 21212121 0F0F0F0F 0000001B 0000001D 00000007 0000000E 00000015 003E4000 00200004 003E0864 003E4000 003E4000 003E4000 003E5200 89673C83
S 1946E 10 1948C 00000002 0000005E 00000003 00000004 0000000F 00000007 00000015 00000015 003E41DE 003E02D8 003E1CF6 003E4000 003E0864 003E4000 003E5200 8307F203
S 19552 10 19570 00000000 00FF4E75 00000019 00000004 00000014 00000002 00000019 00000015 003E0F48 003E0864 003E1968 003E0F48 003E1BC6 003E02D8 003E5200 06E0DC4D
S 195B4 10 195D2 FFFF00D7 00000032 0000000E 00000004 0000000F 00000007 0000000C 00000003 003E41F7 003E4000 003E4000 003E1968 003E02D8 003E0864 003E5200 8B0B5146
S 1960A 10 1960E 00000001 00000020 00000012 00000012 0000000D 00000004 0000001F 00000002 003E02D3 003E1CF6 003E4000 003E0F48 003E0F48 003E0F48 003E5200 1D75BF3E
S 19614 10 19632 000000E1 00000008 00000000 00000018 0000000F 00000012 00000002 0000001E 003E43C6 003E42E4 003E02D8 003E1968 003E1CF6 003E1BC6 003E5200 C35E4327
S 196AC 10 135A2 00008421 0000001F 0000001F 0000000A 00000008 00000012 00000010 00000012 003C0002 003C07FC 003E0F48 003E02D8 003E1CF6 003E1BC6 003E5200 E87C46C9
S 19786 10 197E0 00000000 00000017 0000000C 00000000 0000001A 00000008 00000010 0000001C 00000000 00000009 003E1968 003E1CF6 003E1BC6 003E4000 003E5200 4B24ACA8
S 1978E 10 197DC 00000019 0000000F 00000008 00000000 00000005 00000015 0000001D 0000001C 00000019 00000019 003E1BC6 003E1968 003E1968 003E1BC6 003E5200 9015E434
S 197D8 10 197EC 0000000F 003E1968 0000001E 0000000F 0000001A 0000000F 00000002 0000001B 003E1968 0000000F 003E4000 003E0864 003E0F48 003E1968 003E5200 F63A742A
X 198C0 9
S 1997A 10 199E6 00000000 0000002A 000000A6 0000001E 00000019 00000001 00000012 00000017 003E4000 003E4000 003E1CF6 003E0F48 003E02D8 003E02D8 003E5200 436A5264
S 19A24 10 19A3C 00000096 00000005 00000008 00000014 00000006 00000003 000000FF 00000006 003E1CF6 003E1D8C 003E0864 003E1CF6 003E1CF6 003E0F48 003E5200 69EFC618
S 19BB8 10 19BC8 00000001 000000CC 00000008 00000014 0000000A 0000001F 0000000E 00000004 003E4054 00000004 003E4000 003E1CF6 003E0864 003E0F48 003E5200 78D1323D
S 19BD8 10 135A2 00008421 00000018 00000018 00000012 00000010 00000007 00000012 0000000F 003C0002 003C07FC 003E1CF6 003E4000 003E02D8 003E1968 003E5200 5FECD00A
S 19C00 10 19C10 00000081 003E41FE 0000001B 0000001E 00000000 00000011 0000000C 00000014 000000EC 000000EF 003E02D8 003E0864 003E4000 003E0F48 003E5200 711CFFEF
S 19C22 10 196BC 00002704 0000006C FFFFFFFF 0000001A 00000004 0000000C 0000000D 00000019 003E3672 003E4000 003E1BC6 003E02D8 003E4000 003E02D8 003E5200 55A51F2A
X 19C2E 2
S 19C3C 10 19C8C 000000FF 00000017 00000003 00000000 0000001B 0000001E 00000012 00000007 006C0000 003E367C 003E4000 003E4000 003E1BC6 003E1968 003E5200 7288C55A
S 19C70 10 19C9E 000000BE 00000001 00000010 00000007 00000017 00000004 00000005 00000003 003E4000 003E0864 003E02D8 003E1BC6 003E1968 003E0F48 003E5200 F714B11D
X 19CCC 7
X 19CD0 5
S 19F3E 10 19F7A 0000001F 003E3D5E 0000000A 0000001B 00000000 00000001 00000014 00000006 003E4000 003E1CF6 003E370E 00019CE4 003E02D8 003E1968 003E5200 A6EBAB93
X 1A05A 8
S 1A0CC 10 135A2 00008421 00000002 0000001A 00000016 0000001D 00000010 00000019 0000000E 003C0002 003C07FC 003E1BC6 003E0F48 003E02D8 003E02D8 003E5200 7366C989
S 1A100 10 1A120 00000000 00000037 0000006E 0000000C 00000002 00000000 0000000B 00000002 00019CE4 003E02D8 003E4000 003E1CF6 003E0F48 003E1BC6 003E5200 62525A62
S 1A14E 10 1A102 00000011 003E3D4C 00000000 0000000C 00000015 0000000A 0000000D 00000018 003E3D56 003E0864 003E4000 003E1BC6 003E02D8 003E1CF6 003E5200 A14FC969
S 1A1CA 10 1A1EA 00000028 00000008 00000004 0000001C 00000017 00000008 00000015 00000007 003E1968 0001B674 003E370E 0001B674 003E0F48 003E1968 003E5200 63834C74
X 1A230 8
X 1A23C 9
X 1A248 10
X 1A256 6
S 1A260 10 135A2 00008421 0000000E 00000010 00000018 0000000E 00000010 0000000D 0000000E 003C0002 003C07FC 003E02D8 003E0864 003E1BC6 003E4000 003E5200 D4EE33DE
S 1A284 10 3E4340 00000046 0000000E 003E6000 000000B7 0000001E 0000000E 0000000F 00000016 003E0863 003E4000 003E428D 00000049 003E02D8 003E4000 003E5200 FD191B8E
S 1A2C6 10 1A2E2 00000000 00000000 00000000 00000000 00000005 0000001F 00000009 00000005 003E1CF6 003E1BC6 003E0864 003E0F48 003E4000 003E0F48 003E5200 E519A7BD
S 1A318 10 1A3E4 00000000 00000000 003E6000 00000076 0000000E 00000014 00000014 00000013 003E1CF6 003E1968 003E41D2 00000069 003E0F48 003E1BC6 003E5200 B7548A9F
S 1A3E6 10 1A43A 00018658 0000000F 003E3D12 003E3D0E 0000001A 0000000A 00000002 00000005 003E3D0E 003E4000 0000009A 003E02D8 00018658 003E0864 003E5200 B948344F
S 1A58A 10 1A5EA 00000000 0000004A 0000001A 0000000C 0000000B 00000011 00000016 00000009 003E36AC 003E1CF6 003E02D8 003E1968 003E1CF6 003E0F48 003E5200 5CC0CFD3
S 1A5F0 10 1B058 00000008 00000006 00000007 00000002 0000001D 003E36E2 003E36DA 00000008 0000005E 003E4000 003E1CF6 0000005E 003E36EC 003E1CF6 003E4FE8 288E0022
S 1A8C0 10 1A8DC 00000015 00000000 00000000 00000007 00000007 00000004 00000002 0000001A 00000000 003E1BC6 003E0F48 003E1CF6 003E1968 003E1BC6 003E5200 E9380B9D
S 1ACE0 10 135A2 00008421 00000005 0000001F 0000001C 0000000B 0000000F 00000015 0000000A 003C0002 003C07FC 003E1BC6 003E0F48 003E0864 003E1BC6 003E5200 4FEE1272
S 1ACEC 10 1A824 00000000 00000015 00000001 00000000 0000003E 0000000C 00000011 00000003 00000001 003E02D8 003E02D8 003E1CF6 003E0864 003E1BC6 003E5200 B31CAFEA
S 1ACF6 10 1A81E 0000000B 00000000 00000000 00000048 00000000 00000001 0000000C 00000004 000050C7 003E0F48 003E1CF6 003E0F48 003E4000 003E1968 003E5200 E7C80187
S 1AD04 10 1A81A 00000009 00000005 0000001A 00000000 0000001A 00000006 0000001C 00000009 00000000 003E0F48 003E1BC6 003E4000 003E1968 003E1BC6 003E5200 9CA9A87A
S 1AD20 10 1A81A 00000009 00000009 0000001B 00000080 00000009 0000000D 00000013 00000006 07070707 003E0864 003E0864 003E1BC6 003E0864 003E02D8 003E5200 082EC4BB
S 1AD42 10 1A81A 00000019 00000000 00000000 00000048 0000001A 00000006 00000018 00000006 000050C6 003E4000 003E1CF6 003E4000 003E4000 003E1968 003E5200 79CB6554
S 1AD54 10 1A822 0000001C 00000011 0000000A 00000000 00000000 0000001F 0000000B 0000001A 00000001 003E0864 003E1968 003E1CF6 003E0864 003E4000 003E5200 CD5CA191
S 1AD60 10 1A81E 00000013 00000000 00000000 00000000 00000004 00000014 00000000 00000006 00000001 003E02D8 003E1BC6 003E1CF6 003E02D8 003E02D8 003E5200 1606B906
S 1AD6E 10 135A2 00008421 0000000D 00000002 00000010 00000007 00000011 0000000E 0000001C 003C0002 003C07FC 003E0864 003E02D8 003E1BC6 003E1968 003E5200 E72B0F8A
S 1AD82 10 1A5AC 00000000 00000000 00000007 0000000E 00000000 00000000 0000000A 00000000 003E0864 003E1968 003E0864 003E1BC6 003E1BC6 003E1968 003E5200 73731C56
S 1AD9A 10 1A81A 00000000 00000005 00000016 00000048 00000000 00000011 0000000A 00000005 000050C6 003E0F48 003E1CF6 003E0F48 003E0864 003E02D8 003E5200 964D1C1A
S 1ADA2 10 1A81E 00000000 00000006 0000000C 00000000 0000000D 00000013 00000002 0000001F 00000001 003E0F48 003E1968 003E1BC6 003E02D8 003E4000 003E5200 925A45B1
S 1ADB0 10 1A59A 00000018 00000018 00000005 00000015 00000018 0000001D 0000001F 00000004 003E02D8 003E0864 003E02D8 003E0864 003E0F48 003E1968 003E5200 DC823AAF
S 1ADCC 10 1A59A 0000001F 0000001F 0000001A 00000007 0000001F 00000011 0000000D 0000000A 003E02D8 003E4000 003E02D8 003E02D8 003E0F48 003E02D8 003E5200 7D65BB6E
S 1ADE2 10 1A59A 0000000A 0000000A 0000000E 0000001F 0000000A 0000000F 0000000C 00000012 003E02D8 003E1CF6 003E02D8 003E4000 003E0864 003E1BC6 003E5200 00D5A469
S 1ADF8 10 1A59A 00000011 00000011 0000000B 00000002 00000011 00000016 00000004 00000005 003E0864 003E1BC6 003E0864 003E02D8 003E0F48 003E1CF6 003E5200 F7A888B8
S 1AE0E 10 135A2 00008421 00000006 00000013 0000001D 00000010 00000007 00000013 0000000C 003C0002 003C07FC 003E1CF6 003E02D8 003E02D8 003E4000 003E5200 89E9ACE9
S 1AE2A 10 1A818 000000FC 00000018 00000004 00000012 00000004 00000016 00000009 00000002 00000000 003E0F48 003E1968 003E0864 003E0F48 003E4000 003E5200 F0B11AE8
S 1AE3C 10 1A824 00000000 00000016 00000000 00000000 0000003E 00000006 00000002 0000001F 00000001 003E0864 003E1968 003E1968 003E0F48 003E0864 003E5200 FEFDBCDC
S 1B06E 10 1B094 00000000 00000006 00000000 00002056 00000006 00000015 00000011 0000000D 000000B8 0001EA3C 003E1968 003E4000 003E1968 003E1CF6 003E5200 E20D9123
S 1B11C 10 1B150 0000843F 00000013 00000009 0000001D 00000011 0000000F 00000015 0000000B 001E00A7 003E3D8E 003E02D8 003E1BC6 003E0864 003E4000 003E5200 2B95BE18
X 1B166 5
S 1B1D2 10 1B1EE 0000013A 0000009D 00000622 00000000 00000004 00000017 00000019 00000018 003E02D8 0001BC96 003E4000 003E02D8 003E1CF6 003E1968 003E5200 A5B47231
S 1B2B2 10 1B2D4 00000000 00000041 00000000 00000000 00000003 0000000E 0000000C 0000001B 003E3D6E 00460000 003E0F48 003E4000 003E1BC6 003E1CF6 003E5200 86D21DE8
S 1B306 10 135A2 00008421 00000018 00000002 0000000C 0000000B 00000004 00000010 00000013 003C0002 003C07FC 003E1CF6 003E4000 003E0F48 003E1BC6 003E5200 F8150538
S 1B42E 10 1B450 0000009C 00000034 0000001A 00000010 00000001 00000012 00000010 00000008 00019CE4 003E02D8 003E4000 003E0F48 003E1968 003E0F48 003E5200 824829EE
S 1B4BE 10 1B4E6 00000001 0000843E 00000001 00480000 00000004 00000002 00000002 0000000F 003E3D8E 00640000 003E4000 003E02D8 003E1BC6 003E0F48 003E5200 4A5F23C2
S 1B538 10 1B566 00000000 00000000 0000405A 0000003B 00480000 0000001A 0000000C 00000004 003E0864 003E02D8 003E3706 003E370A 003E36EC 003E0F48 003E5200 E6104535
S 1B612 10 1B638 000004D4 0000019C 00000019 00000051 00000005 0000000C 00000011 00000000 00019CE4 003E4000 003E4000 003E02D8 003E4000 003E1CF6 003E5200 8AA94CF4
S 1E6B2 10 1E6D0 00093000 002936BC 00000008 00000009 00000019 00000019 0000000D 00000010 003E1BC6 003E1CF6 003E1968 003E0F48 003E02D8 003E4000 003E5200 8B004853
S 1E6DC 10 1E706 000011D6 00000002 0000000B 00000017 00000013 0000000B 00000015 00000005 000D37DE 003E1BC6 003E02D8 003E1BC6 003E1BC6 003E0864 003E5200 9F044376
S 1E720 10 1E800 00000000 0000FFFF 00000000 0000001D 00000001 00000005 0000000E 00000005 003E1BC7 003E02D9 003E4000 003E0864 003E02D8 003E4000 003E5200 0467A1EB
S 1E7B8 10 135A2 00008421 00000003 00000017 00000013 00000008 00000000 00000000 00000007 003C0002 003C07FC 003E02D8 003E02D8 003E02D8 003E0F48 003E5200 7B12D80B
S 1E7E4 10 1E800 00000012 0000FFFF 00000004 00000004 00000010 0000000C 00000005 00000017 003E0F48 003E0866 003E1BC6 003E02D8 003E1CF6 003E0F48 003E5200 66CAE80A
X 1E8D2 0
done 753
S 00118 2 18DF8 00000002 0000001C 00000013 0000000E 00000010 00000007 00000015 00000013 003E0864 003E1CF6 003E1BC6 003E02D8 003E1CF6 003E4000 003E5200 2533E0EA
S 0011E 2 19616 00000002 00000005 00000012 00000018 00000011 00000004 00000016 00000003 003E1CF6 003E1BC6 003E1CF6 003E4000 003E02D8 003E02D8 003E5200 51B053DF
S 00124 2 195B8 00000000 000000E6 00000000 00000011 00000018 00000004 00000002 0000000D 003E1BC6 003E02D8 003E1968 003E1968 003E1BC6 003E1CF6 003E5200 248B83BF
S 0012A 2 19472 00000015 00000017 00000001 0000000A 00000009 0000000F 00000010 00000017 003E41F0 003E1CF6 003E1BC6 003E0F48 003E0864 003E02D8 003E5200 ABF17A69
S 00130 2 18D8A 0000000C 00000013 00000004 0000001A 00000007 00000005 0000001E 0000000D 003E02D8 003E1CF6 003E1CF6 003E1BC6 003E1968 003E0F48 003E5200 2A1A421A
S 00136 2 18DEC 00000004 0000001D 0000000D 0000000A 00000006 00000014 00000017 00000007 003E1BC6 003E1CF6 003E1BC6 003E4000 003E1968 003E4000 003E5200 372B828B
S 0013C 2 18DB8 00000006 0000000E 00000002 00000014 0000000D 00000001 00000000 00000012 003E1CF6 003E1968 003E1968 003E0F48 003E1CF6 003E02D8 003E5200 ABCC2BC9
S 00142 2 13580 00000004 0000000B 00000010 0000000F 00000013 00000019 00000014 00000001 003E1BC6 003E02D8 003E0F48 003E0864 003E1CF6 003E0F48 003E5200 842722F5
S 00148 2 18E02 00000003 0000000C 00000017 00000000 0000001F 0000001E 0000000D 00000009 003E02D8 003E1BC6 003E02D8 003E1968 003E0F48 003E0F48 003E5200 2E8A3F2A
S 0014E 2 18DC6 00000007 0000000A 00000012 0000001D 0000000A 00000012 0000000B 0000001F 003E02D8 003E02D8 003E1968 003E4000 003E0864 003E4000 003E5200 FAE62708
S 00154 2 18A62 0000000A 0000409E 00000012 0000000E 0000000D 00000012 00000004 00000002 003E1968 003E0F48 003E1BC6 003E1968 003E1968 003E1968 003E5200 D86F3823
S 0015A 2 18768 00000005 0000001B 0000000B 0000001C 00000001 0000001B 00000019 00000005 003E1968 003E1CF6 003E4000 003E02D8 003E1BC6 003E02D8 003E5200 90500FA3
S 00160 2 19368 00000000 0000000B 0000000C 0000001D 00000006 00000017 00000005 0000000F 003E0864 003E4000 003E1968 003E4000 003E1968 003E0F48 003E5200 BB7AD2A5
S 00166 2 193A2 0000001B 00000010 00000003 00000006 00000004 00000008 00000018 00000017 003E3418 003E1BC6 003E0864 003E0864 003E1968 003E0F48 003E5200 28FC22E1
S 0016C 2 193DE 000000DB 00000003 00000008 00000004 0000001B 00000007 0000001D 00000008 003E1CF6 003E1BC6 003E4000 003E1968 003E1968 003E02D8 003E5200 25582140
S 00172 2 13580 00000015 00000015 00000001 00000000 00000011 0000000F 0000000C 0000000E 003E4000 003E0864 003E1968 003E0F48 003E4000 003E0864 003E5200 047ABC85
S 00178 2 14A3A 0000000D 0000000E 00000014 0000001E 00000002 0000000A 00000003 00000014 003E4000 003E1968 003E1CF6 003E1CF6 003E1CF6 003E0F48 003E5200 8466E9B9
S 0017E 2 1457C 0000000E 00000007 0000000E 00000010 00000001 00000016 0000000D 00000002 003E4000 003E02D8 003E4000 003E1CF6 003E0864 003E0F48 003E5200 8C609ABB
S 00184 2 14776 00000008 0000000A 00000001 00000002 00000001 0000001E 0000001D 00000009 003E4000 003E0F48 003E1BC6 003E02D8 003E0864 003E4000 003E5200 40AB85B9
S 0018A 2 14860 00000002 00000013 00000013 0000001C 0000001D 00000011 0000001D 0000001F 003E1BC6 003E1BC6 003E1BC6 003E1CF6 003E1CF6 003E1CF6 003E4FE8 068458FB
S 00190 2 14B8E 00000019 00000011 00000018 00000013 00000012 0000000A 0000000A 00000006 003E4000 003E0864 003E1CF6 003E1968 003E4000 003E1968 003E5200 7CA9BF9A
S 00196 2 14C40 0000001D 0000001F 0000000B 00000004 00000004 00000008 00000002 0000000D 003E1BC6 003E1CF6 003E4000 003E0864 003E4000 003E0864 003E4FE8 86A76E20
S 0019C 2 14D4C 00000010 0000001A 00000006 00000013 00000000 0000000F 00000018 00000016 003E1968 003E1968 003E1968 003E02D8 003E1968 003E0F48 003E4FE8 299B672A
S 001A2 2 15068 00000016 00000017 00000015 0000001F 0000000E 0000000B 0000001D 0000000A 003E1CF6 003E1BC6 003E4000 003E1BC6 003E1CF6 003E1968 003E5200 F067D833
S 001A8 2 155A4 00000000 0000000B 0000001F 00000017 00000018 00000013 00000006 00000003 003E1CF6 003E1BC6 003E0F48 003E02D8 003E1BC6 003E4000 003E5200 77CCBDFE
S 001AE 2 13580 0000001E 0000001F 00000002 00000006 0000000A 00000015 00000008 00000000 003E0F48 003E1BC6 003E0864 003E0864 003E1BC6 003E1CF6 003E5200 DDE1F2F2
S 001B4 2 15692 00000001 0000004A 0000001C 00000012 00000006 0000001E 00000012 00000018 003E4000 003E4000 003E02D8 003E02D8 003E4000 003E4000 003E5200 0FCF2322
S 001BA 2 156B0 00000004 00000007 00000003 0000001A 00000006 0000000F 00000019 0000000F 003E1CF6 003E0864 003E0864 003E0F48 003E0864 003E0864 003E5200 821DCC86
S 001C0 2 160BC 00000019 0000000D 0000000C 00000007 00000015 0000001B 00000014 00000019 003E0864 003E1CF6 003E4000 003E02D8 003E02D8 003E4000 003E5200 191E4D03
S 001CA 2 18E6A 00000019 0000000E 0000001E 00000003 0000000D 00000002 0000001E 00000005 003E1BC6 003E4000 003E0864 003E0F48 003E1CF6 003E4000 003E5200 18421C98
S 001D0 2 190FA 0000001E 00000014 00000001 00000001 00000013 0000001B 00000017 00000009 003E1BC6 003E0864 003E1CF6 003E0F48 003E1BC6 003E1BC6 003E5200 3766F542
S 001D6 2 19036 00000004 000000C9 00000019 00000009 00000002 00000006 0000001F 0000000D 003E1968 003E4000 003E1CF6 003E0F48 003E02D8 003E1968 003E5200 A417C9F5
S 001DC 2 19014 0000001F 000000F5 0000001E 00000002 00000011 0000001A 0000000D 0000000D 003E4000 003E1BC6 003E1CF6 003E1CF6 003E0864 003E1BC6 003E5200 8A9C0822
S 001E2 2 13580 00000014 0000001E 00000017 00000008 0000000A 00000011 00000018 00000018 003E0F48 003E0F48 003E0F48 003E0864 003E0864 003E02D8 003E5200 38E89DEC
S 001E8 2 193CC 00000001 0000000C 00000019 00000003 00000017 00000004 0000001E 0000001A 00200000 003E4000 003E1CF6 003E4000 003E1CF6 003E0F48 003E5200 F8476147
S 001EE 2 18912 0000001A 0000000A 00000016 0000000D 0000000B 00000007 00000012 0000000D 003E4000 003E1BC6 003E1CF6 003E1BC6 003E1CF6 003E1968 003E5200 6E37865B
S 001F4 2 144AE 0000000E 00000001 00000017 0000000E 0000000E 0000001C 00000019 00000015 003E0F48 003E1BC6 003E1CF6 003E1968 003E02D8 003E1968 003E5200 38FA5D90
S 001FA 2 13F44 0000001D 0000000F 00000000 00000010 0000001A 0000000B 0000001A 00000011 003E4000 003E1968 003E1BC6 003E1968 003E4000 003E1CF6 003E5200 50783C29
S 00200 2 13F66 00000016 00000006 00000017 00000016 00000012 00000011 0000000F 0000001A 003E02D8 003E1968 003E0F48 003E1BC6 003E1BC6 003E0F48 003E5200 FE764F03
S 00206 2 13F9E 0000000E 00000007 00000019 00000000 00000003 0000000D 0000000A 00000012 003E1BC6 003E1968 003E02D8 003E1CF6 003E4000 003E4000 003E5200 8A72558C
S 0020C 2 1418C 00000004 00000007 00000012 0000001C 0000001C 00000001 00000007 00000000 003E1CF6 003E0864 003E02D8 003E0864 003E0F48 003E0F48 003E5200 BDDBE8FA
S 00212 2 14048 00000009 0000000F 00000015 0000001F 0000001D 00000012 0000000C 00000012 003E0F48 003E1CF6 003E1968 003E4000 003E02D8 003E4000 003E5200 684298B7
S 00218 2 14106 00000005 0000000E 00000007 00000011 0000000C 00000006 00000011 0000001D 003E02D8 003E0F48 003E1968 003E0864 003E0864 003E1BC6 003E5200 AC075A27
S 0021E 2 1413C 0000001C 00000001 00000008 00000010 00000012 00000014 0000000E 00000014 003E1BC6 003E0864 003E1CF6 003E1968 003E1BC6 003E1BC6 003E5200 77027E4F
S 00224 2 13580 00000018 00000017 00000002 00000009 0000000B 0000000D 0000000F 00000005 003E0F48 003E02D8 003E1BC6 003E02D8 003E4000 003E1BC6 003E5200 E20E4DEF
S 0022A 2 141D8 00000006 0000000C 00000019 00000006 00000014 0000000C 0000001E 00000009 003E1CF6 003E02D8 003E1968 003E1968 003E1BC6 003E1CF6 003E5200 16E410B3
S 00230 2 14236 00000011 00000011 00000002 00000004 00000001 0000001F 0000000B 00000012 003E0F48 003E0864 003E02D8 003E02D8 003E1968 003E1CF6 003E5200 244A30E5
S 00236 2 1A0CE 0000001F 00000012 00000010 00000015 0000001B 00000016 00000003 00000009 003E1BC6 003E1968 003E0F48 003E1CF6 003E0F48 003E0864 003E5200 8E80E9AF
S 0023C 2 19F42 00000016 00000010 00000019 0000000F 00000002 0000000E 00000019 00000009 003E1968 003E02D8 003E4000 003E02D8 003E1BC6 003E0F48 003E5200 3E84C9EF
S 00242 2 1684E 00000013 00000015 0000001C 0000001E 00000001 00000007 00000004 00000019 003E1BC6 003E0864 003E1BC6 003E1CF6 003E1968 003E0F48 003E5200 14B423AC
S 00248 2 18B78 00000005 00000000 00000019 00000003 00000011 00000012 00000007 00000014 003E0F48 003E1968 003E0F48 003E1BC6 003E4000 003E4000 003E5200 29A3AF7E
S 0024E 2 18B2A 0000001F 0000000B 00000019 00000013 00000007 0000000F 0000000D 0000000D 003E0864 003E1CF6 003E1CF6 003E4000 003E0864 003E4000 003E4FE8 0A02FBEC
S 00254 2 13580 00000015 0000000E 0000001D 0000000B 00000015 0000000C 0000000A 0000001B 003E0864 003E0F48 003E0F48 003E1968 003E1968 003E02D8 003E5200 8E5220BE
S 0025A 2 190E0 0000001C 00000019 0000001C 00000017 00000001 0000001A 0000000D 00000003 003E1968 003E4000 003E0864 003E1CF6 003E02D8 003E02D8 003E5200 9D21F552
S 00260 2 1908E 00000011 00000003 00000009 00000018 0000000E 0000000B 00000006 0000000F 003E1BC6 003E1968 003E1968 003E1968 003E1968 003E1CF6 003E4FE8 9BD7D72A
S 00266 2 190C4 00000019 00000009 00000014 0000001B 00000003 00000016 0000001B 0000001C 003E0F48 003E4000 003E1CF6 003E0864 003E0F48 003E1CF6 003E4FE8 DA8E30E6
S 0026C 2 183F6 00000001 00000019 0000000D 0000001C 00000005 00000002 00000008 00000005 003E0864 003E02D8 003E1CF6 003E1BC6 003E02D8 003E0864 003E5200 4276114B
S 00272 2 15834 00000007 00000053 00000014 00000014 00000003 00000015 00000004 0000001B 003E1968 003E1968 003E02D8 003E0864 003E0864 003E02D8 003E5200 D8CFF59A
S 00278 2 1585C 00000008 00000013 00000012 0000000D 00000015 00000013 00000013 00000001 003E1BC6 003E1BC6 003E1968 003E0F48 003E1BC6 003E1CF6 003E5200 BAA1B795
S 0027E 2 18658 00000003 0000000C 00000012 00000006 00000011 0000001A 00000015 00000016 003E4000 003E1CF6 003E0F48 003E0F48 003E1968 003E02D8 003E5200 64F46A29
S 00286 2 13580 0000000B 00000007 00000003 0000000A 0000000D 00000016 0000000D 0000000C 003E4000 003E0F48 003E1CF6 003E1968 003E1BC6 003E1CF6 003E5200 8BB2F793
S 0028C 2 19058 00000002 0000001C 0000001C 00000001 0000001D 0000001E 00000011 0000001E 003E02D8 003E1BC6 003E4000 003E0F48 003E02D8 003E1968 003E4FE8 7433B77A
S 00292 2 13CE0 00000007 00000013 00000015 00000016 0000000E 00000002 00000007 00000006 003E0864 003E0F48 003E1BC6 003E1BC6 003E0F48 003E4000 003E5200 B2DA4FD2
S 00300 2 00618 00000004 00000017 00000018 00000000 00000015 00000000 00000019 00000005 003E0F48 003E1968 003E1968 003E1968 003E1CF6 003E4000 003E5200 B34FBB64
S 00306 2 00586 00000013 0000000A 00000016 0000001F 00000014 00000002 00000017 0000000A 003E1968 003E4000 003E4000 003E0864 003E4000 003E02D8 003E5200 0926D404
S 003EA 2 0061E 00000013 0000001E 0000001E 00000010 0000000B 00000016 0000000D 00000015 003E0864 003E0F48 003E0F48 003E1BC6 003E02D8 003E1968 003E5200 06C28EA0
S 00402 2 0040E 0000001C 0000000A 00000009 0000001F 00000007 00000007 00000017 00000000 003E4002 003E1CF6 003E0F48 003E0F48 003E02D8 003E02D8 003E5200 D05D695E
S 00404 2 18652 00000000 0000000B 00000008 00000006 00000017 00000017 00000005 00000017 003E1968 003E1968 003E02D8 003E1968 003E4000 003E1CF6 003E5200 0C550E28
S 0042A 2 05CCE 00000007 00000013 00000005 00000019 0000000B 0000001A 00000005 0000001A 003E0864 003E0F48 003E4000 003E0F48 003E1CF6 003E0864 003E5200 86D8F1CF
S 00430 2 0043A 55555555 0000001E 00000002 0000000C 00000010 0000000A 00000015 00000018 003E02D8 003E4000 003E0864 003E1BC6 003E0F48 003E1CF6 003E5200 72A8491D
S 00438 2 00440 00000001 AAAAAAAA FFFFFFFF 0000000E 00000010 0000001B 0000001B 00000006 003E02D8 003E1CF6 003E02D8 003E0864 003E1968 003E0864 003E5200 35F31B74
S 00512 2 00520 0000000D 0000001A 00000006 00000002 00000004 00000000 00000008 00000007 003E0F48 003E1BC6 003E0864 003E4000 003E4000 003E1968 003E5200 EDEEA715
X 0052A 1
S 00534 2 0053A 00000096 0000000F 00000004 00000016 0000001D 00000003 00000008 00000015 003E4000 003E02D8 003E02D8 003E4000 003E1CF6 003E1BC6 003E5200 11EED8B4
S 00580 2 0058C 0000000F 0000000A 00000012 00000016 00000018 00000015 00000011 00000007 003E0864 003E02D8 003E02D8 003E0F48 003E1BC6 003E0864 003E5200 517C3FD7
S 005B4 2 005BC 0000001A 00000012 0000001F 00000003 0000000D 00000002 0000000F 0000000F 003E4000 003E0836 003E02D8 003E1BC6 003E1CF6 003E0864 003E5200 7E14CE19
X 00618 1
S 00620 2 133B6 00000010 0000001E 0000001D 00000013 00000010 0000001B 0000000F 0000001C 003E1BC6 003E1CF6 003E4000 003E02D8 003E1BC6 003E1968 003E5200 7246B465
S 00626 2 0062C 00002700 00000010 0000000C 00000019 0000001E 0000001B 0000000C 00000015 003E0864 003E1968 003E0864 003E1CF6 003E1CF6 003E02D8 003E5200 69ECE1B2
X 0062E 0
X 00642 0
X 0064A 2
S 00656 2 133B6 0000000F 00000010 00000017 0000000C 00000015 00000008 00000015 00000011 003E1BC6 003E0864 003E0864 003E4000 003E4000 003E1CF6 003E5200 8F5514AF
S 00660 2 0066C 003E0DC3 00000017 0000000D 00000014 00000018 00000001 00000016 00000000 003E0844 003E0F48 003E0F48 003E4000 003E1968 003E1968 003E5200 AC74EA15
S 00686 2 00690 00000013 0000001A 0000001D 00000007 00000017 00000003 0000001B 0000001D 003E1AE2 003E1BC6 003E1960 003E0864 003E1CF6 003E4000 003E5200 3CF942FD
S 00778 2 00780 00000003 00000003 00000008 00000017 00000017 0000001E 00000002 00000005 003E4000 003E0864 003E0F48 003E0864 003E1CF6 003E02D8 003E4FE8 79416531
S 008B4 2 008BC 00000000 00000006 0000000D 0000000A 00000002 0000001A 00000012 00000007 003E1BC6 003E4000 003E1BC6 003E1BC6 003E0F48 003E02D8 003E4FE8 1386CE21
S 00A20 2 00A28 0000001C 00000003 00000011 0000000F 00000002 00000010 00000010 0000000E 003E1BC6 003E1968 003E02D8 003E0864 003E1BC6 003E1BC6 003E4FE8 B199D97F
S 00BC2 2 00BCA 00000014 0000001E 00000007 0000001D 00000009 00000004 00000012 00000008 003E0864 003E1CF6 003E1968 003E1968 003E0864 003E0864 003E4FE8 7927AEAF
S 00CAC 2 00CB4 00000015 00000001 0000001F 00000005 00000016 00000001 00000010 00000014 003E4000 003E02D8 00001CF6 003E1BC6 003E1CF6 003E0864 003E4FE8 DCB04A12
S 00D9A 2 13580 0000000E 0000001C 00000014 00000011 00000012 0000001A 00000007 0000000D 003E1968 003E1BC6 003E4000 003E02D8 003E1968 003E1BC6 003E5200 082692A2
S 00DDA 2 00DE2 0000000F 0000000C 000000D5 00000005 00000006 00000017 0000000C 00000007 003E0864 003E0F48 003E1BC6 003E0864 003E4000 003E1968 003E5200 6DC8419E
S 00E4E 2 00E56 00000017 0000000C 00000003 0000001E 0000000B 00000014 0000000A 00000019 003E4000 003E1BC6 003E4000 003E1BC6 003E02D8 003E1BC6 003E4FE8 104B6F5B
S 00FB4 2 00FBA 0000000D 00000001 0000001C 00000000 00000011 00000005 0000001B 00000002 003E1968 003E0F48 003E1968 003E0F48 003E0F48 003E1968 003E5200 C64B5EBA
S 0122C 2 01234 00000012 00000000 00000019 0000001B 00000019 0000001F 00000008 0000000E 003E1BC6 003E1968 003E1CF6 003E02D8 003E1BC6 003E4000 003E4FE8 A44D9392
S 012CA 2 012D2 0000001E 00000001 00000015 00000019 00000017 0000001C 0000000C 00000003 003E02D8 003E1BC6 003E4000 003E1CF6 003E1CF6 003E4000 003E4FE8 D7462BC1
S 013B2 2 013BA 0000000F 0000000E 00000013 0000000A 00000018 00000008 0000001D 00000019 003E4000 003E02D8 003E1BC6 003E0F48 003E1CF6 003E1BC6 003E4FE8 32971BBF
S 0149A 2 014A2 00000000 00000017 00000000 0000000F 00000007 00000004 00000000 00000005 000000FB 003E1CF6 003E1BC6 003E02D8 003E0F48 003E1BC6 003E5200 B489E6E2
S 014DC 2 13580 0000001C 00000011 00000009 00000001 00000015 0000000E 0000000A 00000001 003E1CF6 003E0F48 003E1CF6 003E1CF6 003E1CF6 003E0F48 003E5200 7F329960
S 01512 2 01518 0000000C 00000000 0000000F 00000006 00000008 00000016 00000001 00000011 003E4000 003E0864 003E02D8 003E0F48 003E1968 003E0864 003E5200 0BEF8184
X 0156C 2
X 01578 2
S 01584 2 0158A 0000FF6B 0000001C 00000008 0000001D 0000000B 00000009 0000000D 00000011 003E0864 003E0F48 003E1CF6 003E1BC6 003E0F48 003E1CF6 003E5200 35DA71AB
S 01592 2 01598 0000FF82 00000008 0000001B 00000019 00000005 00000005 00000008 00000012 003E1CF6 003E02D8 003E0864 003E1968 003E1CF6 003E0F48 003E5200 95799285
S 015A0 2 01592 0000001A 00000000 00000010 00000004 00000005 00000004 00000000 0000001B 003E1CF6 003E0F48 003E4000 003E1968 003E1BC6 003E4000 003E5200 05A15D68
X 015B4 1
S 015BE 2 13580 00000007 00000006 0000001D 00000009 0000001F 0000001C 00000012 0000001C 003E1CF6 003E02D8 003E0F48 003E1968 003E1BC6 003E1BC6 003E5200 3BA343F4
S 015D6 2 015DC 00000015 00000003 00000010 0000001A 00000010 0000001C 0000001C 00000005 003E4000 003E0864 003E1968 003E0864 003E0864 003E1CF6 003E5200 02D5DDDC
S 015FE 2 01606 00000016 0000000C 00000000 00000008 00000003 0000000E 0000000B 00000005 003E1CF6 003E0864 003E4000 003E1CF6 003E0F48 003E1BC6 003E4FE8 BDDDAF3E
S 01836 2 0183C 00000004 00000016 FFFFFFFF 0000001C 0000001D 00000010 00000004 0000000C 003E0864 003E0864 003E4000 003E0864 003E02D8 003E0864 003E5200 6BE54FFA
S 018A6 2 018B2 00000007 00000000 00000004 0000001D 00000018 00000019 00000019 0000000B 003E1BC6 003E1968 003E0F48 003E0F48 003E0864 003E1968 003E5200 58304E18
S 018FA 2 01902 00000018 0000000C 0000000A 00000009 00000005 00000016 00000011 0000001F 003E1CF6 003E0F48 003E4000 003E02D8 003E1BC6 003E0864 003E4FE8 54DA9F01
S 01980 2 01988 000000FE 0000000C 00000003 00000003 00000007 00000016 00000018 0000001D 003E4000 003E1CF6 003E1BC6 003E0F48 003E1CF6 003E0864 003E5200 170C5F68
S 019D8 2 019E0 00000008 00000018 00000016 00000013 0000000D 0000000D 00000001 00000013 00018764 000000FE 003E02D8 003E1CF6 003E1CF6 003E02D8 003E5200 0C84C727
S 019EE 2 13580 00000011 00000009 00000014 0000000E 00000000 0000000C 00000001 00000000 003E4000 003E1BC6 003E1BC6 003E4000 003E02D8 003E0F48 003E5200 064746D5
S 01A70 2 01A76 00000001 00000003 00000003 00000017 0000001B 00000009 0000001F 00000006 003E1968 003E1BC6 003E4000 003E02D8 003E0864 003E02D8 003E5200 913B03A2
S 01AEA 2 01AF0 00000015 0000000D 00000008 0000001D 00000005 00000002 0000000E 0000001A 003E1CF6 003E0864 003E4000 003E02D8 003E02D8 003E1BC6 003E5200 1B7918F9
S 01B46 2 01B4E 0000001B 0000001A 00000000 00000005 00000011 00000001 00000008 00000012 003E0864 003E0864 0000EF58 003E0F48 003E4000 003E02D8 003E5200 687E8FDC
S 01B96 2 01BA0 0000000E 0000001D 00000010 003E1968 00000000 00000004 00000007 00000004 003E02D8 003E1BC6 003E1968 003E02D8 003E0864 003E1CF6 003E5200 961386B1
S 01C34 2 01C3A 00000017 00000019 00000003 00000000 00000001 00000014 00000002 00000012 003E1BC6 003E1BC6 003E4000 003E1968 003E0864 003E4000 003E5200 FFE4DD35
S 01C66 2 01C6E 00000002 0000000C 0000000E 00000005 00000009 00000000 00000000 0000000D 003E1968 003E0864 003E02D8 003E02D8 003E4000 003E02D8 003E4FE8 65D2DCE2
S 01E74 2 01E7C 00000007 00000003 00000017 00000070 0000000D 0000001D 00000011 00000016 003E0864 003E02D8 003E02D8 003E4000 003E4000 003E1968 003E5200 527E87F3
S 01F3A 2 13580 0000001F 00000006 0000000E 00000007 00000018 0000000C 0000000E 0000000D 003E02D8 003E1968 003E4000 003E1BC6 003E02D8 003E02D8 003E5200 5BE2B021
S 01F60 2 01F68 00000019 00000015 0000001D 0000001F 0000001E 0000000C 00000015 00000019 000000E4 003E02D8 003E1968 003E02D8 003E0F48 003E0864 003E5200 25781BFB
S 01F70 2 01F7A 00000006 0000001F 0000000D 00000013 00000014 00000004 00000001 00000000 00000049 003E4000 003E1BC6 003E1CF6 003E02D8 003E1CF6 003E5200 6F2DD892
S 01F82 2 01F8A 00000007 0000001E 00000018 00000012 00000003 00000006 0000001E 00000016 003E4000 003E0F48 000000E9 003E0864 003E02D8 003E4000 003E5200 B87C53F6
S 01FD6 2 01FDC 00000010 00000010 00000018 0000000A 00000000 0000001F 0000000C 00000000 003E0864 003E1BC6 003E0F48 003E02D8 003E0864 003E1BC6 003E5200 1E706C81
S 0200A 2 02012 00000006 00000015 00000006 0000001E 0000001F 0000000F 0000001B 00000007 003E1968 003E02D8 003E0F48 003E1BC6 003E1BC6 003E4000 003E4FE8 DF63CB05
S 0219A 2 021A2 00000017 00000006 0000000E 00000004 0000001D 0000001C 0000000F 0000000B 003E1968 003E0864 003E0DE0 003E0F48 003E1968 003E1968 003E5200 B3D56DBE
S 0220C 2 02212 000000F7 00000011 0000000B 00000017 0000001F 0000001B 00000009 00000013 003E1968 003E02D8 003E0864 003E1968 003E1968 003E1BC6 003E5200 C26C6B0E
S 02248 2 13580 00000001 00000007 00000018 00000002 0000001B 00000007 00000011 00000008 003E0F48 003E0F48 003E4000 003E1BC6 003E1968 003E0864 003E5200 0CB7A370
S 022BA 2 022C0 0000001B 00000005 00000015 00000003 00000018 00000015 00000018 00000006 003E4000 003E1CF6 003E1BC6 003E1BC6 003E1BC6 003E1BC6 003E5200 9B852925
S 02300 2 02308 0000000E 0000001D 00000019 0000001D 00000016 00000000 00000007 00000006 003C0000 003E02D8 003E0864 003E1CF6 003E02D8 003E02D8 003E5200 E37A8BF7
S 02338 2 02340 0000001A 0000000E 00000011 0000001C 0000001D 00000011 00000008 00000015 003E02D8 003E02D8 003E1BC6 003E1CF6 003E0864 003E0F48 003E4FE8 3ED94DBA
S 0255C 2 02564 00000015 0000000B 0000001D 00000001 00000015 00000009 00000011 00000019 003E02D8 00000088 003E1CF6 003E4000 003E1BC6 003E0864 003E5200 E94A8A18
S 025F4 2 025FC 0000000F 00000014 0000001C 00000009 0000001F 00000008 00000001 00000004 003E1CF6 003E02D8 00000058 00011968 003E02D8 003E02D8 003E5200 4EFDD0CD
S 02698 2 026A0 0000001D 00000001 00000016 0000003E 00000004 00000000 0000001F 00000011 003E1CF6 003E1CF6 003E1968 003E4000 003E02D8 003E02D8 003E5200 D9ED64FC
S 0272E 2 02736 0000000C 0000000B 00000002 0000003E 0000001A 0000001B 00000018 0000000C 003E4000 003E1968 003E02D8 003E0F48 003E1968 003E02D8 003E5200 47DFD649
S 027C2 2 13580 0000001E 00000004 00000014 0000000F 00000013 00000018 00000012 00000017 003E02D8 003E1968 003E4000 003E1BC6 003E1968 003E1BC6 003E5200 A67CD838
S 02988 2 11BD8 00000000 00000010 00000004 0000000B 00000019 0000001D 00000018 00000009 003E0864 003E02D8 003E1CF6 003E1968 003E4000 003E0864 003E5200 90E818D5
S 02A5C 2 02A66 0000000B 0000001E 0002065A 00000012 00000008 00000015 00000010 00000012 003E0864 003E1CF6 003E0F48 003E1968 003E0864 003E4000 003E5200 7B5B375C
S 02AAE 2 02AB6 0000001E 00000018 0000001A 0000000B 00000006 00000001 00000007 00000014 003E1968 003E0864 003E1CF6 003E02D8 003E1CF6 003E1BC6 003E5200 025A10B1
S 02B74 2 02B7E 0002064A 00000005 0000001A 00000016 00000013 00000008 00000008 00000013 003E4000 003E0F48 003E1CF6 003E1BC6 003E1968 003E1BC6 003E5200 C32205BA
S 02B88 2 02B92 00000010 00000009 0000000B 00000000 00000010 0000001E 0000000C 00000007 003E4000 003E02D8 00011EFE 003E1CF6 003E4000 003E0F48 003E5200 DF8B6DB5
S 02C5C 2 02C62 0000003C 00000003 0000000E 00000015 00000012 00000004 00000013 00000013 003E02D8 003E1968 003E0864 003E0F48 003E02D8 003E02D8 003E5200 BDFEF7DF
S 02C86 2 02C90 0000000E 0000000E 00000012 0000001E 0000001A 00000014 00000012 00000013 003E0864 003E4000 00011EFE 003E1BC6 003E0F48 003E4000 003E5200 475909AD
S 02D78 2 13580 00000019 0000001B 00000003 0000001D 00000007 0000001A 0000001A 0000000F 003E1CF6 003E0864 003E0864 003E0864 003E1968 003E1CF6 003E5200 FC430994
S 02E28 2 02E30 00000018 0000000F 00000000 00000002 0000000A 00000001 0000000E 0000001D 003E0F48 003E4000 003E1CF6 003E0864 003E1968 003E0F48 003E5200 A13E1BAE
S 02EB8 2 02EC0 00000014 00000012 0000000D 00000014 0000001C 00000015 0000000A 00000004 003E1968 003E1968 003E0F48 003E1BC6 003E0864 003E1BC6 003E5200 59B508F0
S 02F18 2 02F20 00000007 00000017 0000001D 00000002 0000000A 0000000A 00000004 0000000B 003E02D8 003E0F48 00000014 003E1BC6 003E02D8 003E0864 003E5200 C9A86E6E
S 02FB6 2 02FBE 00000003 00000005 0000000B 00000019 0000001F 00000004 00000003 00000018 003E0F48 003E1CF6 00000044 003E1BC6 003E1968 003E1968 003E5200 135D350C
S 03194 2 11BEC 00000000 0000001C 00000005 00000019 0000001F 00000008 00000003 00000015 003E1968 003E02D8 003E0864 003E0864 003E1968 003E1BC6 003E5200 C1D0E394
S 031BA 2 031C0 0000001E 00000019 0000003E 0000001C 00000005 0000001A 00000003 00000013 003E0864 003E02D8 003E0F48 003E0F48 003E1CF6 003E1CF6 003E5200 A680E6DA
S 03242 2 0324A 0000001F 0000001F 00000012 00000001 0000001E 00000015 0000001F 0000000D 003E4000 003E1968 003E0F48 003E0864 003E0864 003E1CF6 003E5200 DD125B2D
S 03354 2 13580 00000000 0000000F 00000005 00000006 0000001B 00000006 00000019 0000000C 003E0864 003E1BC6 003E02D8 003E0864 003E0F48 003E1BC6 003E5200 43C2986A
S 033F4 2 033FC 0000001E 00000003 00000015 00000012 00000010 0000001A 00000008 0000000E 003E1968 003E0864 003E0F48 003E1968 003E4000 003E1CF6 003E5200 B2635E53
S 034B2 2 034BA 0000000F 00000006 0000000C 00000013 00000015 0000001F 00000010 00000006 003E0864 003E02D8 003E1968 003E1BC6 003E1CF6 003E02D8 003E5200 1C8847F5
S 0357A 2 03582 00000009 00000002 00000002 00000009 0000001F 0000001B 00000017 00000017 003E0864 003E1CF6 003E4000 003E1968 003E1CF6 003E1CF6 003E4FE8 89D28D89
S 035EE 2 035F6 00000004 00000012 00000010 00000030 0000001B 00000002 0000001A 00000016 003E1CF6 003E0864 003E0F48 003E1968 003E1CF6 003E0F48 003E5200 42E8455B
S 0362A 2 03632 0000001B 0000000C 00000010 0000005A 0000001B 0000000C 0000000D 0000000B 003E0864 003E02D8 003E02D8 003E1BC6 003E0864 003E1CF6 003E5200 A8BBDD9A
S 03666 2 0366E 00000014 00000000 00000004 00000016 00000017 00000009 0000000B 00000004 003E4000 003E1BC6 003E1CF6 003E0F48 003E1CF6 003E1BC6 003E5200 847A0759
S 036A2 2 036AA 0000001E 00000003 0000001B 00000014 00000010 0000001D 00000018 00000003 003E02D8 003E0F48 003E1CF6 003E1CF6 003E1968 003E1BC6 003E4FE8 CAFD9577
S 03726 2 13580 0000000D 00000000 00000005 0000000B 0000000E 00000003 00000006 00000000 003E4000 003E0F48 003E0F48 003E0F48 003E1968 003E1CF6 003E5200 12758476
S 03728 2 03730 00000009 00000000 000000CA 00000001 0000000C 00000009 0000000A 00000008 003E1BC6 003E1CF6 003E1CF6 003E1968 003E02D8 003E0864 003E5200 D137D280
S 037D2 2 037DE 0000001D 00000019 00000004 00000013 0000001A 00000011 00000007 00000015 003E0F48 003E1BC6 003E1BC6 003E1CF6 003E1968 003E02D8 003E5200 5DF7427B
S 037E8 2 037F0 00000009 0000000F 00000011 00000016 00000017 00000004 0000001C 0000000E 003E1BC6 003E0F48 003E1BC6 003E1968 003E1BC6 003E4000 003E5200 3AAEB65A
S 03802 2 0380C 0000001A 00000018 00000017 00000017 00000013 00000008 0000001E 0000000B 003E4000 003E4000 003E0DE8 003E0F48 003E1CF6 003E1CF6 003E5200 6D696F93
S 038B0 2 038B8 00000001 0000001E 00000008 00000009 00000011 0000001B 00000006 00000009 003E0864 003E1BC6 003E0864 003E1BC6 003E1968 003E1BC6 003E4FE8 BF3D37C3
S 03A08 2 03A10 0000000E 0000001F 00000001 00000019 0000001B 0000000D 00000013 0000000E 003E0F48 003E0F48 003E02D8 003E4000 003E0864 003E1CF6 003E5200 E40A3804
S 03A4A 2 03A4E 0000001D 0000001D 0000000B 00000012 00000000 00000000 0000000D 00000002 003E02D8 003E02D8 003E0F48 003E02D8 003E1968 003E02D8 003E5200 407B3F47
S 03BA4 2 13580 00000014 00000019 00000018 00000004 00000015 00000001 0000000B 0000000D 003E1CF6 003E02D8 003E4000 003E1BC6 003E1968 003E1CF6 003E5200 6BA9B424
S 03C00 2 03DE8 00000009 0000001B 00000012 00000003 00000011 00000010 00000010 00000018 003E0864 003E02D8 003E0F48 003E1BC6 003E02D8 003E1CF6 003E5200 F046D6EA
S 03CEE 2 03CF6 0000001D 0000000C 0000000D 0000001C 0000000D 00000002 00000010 0000001C 003E1BC6 003E0864 003E4000 003E4000 003E1BC6 003E1968 003E5200 07011B0E
S 03DA0 2 03DA8 0000001E 00000008 0000000E 00000007 00000017 00000014 0000001F 00000012 003E1CF6 000000FE 003E02D8 003E0F48 003E1968 003E4000 003E5200 F664A777
S 03DE8 2 03DF0 00000017 00000017 00000018 00000019 00000005 00000015 00000005 0000000E 003E1CF6 000000B0 003E02D8 003E4000 003E1BC6 003E02D8 003E5200 C4827365
S 03E26 2 03E2E 0000000F 0000000F 00000001 0000000C 00000012 00000007 00000002 00000004 003E0DF6 003E1CF6 003E1CF6 003E0864 003E0F48 003E02D8 003E5200 1B5B4885
S 03E3E 2 03E44 0000001F 00000008 00000009 00000008 00000001 00000005 00000014 00000007 003E1BC6 003E4000 003E1968 003E1968 003E02D8 003E02D8 003E5200 23A9E405
S 03E84 2 03E8C 0000000B 00000001 0000001D 00000006 0000001D 00000002 00000000 00000014 003E02D8 003E1BC6 000000EC 00011CF6 003E02D8 003E4000 003E5200 D6816AE5
S 03F10 2 13580 0000000F 00000012 00000019 00000009 00000010 0000001F 00000018 00000011 003E1CF6 003E1CF6 003E1BC6 003E02D8 003E1BC6 003E0F48 003E5200 84648FBA
X 03F1A 1
S 03F22 2 03F2A 00000013 00000058 00000012 00000000 00000011 0000000B 00000003 00000004 003E1BC6 003E1BC6 003E1BC6 003E0864 003E1BC6 003E4000 003E5200 189B95E0
S 03F94 2 03F9C 00000015 00000008 00000003 00000008 00000014 00000009 00000012 0000001B 003E02D8 003E0864 003E1CF6 003E02D8 003E4000 003E4000 003E4FE8 F716A3B0
S 0404A 2 04050 0000000B 00000018 000000D8 00000017 0000000D 00000003 00000019 00000005 003E1CF6 003E02D8 003E1968 003E1CF6 003E4000 003E02D8 003E5200 7A7F7718
S 0408E 2 11BEC 00000000 0000000B 00000012 0000000B 00000012 00000015 00000018 0000001D 003E0F48 003E0864 003E1BC6 003E1968 003E0F48 003E1CF6 003E5200 675EDA0F
S 040D2 2 040DA 00000019 00000007 0000001A 00000016 0000000E 00000013 00000006 00000008 003E1CF6 003E1968 003E02D8 003E4000 003E0864 003E1BC6 003E4FE8 CFD4AB95
S 041BE 2 041C6 00000007 00000005 0000000C 00000016 00000000 00000008 00000012 00000013 003E02D8 003E02D8 003E1CF6 003E1968 003E0F48 003E0864 003E4FE8 CAA7FF74
S 0427E 2 13580 00000003 00000015 0000001F 00000000 00000007 00000010 00000007 0000000B 003E1968 003E02D8 003E0F48 003E1BC6 003E1968 003E0864 003E5200 6BEE9C21
S 04332 2 11BEC 00000000 0000001A 0000000A 0000000E 00000006 0000000F 0000001C 0000000E 003E0864 003E0864 003E1968 003E1968 003E02D8 003E1968 003E5200 3BCF384D
S 0435A 2 04360 00000016 00000017 00000011 0000001C 0000000C 00000016 00000017 00000015 003E4000 003E02D8 003E1CF6 003E02D8 003E0F48 003E0F48 003E5200 4F44398E
S 043C2 2 043CA 0000000D 00000004 0000001E 0000000E 0000000A 00000007 0000000E 00000002 003E1BC6 003E02D8 003E0864 003E02D8 003E4000 003E02D8 003E4FE8 ED70DF57
S 0441C 2 04424 00000014 00000005 00000016 00000012 00000017 00000003 00000001 00000005 003E4000 003E1BC6 003E1968 003E0864 003E02D8 003E0864 003E4FE8 1BF3D8EB
S 044A2 2 044A8 0000001C 0000000B 00000004 00000018 00000013 0000000F 0000000C 00000007 003E1968 003E4000 003E0864 003E1968 003E02D8 003E4000 003E4FE8 1FCAE20B
S 0450C 2 04514 003E426D 00000009 0000000B 0000000B 0000000F 0000000E 00000018 0000001F 003E1968 003E4000 003E0F48 003E02D8 003E4000 003E1BC6 003E5200 6BEFE008
S 0452E 2 04536 003E4367 000000B4 0000001B 0000000E 00000009 0000001A 0000001E 00000019 003E0864 003E1968 003E4000 003E1CF6 003E02D8 003E4000 003E5200 E1619C7C
S 04552 2 13580 00000017 0000000B 00000019 0000000F 0000000A 00000005 00000012 00000002 003E1BC6 003E0F48 003E0F48 003E02D8 003E4000 003E1CF6 003E5200 E0F33B28
S 045CA 2 045D4 0000000A 0000000C 0000001A 00000013 00000006 00000004 00000011 00000006 003E02D8 003E02D8 003E0864 003E0F48 003E0864 003E1968 003E5200 C9BD4DBC
S 045FA 2 04600 0000001A 0000001C 0000001A 00000000 00000010 0000000E 00000013 0000001D 003E02D8 003E02D8 0000450C 003E0864 003E0F48 003E0864 003E5200 CDCECA6A
S 0463C 2 04642 00000002 00000004 0000000A 0000000A 0000000C 00000010 0000000D 00000006 003E02D8 003E4000 0000450C 003E4000 003E0F48 003E1BC6 003E5200 E4CA4DA7
S 0469E 2 046A8 00000012 00000001 00000014 0000000B 0000001A 00000019 0000000C 0000000E 003E02D8 003E1BC6 003E1968 003E02D8 003E0864 003E0F48 003E5200 65E2AC24
S 046B0 2 046BA 00000016 0000000F 0000000B 0000000D 00000004 0000001F 00000019 0000000B 003E1BC6 003E1968 003E4000 003E4000 003E1CF6 003E02D8 003E5200 56784EA0
S 046C2 2 046CA 00000017 0000000B 0000001D 0000001A 00000006 00000003 0000000F 0000001A 003E1968 003E4000 003E02D8 003E4000 003E1968 003E1CF6 003E5200 42F03E50
S 046E0 2 046E6 0000000E 00000011 0000001B 00000015 0000000B 00000018 00000002 0000001F 003E0864 003E1BC6 0000450C 003E1968 003E1968 003E1CF6 003E5200 EA86E0DC
S 0472A 2 13580 0000000E 0000000C 00000000 0000001B 00000004 0000000A 0000001E 00000007 003E1968 003E0864 003E0F48 003E4000 003E0F48 003E0F48 003E5200 D5726CF6
S 04760 2 04766 0000000E 00000010 000000CE 00000008 00000016 0000000D 0000000E 00000018 003E0F48 003E1968 003E0F48 003E1BC6 003E0F48 003E1BC6 003E5200 70610228
S 047C6 2 047CC 00000005 00000013 00000006 0000000A 00000000 00000000 0000001C 00000011 003E4000 003E02D8 003E1CF6 003E1BC6 003E1BC6 003E02D8 003E5200 D0EA8EA7
S 0482E 2 04834 0000001A 00000010 00000000 00000007 00000015 0000001E 00000009 0000001F 003E1CF6 003E1CF6 003E1CF6 003E1968 003E02D8 003E1BC6 003E5200 2601CD3D
S 04880 2 04894 00000005 0000001F 00000002 00000008 00000017 00000002 00000014 00000012 003E4000 003E02D8 003E0864 003E02D8 003E02D8 003E0864 003E5200 5316A07C
S 048AE 2 048B6 00000009 0000001E 00000003 00000007 00000013 00000012 00000003 00000007 003E1BC6 003E1968 0000450C 0000452E 003E02D8 003E0F48 003E5200 AEAB0A24
S 04A6A 2 04A70 0000001C 00000019 00000004 0000000D 0000000C 0000001C 0000000E 00000000 003E02D8 003E1CF6 003E1968 003E02D8 003E1BC6 003E1CF6 003E5200 F2C723B5
S 04AB8 2 04AC2 00000012 0000000C 00000000 00000015 00000018 00000014 00000007 00000013 003E1968 003E1CF6 003E1BC6 003E02D8 003E0864 003E1BC6 003E5200 32179AAD
S 04B0A 2 13580 0000001E 0000000F 0000000A 00000004 00000004 00000001 0000001F 0000000E 003E0864 003E0864 003E0F48 003E1CF6 003E1968 003E02D8 003E5200 0F7AC98A
S 04BFA 2 04C02 0000000E 0000000C 00000018 00000016 00000010 00000019 00000012 00000005 003E1CF6 003E0F48 0000C724 003E1BC6 003E0F48 003E02D8 003E5200 87FDA022
S 04C80 2 04C88 00000014 0000001D 00000019 0000001F 0000001B 0000000C 00000002 0000001D 003E1968 003E1CF6 0000C832 003E1968 003E0F48 003E1BC6 003E5200 5A39959F
S 04D44 2 04D4C 0000000F 00000001 0000000E 00000004 00000010 00000000 00000006 00000019 003E1968 003E1968 003E1CF6 003E0F48 003E1CF6 003E4000 003E5200 F2F51B71
S 04D6C 2 04D70 00000009 00000006 00000004 00000009 0000000D 0000001B 0000001E 0000000C 003E1CF6 003E1968 003E1BC6 003E0F48 003E02D8 003E0864 003E5200 71BBB317
S 04D90 2 04D96 000000F9 000000F4 0000000A 00000012 00000003 00000019 0000000D 00000018 003E1968 003E0F48 003E0864 003E1BC6 003E1BC6 003E0864 003E5200 F26E5D2B
S 04DD2 2 04DD8 0000000D 0000000D 00000001 00000003 00000003 0000000D 0000001A 00000016 003E0F48 003E4000 003E1BC6 003E4000 003E02D8 003E0F48 003E5200 54D6BC0A
S 04E20 2 04E2A 00000017 00000000 00000002 00000008 00000015 00000006 0000000B 0000000A 003E1CF6 003E1968 003E4000 003E1968 003E0864 003E4000 003E5200 A6D1770B
S 04E82 2 13580 00000003 00000002 00000002 00000012 0000000A 0000000C 0000001C 00000001 003E0F48 003E0F48 003E1CF6 003E1BC6 003E1968 003E4000 003E5200 3E9E2BF3
S 04F8C 2 04F94 0000000F 00000006 0000000F 00000007 0000000A 00000012 00000003 0000001F 003E4285 00000029 003E1968 003E1968 003E1CF6 003E02D8 003E5200 B14D5CAD
S 04F9E 2 04FA6 00000001 00000016 0000001D 0000000F 0000001C 00000003 00000015 00000003 003E1968 003E4000 0000C95E 003E1CF6 003E1968 003E02D8 003E5200 DFAC4CD5
S 04FEA 2 04FF2 0000000C 00000008 00000015 00000019 00000018 00000011 00000013 00000000 003E4000 003E1CF6 0000FDE2 003E02D8 003E1CF6 003E1968 003E5200 DA761FC7
S 05000 2 04510 00000000 003E6000 0000001C 00000014 00000010 0000001F 00000005 0000000B 003E4000 003E1968 003E0F48 003E0864 003E0F48 003E1CF6 003E5200 268FED19
S 05020 2 05028 00000003 0000001D 00000009 0000001F 00000003 00000000 00000013 0000001C 003E02D8 003E4000 0000FDC2 003E1BC6 003E02D8 003E0F48 003E5200 7B385C82
S 05056 2 0505E 000000E0 000000E0 0000000F 00000009 0000000F 00000016 0000001D 0000000B 003E4000 003E4000 003E1BC6 003E0864 003E0864 003E1CF6 003E5200 AEE57B81
S 050C6 2 050CE 00000014 00000009 000000EF 00000006 00000004 0000001C 00000017 00000017 003E4000 003E02D8 003E0864 003E1BC6 003E1BC6 003E02D8 003E5200 C520E727
S 0512A 2 13580 0000000B 0000001F 00000006 00000010 00000004 00000008 00000007 00000009 003E02D8 003E0864 003E0864 003E0F48 003E0864 003E02D8 003E5200 CD009B0B
S 05168 2 05170 00000017 0000000E 00000006 00000003 0000000B 00000000 00000011 00000004 003E1AE2 003E02D8 003E02D8 003E1BC6 003E1CF6 003E0F48 003E5200 A77986A6
S 05192 2 0519C 0000001A 0000001E 00000019 0000000F 00000015 00000012 00000006 0000000A 003E0F48 00000864 003E1960 003E0864 003E1968 003E1CF6 003E5200 9CAC7009
S 0522E 2 05238 00000019 00000001 0000000C 0000000C 00000000 00000004 00000004 00000012 003E1AE2 003E1CF6 003E1BC6 003E1960 003E0F48 003E0864 003E5200 CE41568F
S 05280 2 05288 0000000B 00000001 0000001D 0000001B 00000006 00000005 0000000B 00000003 003E0864 003E0864 003E1968 003E4000 003E1BC6 003E0F48 003E5200 2CA42B08
S 052E2 2 052E8 00000018 00000006 00000008 00000005 00000013 00000018 0000000D 00000007 003E1CF6 003E0864 003E0864 003E4000 003E02D8 003E0864 003E4FE8 F622B371
S 05346 2 0534E 00000006 0000000F 00000019 00000002 0000000F 00000015 0000000E 00000016 003E4000 003E0F48 003E0864 003E02D8 003E02D8 003E02D8 003E4FE8 0061B73E
S 053A6 2 053AE 00000002 00000014 00000006 0000000D 000000DC 00000017 00000018 00000019 003E1BC6 003E0F48 003E02D8 003E4000 003E1CF6 003E1BC6 003E5200 445A8A02
S 053F8 2 13580 00000004 0000001B 00000001 00000010 0000000F 00000001 00000001 00000013 003E02D8 003E1BC6 003E1968 003E02D8 003E02D8 003E02D8 003E5200 310EE6B1
S 0545A 2 05462 0000001D 0000000B 00000000 0000001D 00000006 00000011 0000000D 0000001F 003E1968 003E1968 003E1CF6 003E1BC6 003E0F48 003E4000 003E5200 7289CF6A
S 05474 2 05480 0000001B 00000001 00000013 0000001A 00000009 00000018 00000004 00000015 003E0328 003E1968 003E0F48 003E1968 003E1BC6 003E1CF6 003E5200 73D52961
S 05488 2 05490 00000014 0000000B 0000001B 00000018 00000000 00000010 0000001B 0000000E 003E1BC6 003E4000 003E4000 003E0864 003E0F48 003E02D8 003E5200 F6777F8F
S 054A8 2 054AE 0000001D 00000015 0000001E 00000019 00000008 00000016 00000014 0000000D 003E02D8 003E1CF6 003E1BC6 003E0864 003E0F48 003E1968 003E5200 2DC8F880
S 0551C 2 05524 0000000F 0000000E 00000018 00000002 0000001E 0000001A 0000001E 00000019 003E0864 00000094 00004000 003E0F48 003E0F48 003E1968 003E5200 FCC5D00C
S 05622 2 0562A 0000001E 00000014 0000000D 0000000E 0000000F 00000001 00000000 00000018 003E4000 003E0F48 003E1968 003E1968 003E0864 003E0864 003E4FE8 69C4F42C
S 056F4 2 056FC 00000017 0000001A 0000000A 00000008 0000001B 0000000E 00000019 00000010 003E0864 003E1CF6 003E0864 003E0F48 003E0864 003E0864 003E4FE8 B59E7AA4
S 05818 2 13580 0000000F 00000002 00000016 00000014 00000016 0000001E 0000001B 00000006 003E1CF6 003E0864 003E1968 003E1CF6 003E0F48 003E1CF6 003E5200 306E43A4
S 05892 2 0589A 00000018 000000AF 00000006 0000000A 0000000E 00000016 0000000C 00000005 003E1968 003E0F48 003E0F48 003E1968 003E4000 003E02D8 003E5200 BC57DC72
S 058E6 2 058EC 00000001 0000000D 0000000F 0000000C 0000000F 0000001A 00000009 00000004 003E1BC6 003E1BC6 003E1CF6 003E02D8 003E02D8 003E1CF6 003E5200 FBF4C438
S 05908 2 0590E 00000018 00000005 000000F1 0000000B 00000006 0000001E 00000011 00000012 003E1968 003E4000 003E0864 003E1968 003E0F48 003E0864 003E5200 AAC4E0A1
S 0592A 2 05936 0000000A 0000000D 00000016 0000001E 00000013 00000000 00000003 00000011 0000009C 003E1BC6 003E0864 003E0864 003E1BC6 003E02D8 003E5200 8D941F1D
S 05948 2 05950 0000000B 0000001C 00000017 00000003 0000001A 0000001D 00000015 00000001 003E1968 003E1BC6 00000074 003E1BC6 003E0F48 003E1CF6 003E5200 C6A1CC31
S 059EE 2 059F6 00000002 00000016 00000093 0000000E 0000000A 00000005 00000010 00000015 003E1BC6 003E0F48 003E1CF6 003E1BC6 003E02D8 003E0F48 003E5200 C69E9DCC
S 05AB0 2 05AB8 0000001F 00000018 000000E6 00000011 00000013 00000011 00000009 00000013 003E1CF6 003E4000 003E1CF6 003E0F48 003E0864 003E0F48 003E5200 D1ADE367
S 05AFC 2 13580 00000008 00000011 00000010 0000001C 00000001 0000000F 00000017 0000000C 003E1968 003E1968 003E1BC6 003E1CF6 003E1CF6 003E0F48 003E5200 4F25D8EF
S 05B16 2 05B1E 0000001D 00000007 00000016 0000000D 0000000F 00000012 0000001C 0000000D 0000000F 003E1968 003E4000 003E1CF6 003E1968 003E02D8 003E5200 73226C60
S 05B40 2 05B48 0000000B 0000000C 00000011 0000000B 00000006 00000010 0000001D 00000004 003E1968 003E02D8 00000098 003E02D8 003E1CF6 003E1CF6 003E5200 2EE671BB
S 05C60 2 05C66 00000004 00000012 0000000C 00000007 00000008 00000005 00000008 00000001 003E1CF6 003E02D8 00000085 003E02D8 003E0864 003E02D8 003E5200 835994B0
S 05C80 2 05C86 00000007 00000006 00000010 00000008 00000000 0000001A 00000017 00000001 003E1968 003E0864 003E4000 003E1968 003E02D8 003E02D8 003E5200 C97BDAB2
S 05CB0 2 05CB8 0000407C 0000001B 00000008 00000014 00000017 00000010 00000001 00000012 00000050 003E0864 003E1968 003E02D8 003E1968 003E0864 003E5200 77712DE2
S 05CCE 2 05CD4 00000007 0000001F 00000056 00000008 00000011 00000007 00000007 0000000C 003E1BC6 003E4000 003E1968 003E1968 003E02D8 003E1968 003E5200 BA0CAF88
S 05D8C 2 05D92 00000001 00000019 0000001D 0000000E 0000000D 00000018 0000001E 0000000C 003E02D8 003E0F48 003E0F48 003E0864 003E1CF6 003E4000 003E5200 66D22313
S 05DEA 2 13580 00000018 00000015 00000009 00000007 00000018 00000010 0000001D 00000014 003E02D8 003E4000 003E4000 003E1CF6 003E1968 003E0F48 003E5200 48265182
X 05DEC 1
X 05DFE 0
X 05E00 0
X 05E02 1
X 05E08 0
S 05E0A 2 05E10 00000009 00000016 00000003 00000011 0000001E 0000001E 00000017 00000017 003E1CF6 00000077 003E1968 003E1968 003E0F48 003E02D8 003E5200 DECF78F1
S 05E38 2 05E3E 00000011 0000001E 0000000E 0000001E 0000000C 00000016 00000006 0000001F 003E02D8 003E02D8 003E1CF6 003E02D8 003E1968 003E1968 003E4FE8 053E7F89
S 05EA2 2 13580 0000001B 0000000D 00000018 0000001E 00000004 00000012 00000003 00000001 003E1968 003E4000 003E4000 003E4000 003E0F48 003E02D8 003E5200 2414432C
S 05FA6 2 05FAE 00000004 0000001D 00000006 0000001C 00000008 00000019 0000000E 0000001F 003E0F48 003E4000 003E0864 003E1968 003E4000 003E0864 003E4FE8 98F61E6C
S 060BE 2 0C206 0000001C 00000017 00000011 00000007 00000017 0000000E 0000001D 0000000D 003E4000 003E0864 003E0F48 003E1968 003E1CF6 003E0F48 003E5200 974421D3
S 06166 2 0616A 00000020 0000003C 00000006 0000001C 0000000F 0000001C 00000015 00000014 003E1BC6 003E1CF6 003E0864 003E02D8 003E0F48 003E1BC6 003E5200 143BC918
S 061C2 2 061C8 00000015 00000019 00000004 00000017 0000000C 00000001 0000001D 0000001E 003E1BC6 003E0864 003E1CF6 003E1968 003E02D8 003E1CF6 003E5200 3794A8D4
S 062A6 2 062AE 00000000 00000009 0000000D 0000000E 00000012 00000014 00000013 00000009 003E0864 003E0F48 003E0F48 003E1BC6 003E1BC6 003E1CF6 003E4FE8 4267D230
S 063CA 2 0C206 00000016 00000004 0000001A 00000012 0000001B 0000001E 00000014 0000001D 003E02D8 003E1968 003E4000 003E0864 003E0864 003E0864 003E5200 B8B1D864
S 06460 2 06468 0000001F 00000018 00000011 0000001B 00000009 00000011 00000006 0000001C 003E1CF6 003E4000 003E0F48 003E1BC6 003E1BC6 003E1CF6 003E5200 31FCE7C5
S 065AA 2 13580 00000001 00000001 00000010 00000001 00000006 00000015 00000004 0000001E 003E0F48 003E1BC6 003E0864 003E1BC6 003E0864 003E02D8 003E5200 DACB9265
S 0661A 2 06624 00000001 00000008 00000015 00000001 00000013 0000000E 00000016 00000005 003E02D8 003E1CF6 003E1F1A 003E1968 003E0F48 003E0864 003E5200 05899266
S 0663C 2 06644 003E201E 00000011 0000000A 00000012 00000011 00000018 0000000E 00000010 003E209C 003E1968 003E0864 003E02D8 003E02D8 003E02D8 003E5200 0D0C1330
S 06648 2 06650 00000005 0000000F 00000013 00000009 00000000 0000000D 00000007 00000002 003E02D8 003E1968 003E0F48 003E02D8 003E0F48 003E1BC6 003E4FE8 139FA856
S 066C8 2 066D4 00000012 00000002 0000000F 0000001A 00000000 0000001C 0000001D 0000000D 003E4000 003E1BC7 003E1CF6 003E1968 003E4000 003E0F48 003E5200 72EB9AB3
S 066CC 2 0669E 00000012 00000001 00000008 00000011 00000012 0000000F 00000007 0000001C 003E4000 003E0864 003E4000 003E4000 003E02D8 003E0864 003E5200 01014FBE
S 066CE 2 066D4 00000005 00000010 0000000B 0000001A 00000006 0000000C 00000010 00000012 003E4000 003E02D9 003E1968 003E1968 003E1BC6 003E0864 003E5200 BF9E7F07
S 066D2 2 066D6 00000014 0000000C 00000004 0000000C 00000005 00000010 0000000A 00000017 003E1BC6 003E4001 003E0F48 003E0F48 003E4000 003E1BC6 003E5200 86880C0A
S 066D4 2 13580 00000016 00000011 0000001E 00000011 00000002 00000001 0000000E 00000017 003E1CF6 003E02D8 003E1968 003E0864 003E1BC6 003E0864 003E5200 E6C7A913
S 0670E 2 06718 0000001E 00000016 00000012 00000019 00000018 00000005 00000003 00000004 003E1968 003E1BC6 003E0864 003E0F48 003E1CF6 003E02D8 003E5200 2D0019E2
S 0672E 2 06736 00000010 00000001 00000008 0000000E 0000000D 0000001D 00000019 00000001 003E1BC6 003E1CF6 003E0F48 003E02D8 003E1968 003E4000 003E4FE8 A918BDC6
S 067F6 2 067FE 0000001A 00000011 00000009 00000008 0000000B 0000001D 00000001 00000016 003E1BC6 003E1CF6 003E02D8 003E1BC6 003E4000 003E0864 003E4FE8 3905DE22
S 06988 2 11BD8 00000000 0000000B 00000008 00000011 00000003 00000018 0000000B 0000000F 003E0F48 003E4000 003E0F48 003E1968 003E1CF6 003E0864 003E5200 638F9EAE
S 069AE 2 069B4 0000000F 0000001A FFFFFFFF 0000001A 0000000A 0000001C 0000001D 00000004 003E1BC6 003E1CF6 003E0F48 003E0F48 003E0F48 003E0F48 003E5200 D6BD2B53
S 069E2 2 069EA 0000000B 0000001C 0000001F 00000012 0000000E 00000013 00000008 00000018 003E0F48 003E1BC6 003E0864 003E02D8 003E0864 003E0F48 003E4FE8 A2380B3C
S 06B10 2 06B16 00000018 00000001 0000001C 00000013 0000000B 0000001E 00000016 00000005 003E1968 003E1BC6 00000043 003E1CF6 003E1CF6 003E02D8 003E5200 AC782F3B
S 06BC0 2 13580 0000001C 0000000B 00000013 0000000E 00000002 00000016 0000001B 00000012 003E4000 003E4000 003E0864 003E4000 003E1BC6 003E1968 003E5200 D0E3D4B4
S 06C20 2 06C28 00000014 00000015 00000014 00000016 00000016 00000008 00000006 0000001D 003E02D8 003E0864 0000002F 003E0864 003E1968 003E1968 003E5200 E003B291
S 06CAE 2 06CB6 00000002 0000001D 00000019 0000001D 0000000A 0000001A 0000000B 00000014 003E02D8 003E1968 003E02D8 003E0864 003E0864 003E02D8 003E4FE8 51725C70
S 06EF8 2 06EFE 00000005 00000000 00000008 0000000B 00000011 0000001F 00000003 0000001E 003E0F48 0000007F 003E1CF6 003E02D8 003E1968 003E1BC6 003E5200 02412CE0
S 06F80 2 06F88 00000017 00000014 00000018 0000000F 00000002 0000000E 00000000 0000001D 003E0F48 003E1AE2 003E1960 003E1968 003E02D8 003E1968 003E5200 0D60CD69
S 06FB4 2 06FBC 0000001A 00000008 00000003 00000018 00000017 00000009 0000000C 00000016 003E4000 003E0F48 000000C6 003E1CF6 003E1BC6 003E02D8 003E5200 B2509ABA
S 07004 2 0700C 0000000C 00000008 00000007 00000015 00000018 0000000B 00000007 0000001D 003E02D8 003E1968 003E0F48 003E1968 00001968 003E0864 003E4FE8 0F823C4D
S 071DC 2 071E2 0000000C 00000000 0000001A 00000008 00000000 00000019 00000010 00000012 003E02D8 003E1BC6 003E1968 003E0864 003E02D8 003E1BC6 003E5200 1D7AB23A
S 073DC 2 13580 00000016 00000001 00000012 0000001C 0000001B 0000001C 00000014 00000003 003E1CF6 003E0F48 003E1CF6 003E1BC6 003E0864 003E0864 003E5200 75254D37
S 0744E 2 07456 00000005 0000000D 0000001F 0000000D 00000006 0000001B 00000000 00000009 003E4FF4 86580001 003E1968 003E4000 003E0F48 003E0864 003E5200 74F85664
S 0747A 2 07482 00000017 00000009 0000001C 00000015 00000016 00000007 00000003 00000007 003E02D8 003E1968 00000026 003E1CF6 003E1968 003E1BC6 003E5200 52CFDE55
S 074FA 2 07502 00000000 00000003 0000001D 0000001E 00000010 00000015 00000015 0000001B 003E02D8 003E4000 0000767C 003E1BC6 003E1968 003E1968 003E5200 EFE4D676
S 07578 2 07582 00000001 00000003 00000015 00000018 00000009 00000008 00000009 0000000C 003E4000 003E0F48 003E1CF6 003E1BC6 003E4000 003E0864 003E5200 6278A171
S 076EE 2 076F6 0000000C 00000003 00000005 00000002 00000018 00000006 00000003 00000003 003E1AE2 003E1BC6 003E1960 003E1CF6 003E1BC6 003E0F48 003E5200 DB7DF52E
S 0778A 2 07790 00000000 00000008 00000012 0000001D 0000001E 00000007 00000000 00000010 003E0864 0000007D 003E1CF6 003E1BC6 003E0F48 003E4000 003E5200 B0085C22
S 077C8 2 077D0 00000005 00000011 00000003 00000000 00000004 0000001A 00000012 00000011 003E4000 003E4000 003E1968 003E1BC6 003E0864 003E1968 003E4FE8 584DE2A6
S 07800 2 13580 0000000B 0000000B 00000006 0000000A 0000000D 00000003 00000002 00000015 003E02D8 003E0864 003E1CF6 003E02D8 003E1BC6 003E1CF6 003E5200 AEE89440
S 07870 2 07878 00000010 00000007 00000006 00000006 0000000E 00000000 00000017 00000011 003E1CF6 003E02D8 003E4000 003E1968 003E1CF6 003E0864 003E4FE8 2DDFD506
S 079B6 2 079C0 0000005A 00000016 00000016 00000006 0000001A 00000004 0000000F 0000000B 003E02D8 003E1CF6 003E02D8 003E0F48 003E02D8 003E1CF6 003E5200 C3F59238
S 079CE 2 079D4 000000BF 00000009 0000000B 0000000D 00000015 00000016 00000019 0000000F 003E0F48 003E4000 003E02D8 003E4000 003E4000 003E4000 003E5200 A88B5826
S 07A02 2 0EF58 00000008 00000004 0000001D 00000008 00000002 00000001 00000017 0000000D 003E0F48 003E1BC6 003E1968 003E0864 003E1CF6 003E0864 003E5200 BF5A402A
S 07A12 2 07A1A 00000006 00000018 0000001C 0000000B 00000008 00000019 0000000E 00000004 003E0F48 003E1968 003E1CF6 003E0864 003E1CF6 003E0864 003E5200 F3A2ADAE
S 07A24 2 07A2C 00000019 0000000A 000000C7 0000001E 00000002 0000001E 0000000F 00000001 003E02D8 003E4000 003E1968 003E0864 003E0F48 003E1968 003E5200 AEC7F200
S 07A88 2 07A8E 0000001D 00000010 00000019 00000017 0000000A 00000018 0000001C 0000001D 003E4000 003E0F48 003E1CF6 003E1CF6 003E02D8 003E0864 003E4FE8 D4E2F93A
S 07B14 2 13580 00000014 0000001B 0000001D 0000001D 0000000E 0000001C 0000000A 0000000E 003E0F48 003E0864 003E0864 003E4000 003E02D8 003E1BC6 003E5200 DB34C47C
S 07B3E 2 07B46 00000010 00000017 00000000 00000006 00000002 0000001F 00000007 00000005 003E1BC6 003E1BC6 003E1BC6 003E1BC6 003E0864 003E1CF6 003E4FE8 FEDCFAF4
S 07C04 2 07C0A 0000001C 00000011 000000B4 00000007 00000011 00000006 00000001 00000000 003E02D8 003E4000 003E1CF6 003E02D8 003E1CF6 003E0F48 003E5200 86106E8B
S 07C72 2 07C7C 0000000C 00000003 00000007 0000000C 0000000D 00000006 00000014 0000000D 003E1968 003E1BC6 003E0F48 003E0864 003E1968 003E1CF6 003E5200 A71649D3
S 07CB0 2 07CB6 0000001B 00000010 0000000D 0000000D 00000014 00000014 00000013 0000000B 003E02D8 003E02D8 003E1CF6 003E0F48 003E0864 003E1BC6 003E5200 CEF2315F
S 07CF0 2 07CF8 00000017 00000013 0000004E 0000000D 00000000 0000000B 00000013 00000013 003E02D8 003E1968 003E1CF6 003E02D8 003E4000 003E1968 003E5200 58B3FEAD
S 07D50 2 07D58 00000019 0000003A 00000008 0000000F 00000014 00000018 0000001E 0000001B 003E4000 003E1CF6 003E0864 003E1CF6 003E1BC6 003E1BC6 003E5200 F0F3F418
S 07D80 2 07D86 00000003 00000008 00000012 0000001B 00000007 0000000C 00000007 0000000A 003E4000 003E0F48 003E1968 003E1968 003E1BC6 003E4000 003E5200 3E869158
S 07DCE 2 13580 0000000E 0000000F 00000001 0000000D 00000007 0000000E 0000001C 0000001F 003E0F48 003E1968 003E1BC6 003E0864 003E1968 003E1CF6 003E5200 E7E40936
S 07E7A 2 07E84 00000000 0000001B 00000018 00000010 00000005 00000011 00000006 00000002 003E02D8 003E0F48 003E02D8 003E0864 003E0F48 003E1BC6 003E5200 907196EB
S 07EA4 2 07EAC 00000015 00000014 00000013 00000010 00000003 00000006 00000015 00000007 003E1BC6 003E0864 0000008A 003E4000 003E1BC6 003E02D8 003E5200 B69D379A
S 07F5A 2 07F62 00000012 0000001C 0000001D 00000019 00000016 0000001F 00000002 0000001A 003E1CF6 003E0F48 00000003 003E1CF6 003E1BC6 003E4000 003E5200 894D414D
S 08008 2 08010 00000013 00000006 00000012 0000001C 0000000B 00000019 0000001E 00000015 003E1BC6 003E1CF6 003E02D8 003E1CF6 003E0F48 003E0F48 003E4FE8 D47683A0
S 08200 2 08206 0000000D 0000000B 00000008 00000013 00000012 00000010 0000001F 0000000F 003E02D8 003E1968 003E02D8 003E0F48 003E0864 003E0864 003E4FE8 636A4608
S 08326 2 0832E 00000009 00000013 00000016 00000012 0000000B 00000000 0000000A 0000001E 003E1BC6 003E0F48 003E0F48 003E1CF6 003E1BC6 003E0F48 003E4FE8 E9620EF3
S 0848E 2 08494 0000000E 00000011 00000003 00000016 0000000A 00000009 00000005 00000006 003E4000 003E0864 003E02D8 003E0864 003E1968 003E4000 003E5200 9B7FEB42
S 084DA 2 13580 0000001D 0000000E 00000006 0000001D 00000016 0000000B 00000012 0000001A 003E0F48 003E1BC6 003E1CF6 003E0F48 003E1968 003E0864 003E5200 46840D14
S 08536 2 11E14 00000006 00000015 00000011 00000009 00000015 00000007 00000001 00000007 003E1CF6 003E1968 003E1CF6 003E1968 003E1CF6 003E1968 003E5200 CC242750
S 08576 2 0857E 0000000C 00000004 0000000C 00000017 00000011 00000019 0000001C 00000007 003E1BC6 003E1CF6 003E1968 003E4000 003E1CF6 003E1CF6 003E5200 B28FBDB0
S 08598 2 085A2 0000001A 00000011 00000000 00000001 00000006 0000001A 00000012 00000017 003E0864 003E0F48 003E1968 003E0864 003E1968 003E0F48 003E5200 BD4ABC27
S 08606 2 0860C 00000000 00000006 0000001B 0000001D 0000001B 00000000 00000016 00000018 003E1968 003E1BC6 0000007C 003E0F48 003E0F48 003E02D8 003E5200 C0B25553
S 0865E 2 08666 00000014 0000000A 00000015 0000000C 00000000 0000001C 00000004 00000002 003E1BC6 003E02D8 000000C5 003E0F48 003E1BC6 003E02D8 003E5200 C89C010D
S 086AE 2 086B4 00000010 00000006 0000001D 00000013 0000000C 00000011 00000011 00000016 003E1968 003E1968 003E1968 003E1968 003E0F48 003E1BC6 003E4FE8 7D56CEC8
S 0875E 2 08766 00000019 00000015 00000009 00000011 0000001C 0000001F 00000018 00000007 003E1CF6 003E1968 003E1CF6 003E1CF6 003E0F48 003E0F48 003E4FE8 2F14C62F
S 08878 2 13580 0000000E 00000001 00000013 00000002 0000000E 0000001C 00000015 00000005 003E4000 003E02D8 003E1968 003E0864 003E02D8 003E0864 003E5200 B45D285B
S 08A70 2 08A76 00000001 0000001A 00000012 0000000E 00000004 0000001B 00000017 00000018 003E0864 003E1CF6 002E003E 003E0F48 003E4000 003E02D8 003E5200 BDBCA4EE
S 08A9C 2 08AA4 00000001 00000011 0000001F 00000018 00000003 0000001B 00000008 0000001D 003E4000 003E4000 003E0864 003E02D8 003E0F48 003E1CF6 003E4FE8 37B73C0E
S 08B0C 2 08B14 00000001 00000000 00000009 0000001F 00000015 00000013 00000019 00000004 003E02D8 003E0F48 003E1CF6 003E1BC6 003E1BC6 003E4000 003E4FE8 C26A7199
S 08BB2 2 08BBA 0000000F 0000001D 00000005 0000001A 0000001B 00000019 00000010 0000001F 003E0F48 003E1BC6 003E1CF6 003E0F48 003E4000 003E4000 003E4FE8 B87B407B
S 08C7A 2 08C82 00000005 00000003 00000019 00000003 0000000B 00000004 00000004 00000000 003E02D8 003E0F48 003E0F48 003E02D8 003E0F48 003E1BC6 003E4FE8 453093E1
S 08D0E 2 08D16 0000001E 0000001D 00000011 0000000C 0000001C 0000000A 00000013 0000000E 003E0F48 003E1CF6 003E1CF6 003E1CF6 003E1BC6 003E1CF6 003E4FE8 F64A490B
S 08F2E 2 08F38 00000010 0000000E 0000001C 00000008 00000009 0000001C 0000001E 00000004 003E1AE2 003E1CF6 003E1960 003E1968 003E1BC6 003E1968 003E5200 CBDC0745
S 08FC8 2 13580 00000009 0000001F 0000000C 00000019 0000000B 00000009 00000017 00000000 003E0F48 003E02D8 003E1CF6 003E1BC6 003E4000 003E02D8 003E5200 304F3449
S 0900A 2 09012 0000000E 00000005 0000000A 0000001D 0000000D 00000015 0000000C 00000002 000000D6 003E4000 003E4000 003E4000 003E0F48 003E1BC6 003E5200 71C16182
S 09034 2 0903C 00000002 00000010 0000000F 00000009 00000001 00000009 00000010 0000001D 003E1AE2 003E4000 003E1960 003E1968 003E02D8 003E0F48 003E5200 8923BB74
S 09080 2 09088 00000006 00000009 00000009 00000011 00000015 00000006 00000005 00000019 003E1968 003E4000 003E1944 003E1CF6 003E1968 003E0F48 003E5200 060D5BE7
S 090BE 2 090C4 00000000 00000070 0000000D 00000003 00000001 00000000 0000000E 00000002 003E1BC6 003E1BC6 003E02D8 003E1CF6 003E0864 003E0F48 003E5200 1F533C71
S 090E6 2 090F0 00000015 00000083 0000001A 00000017 00000006 00000014 00000016 00000016 003E1968 003E1BC6 003E0F48 003E1BC6 003E1CF6 003E1BC6 003E5200 6D2C3876
S 090FE 2 09104 000000D2 000000D2 00000005 0000001F 00000016 0000000A 00000008 00000011 003E4000 003E1968 003E1CF6 003E02D8 003E02D8 003E1968 003E5200 1FB3E465
S 0910E 2 09116 00000019 000000DF 0000000D 00000019 0000001A 0000001D 00000004 00000016 003E4000 003E0864 003E0F48 003E0F48 003E1BC6 003E02D8 003E5200 40B95498
S 09150 2 13580 00000009 0000000B 00000002 00000005 00000002 00000002 0000001D 00000002 003E02D8 003E0864 003E0864 003E4000 003E02D8 003E1CF6 003E5200 B6ACD1FD
S 09208 2 09210 00000010 0000001F 00000017 00000017 00000007 00000006 0000001F 0000000D 003E4000 003E1968 003E0F48 003E0F48 003E1968 003E0864 003E4FE8 4C364A11
S 09266 2 0CFDE 00000014 00000015 00000003 0000001F 0000000E 0000001F 00000000 0000001B 003E0864 003E1968 003E1BC6 003E4000 003E1CF6 003E4000 003E5200 CCB9605C
S 09D80 2 09E80 0000001B 00000016 00000002 00000013 0000000B 0000001D 00000009 0000000D 003E4000 003E0F48 003E1BC6 003E1CF6 003E02D8 003E4000 003E5200 0E5D13B5
S 0A000 2 0A008 0000001A 00000015 00000010 00000003 00000013 00000004 0000001B 00000008 003E1BC6 003E0864 003E02D8 003E1CF6 003E1CF6 003E1BC6 003E5200 C7105FEC
X 0A7E4 0
S 0A7E6 2 0A7EC 00000004 0000001C 0000009B 00000016 00000010 00000008 00000005 00000006 003E02D8 003E02D8 003E0F48 003E4000 003E0F48 003E4000 003E5200 46BEC1DC
S 0A80C 2 0A816 00000007 00000005 0000000A 0000000D 003E1964 00000003 00000017 0000000C 003E02D8 003E0864 003E02D8 003E1CF6 003E1CF6 003E02D8 003E5200 7690B2B2
S 0A90E 2 13580 00000009 0000001D 0000001B 0000001C 0000001C 00000009 0000000E 0000001A 003E1CF6 003E1BC6 003E02D8 003E0864 003E02D8 003E1CF6 003E5200 A702D079
S 0A9BE 2 0A9C8 00000004 0000001D 00000007 00000007 00000011 0000001D 00000011 00000018 003E1BC6 003E1CF6 0000EE90 003E02D8 003E1BC6 003E0864 003E5200 0D100408
S 0AA86 2 0AA90 0000000C 00000004 00000005 00000000 00000004 0000001E 00000015 0000001F 003E02D8 003E0864 0000EE90 003E4000 003E1BC6 003E0864 003E5200 9B03A3D7
S 0AB12 2 0EF58 00000007 00000016 00000013 00000001 00000006 00000005 0000000D 00000005 003E1BC6 003E02D8 003E1CF6 003E02D8 003E4000 003E1968 003E5200 12CFAEA8
S 0AB58 2 0AB62 00000012 0000000C 00000017 003E1C9A 00000001 00000008 00000004 00000011 003E1CF6 003E0864 003E0864 003E4000 003E02D8 003E0864 003E5200 1A371FF5
S 0AC4C 2 0AC56 00000010 00000009 0000000E 0000000C 00000019 0000000D 00000000 00000007 003E0864 003E1CF6 003E1BC6 003E1CAA 003E1968 003E1968 003E5200 1B84B64A
S 0AD5A 2 0AD62 0000001B 00000017 0000001B 00000018 00000013 00000004 0000000F 0000000F 003E02D8 003E4000 003E0F48 003E0864 003E0864 003E1BC6 003E4FE8 687400C7
S 0AF72 2 0AF78 00000019 0000000E 00000020 0000000F 00000001 0000001B 00000000 0000000B 003E1BC6 003E0864 003E0F48 003E02D8 003E1BC6 003E0864 003E5200 C6F71E6A
S 0B032 2 13580 0000000C 00000001 00000000 00000008 00000000 0000001A 0000001E 0000000C 003E02D8 003E0864 003E0864 003E1CF6 003E1CF6 003E02D8 003E5200 5C164980
S 0B2E8 2 0B2F0 0000000C 0000001A 00000010 00000015 00000003 00000004 00000012 00000002 003E1968 003E0F48 000000A1 003E02D8 003E4000 003E1CF6 003E5200 85E24790
S 0B53A 2 0B542 0000000E 00000011 00000012 00000015 00000002 00000002 0000001E 0000001F 003E4000 003E0864 003E1CF6 003E0F48 003E1BC6 003E02D8 003E4FE8 1891E86D
S 0B5B8 2 0B5C0 0000001C 00000005 00000014 0000003E 00000003 00000011 00000016 0000000C 003E1BC6 003E4000 003E1968 003E0F48 003E1968 003E02D8 003E5200 7D318D13
S 0B5E4 2 0B5EC 0000001B 00000018 0000000D 00000019 0000001A 00000004 00000002 00000006 003E0864 003E0864 003E4000 003E1CF6 003E0864 003E1BC6 003E4FE8 4FF6E8DF
S 0B738 2 0B740 00000011 0000001E 00000005 00000011 00000005 00000015 00000016 00000015 003E1BC6 003E4000 003E1968 003E4000 003E0864 003E0F48 003E4FE8 36993D27
S 0B7FA 2 0B802 00000008 00000012 00000014 00000007 00000017 0000000B 0000001A 0000001B 003E1CF6 003E4000 003E1BC6 003E0864 003E0F48 003E02D8 003E4FE8 B9B22111
S 0B958 2 0B960 0000001D 00000001 000000D4 00000003 00000002 0000000B 00000015 00000007 003E0864 003E4000 003E0864 003E02D8 003E0F48 003E1CF6 003E5200 3603A585
S 0B9C8 2 13580 00000005 0000001D 00000003 00000006 0000000B 00000008 0000000A 00000003 003E4000 003E1968 003E1968 003E4000 003E02D8 003E4000 003E5200 EC763E0C
S 0BB38 2 0BB40 0000000D 00000009 00000008 00000019 0000000B 0000001C 00000000 00000019 003E0864 003E1968 003E1CF6 003E0F48 003E1CF6 003E0F48 003E4FE8 C981DACF
S 0BB7C 2 0BB84 00000006 00000005 0000003E 00000019 0000001D 00000006 00000008 0000001C 003E0F48 003E02D8 003E02D8 003E4000 003E0F48 003E4000 003E5200 9B8B4DEE
S 0C150 2 0C158 0000001B 00000019 0000001C 0000000B 00000015 0000000B 00000007 00000015 003E0F48 003E1BC6 003E1968 003E1BC6 003E4000 003E4000 003E4FE8 F783CA58
S 0C1EE 2 0C1F6 0000001F 00000019 00000009 00000002 0000001B 00000014 00000010 00000012 003E1C44 003E4000 003E4000 003E4000 003E1968 003E1968 003E5200 F166431B
S 0C206 2 0C20E 00000010 0000001A 0000001F 0000000A 0000000F 00000006 00000003 00000006 003E1968 003E4000 003E1968 003E0864 003E0864 003E0864 003E4FE8 6356653C
S 0C240 2 0C248 00000008 0000000B 00000007 00000002 00000007 00000009 00000013 00000001 003E1968 003E1CF6 003E1BC6 003E0864 003E1BC6 003E4000 003E5200 8C0ADDF2
S 0C2BC 2 0C2C2 00000011 0000000C 0000001E 00000000 0000001D 0000001F 00000010 00000010 003E1CF6 003E0864 00000037 003E4000 003E02D8 003E0864 003E5200 DEF8D8DD
S 0C2DC 2 13580 00000006 00000003 0000000C 00000017 00000011 0000000F 0000001D 00000002 003E0F48 003E0864 003E1968 003E0864 003E0864 003E0F48 003E5200 1E7F9235
S 0C3E8 2 0C3F0 0000000A 00000006 000000D1 00000004 00000014 00000010 00000004 0000000E 003E0864 003E1CF6 003E02D8 003E0864 003E0F48 003E02D8 003E5200 1E2876A3
S 0C436 2 0C440 00000013 00000013 00000014 0000000B 00000018 00000009 00000003 00000007 003E02D8 003E0864 003E1964 003E0864 003E0F48 003E0F48 003E5200 2806F9A3
S 0C4AE 2 0C4B4 00000002 00000014 0000001C 00000007 00000001 00000008 00000008 00000008 003E0F48 000000CE 003E1968 003E1968 003E0864 003E1CF6 003E5200 8EE4053F
S 0C4CA 2 0C4D0 00000016 00000015 0000000C 00000000 00000016 0000000C 00000009 0000000A 003E1968 000000FC 003E1968 003E4000 003E0F48 003E0F48 003E5200 9285A538
S 0C4E8 2 0C4EE 0000001E 00000015 0000000E 00000009 00000016 0000001C 0000000D 00000011 00000038 00018614 003E02D8 003E0F48 003E0864 003E0F48 003E5200 98E5FB4F
S 0C504 2 0C50E 00000007 00000014 00000001 00000011 00000017 00000014 00000018 00000017 003E1968 003E0864 003E2498 003E02D8 003E1CF6 003E4000 003E5200 49B0A620
S 0C538 2 0C540 00000010 00000003 00000042 00000014 0000000F 00000015 0000001D 0000000C 003E0864 003E1CF6 003E1CF6 003E02D8 003E4000 003E0864 003E5200 D75A305E
S 0C568 2 13580 00000002 0000000E 00000001 00000003 00000015 00000012 00000017 0000000A 003E02D8 003E1CF6 003E1CF6 003E4000 003E02D8 003E1968 003E5200 FA7D80C9
S 0C5CA 2 0C5D2 0000000F 00000002 0000007F 00000011 0000000C 0000001C 00000004 0000001E 003E1968 003E1968 003E1CF6 003E02D8 003E0F48 003E0864 003E5200 A84BC1EF
S 0C688 2 0C690 00000012 0000001B 00000043 00000013 0000000B 0000000D 00000018 00000014 003E02D8 003E0864 003E1CF6 003E0864 003E1968 003E1CF6 003E5200 3E807178
S 0C724 2 0C72C 0000001F 00000007 000000D3 00000005 00000012 00000001 0000001D 00000007 003E1BC6 003E1968 003E0F48 003E1CF6 003E0864 003E0F48 003E5200 BE2F2DDB
S 0C7BC 2 0C7C4 0000000A 00000007 00000075 00000012 0000000B 0000000C 00000018 00000008 003E4000 003E0864 003E1BC6 003E1968 003E1968 003E02D8 003E5200 3D9B6A57
S 0C832 2 0C83A 00000012 0000001C 0000001C 000000E9 00000008 00000003 0000000B 00000007 003E1CF6 003E4000 003E02D8 003E1BC6 003E02D8 003E0F48 003E5200 412D6117
S 0C8DE 2 0C8E6 0000001E 0000001F 0000005F 00000013 00000016 00000009 0000000C 0000000B 003E4000 003E1BC6 003E1968 003E1CF6 003E1BC6 003E02D8 003E5200 7C3D2EC7
S 0C95E 2 0C966 00000016 00000017 0000006B 0000000D 00000007 00000008 0000000A 00000006 003E02D8 003E0F48 003E0864 003E02D8 003E0864 003E02D8 003E5200 18338254
S 0C9D2 2 13580 00000003 00000015 0000000F 0000001F 00000012 00000016 00000005 0000000B 003E1CF6 003E1968 003E1CF6 003E0F48 003E4000 003E0F48 003E5200 A93B5A59
S 0CA52 2 0CA5E 00000014 0000001C 00000012 00000018 0000001C 0000000E 00000012 00000000 003E02D8 003E0864 003E1968 003E1CF6 003E0F48 003E1BC6 003E5200 5AC69E28
S 0CA88 2 0CA90 00000007 0000000D 00000018 00000006 00000003 00000004 00000019 00000001 003E0F48 003E02D8 003E1950 003E1CF6 003E02D8 003E4000 003E5200 5B3C6F67
S 0CAE2 2 0CAEA 0000001B 00000012 0000000C 0000001B 00000004 00000003 00000006 0000001A 003E0864 003E4000 003E1CF6 003E0F48 003E02D8 003E1CF6 003E5200 C0363BC8
S 0CB24 2 0CB2A 00000007 00000001 0000000F 0000000B 00000014 0000001A 0000001C 00000012 003E4000 003E1968 003E4000 003E1968 003E0F48 003E0864 003E5200 DE030710
S 0CBAE 2 0CBB6 0000001E 00000018 00000011 0000000A 0000001D 0000001C 00000016 00000006 003E0F48 003E0864 003E0864 003E1BC6 003E0864 003E0864 003E4FE8 D61D11C6
S 0CC18 2 0CC1E 00000059 00000018 0000001A 00000004 00000006 00000002 00000002 0000000E 003E4000 003E02D8 003E1968 003E4000 003E02D8 003E4000 003E5200 C27024FF
S 0CC3A 2 0CC40 00000000 00000007 00000018 00000011 00000018 00000018 0000001F 00000016 003E4000 003E1968 003E02D8 003E0F48 003E1968 003E0864 003E5200 89B98949
S 0CCB2 2 13580 00000004 0000000F 0000000E 00000016 00000001 00000013 00000018 0000001E 003E0864 003E1BC6 003E1BC6 003E02D8 003E1968 003E1CF6 003E5200 E3E0237E
S 0CCE6 2 0CCF2 00000013 0000000E 00000005 00000019 00000014 00000003 00000017 00000001 000000E9 003E0864 003E1CF6 003E1CF6 003E1BC6 003E02D8 003E5200 4A4EBC01
S 0CD4A 2 0CD50 0000001E 00000005 00000014 00000003 0000001F 00000018 00000018 0000001A 003E02D8 003E0864 003E4000 003E0F48 003E1968 003E4000 003E4FE8 0C88B760
S 0CDAE 2 0CDB4 0000005E 0000000E 0000001A 0000000B 00000015 00000005 00000009 00000019 003E1968 003E0864 003E0864 003E1CF6 003E1BC6 003E02D8 003E5200 4525D5AE
S 0CDC0 2 0CDC6 0000000D 00000002 00000009 0000001A 00000001 0000001E 0000001F 0000000A 003E4000 003E0F48 000000FC 003E1BC6 003E1BC6 003E0F48 003E5200 C071E46F
S 0CDF6 2 0CDFE 0000003E 00000002 00000004 00000016 0000001C 00000012 00000014 00000008 003E1BC6 003E1CF6 003E02D8 003E0F48 003E1968 003E1BC6 003E4FE8 1519A963
S 0CE48 2 0CE50 0000001C 000000ED 00000011 00000006 00000010 00000003 00000011 00000002 003E40A8 003E1CF6 003E0864 003E1CF6 003E0864 003E1968 003E5200 9B9A6952
S 0CE76 2 0CE7E 00000010 00000060 0000001F 00000009 0000001A 0000000B 0000000D 00000004 003E4000 003E02D8 003E0864 003E0864 003E4000 003E0864 003E4FE8 5AC4D038
S 0CEE8 2 13580 00000001 00000003 00000006 00000009 0000000C 0000001F 00000016 0000000C 003E1CF6 003E4000 003E4000 003E0F48 003E02D8 003E02D8 003E5200 14A50ED6
S 0CF40 2 0CF48 00000004 00000011 00000006 00000015 0000000B 00000005 00000004 0000001C 003E0F48 003E1BC6 000000F4 003E02D8 003E1CF6 003E0F48 003E5200 55C76F1C
S 0CFDA 2 0CFE4 00000003 00000017 00000005 00000019 00000014 00000007 0000001E 0000000E 003E0F48 003E1CF6 003E194C 003E02D8 003E0F48 003E02D8 003E5200 195E5044
S 0D030 2 001A8 00000017 0000001C 0000001B 0000001B 0000000A 00000008 0000001D 00000005 003E0864 003E0F48 003E02D8 003E1BC6 003E1CF6 003E1CF6 003E5200 6C3642E9
S 0D04E 2 0EFFA 00000010 0000000A 00000007 00000014 0000000A 00000013 00000014 00000000 003E1BC6 003E1BC6 003E0F48 003E02D8 003E1BC6 003E0864 003E5200 6C85F819
S 0D696 2 0D69C 00000016 0000001F 00000003 00000018 0000001A 00000014 00000012 0000000B 003E02D8 003E4000 003E02D8 003E0864 003E0864 003E1BC6 003E5200 31B00AFB
S 0D7A0 2 0D7A8 00000010 0000001C 00000004 00000009 00000004 00000000 00000013 0000000A 003E02D8 003E1968 00000085 003E0F48 003E1BC6 003E0F48 003E5200 043234E1
X 0DB66 1
S 0DB6C 2 13580 00000007 00000010 00000000 00000015 00000018 0000001E 0000000A 0000001C 003E02D8 003E1CF6 003E0F48 003E1CF6 003E1BC6 003E0864 003E5200 447AD742
X 0DB72 1
X 0DB78 1
S 0DB7E 2 0DB84 0000001B 00000016 0000001C 00000019 00000019 00000018 0000001C 00000006 003E0F48 003E1CF6 003E1968 003E1968 003E0F48 003E1BC6 003E4FE8 8EA1BF9C
S 0DBE6 2 0DBEC 00000017 00000080 00000005 0000000E 00000006 0000000A 00000013 0000000E 003E0864 003E0F48 003E0864 003E4000 003E0864 003E1968 003E5200 8AFFCFA5
S 0DC10 2 0DC16 00000010 00000018 00000018 00000016 00000003 0000001C 0000001B 00000000 003E0864 003E0864 003E0864 003E0864 003E02D8 003E02D8 003E5200 0749CEC1
S 0DC3A 2 0DC42 0000000C 00000018 00000001 00000002 00000012 0000001E 0000000B 0000001A 003E4000 003E02D8 003E1BC6 003E0864 003E1BC6 003E1968 003E4FE8 CDA338F7
S 0DE1A 2 0DE24 00000014 00000006 00000001 0000001B 0000001C 00000005 0000000B 00000001 003E1BC6 003E1BC6 003E1BC6 003E1870 003E1968 003E1968 003E5200 D94D87A4
S 0DEC8 2 13580 00000014 00000019 00000006 00000019 00000007 00000002 00000009 0000000B 003E1BC6 003E1968 003E4000 003E1BC6 003E1968 003E1968 003E5200 B20B8D24
S 0E000 2 0E006 0000000A 00000004 0000000C 00000017 00000009 00000004 00000007 00000014 003E1CF6 003E4000 003E1BC6 003E4000 003E0864 003E02D8 003E5200 E3F916A3
S 0E020 2 0E02A 0000001D 00004015 00000006 00000007 0000000B 0000001C 00000012 00000006 003E1968 003E1BC6 003E0DE0 003E02D8 003E0864 003E02D8 003E5200 9F62D9DD
S 0E0EE 2 0E0F6 0000000E 00000019 0000000C 00000001 0000001E 0000000C 0000001A 0000000C 003E02D8 003E0864 003E1968 003E4000 003E0864 003E1CF6 003E4FE8 643DAF89
S 0E332 2 0E338 00000018 00000000 00000041 00000003 00000018 00000017 0000001A 0000001F 003E1CF6 003E02D8 003E02D8 003E0864 003E1968 003E1CF6 003E5200 2373B07E
S 0E3B0 2 0E3B8 00000010 0000000F 00000003 0000001C 00000005 0000000B 00000012 00000015 003E1CF6 003E02D8 003E1BC6 003E1968 003E0864 003E1CF6 003E4FE8 862376C4
S 0E516 2 00184 00000000 0000000F 0000000F 00000014 00000005 00000013 00000018 00000007 003E1968 003E0F48 003E1968 003E1CF6 003E02D8 003E0F48 003E5200 7514EAC7
S 0E546 2 0E54C 0000000E 00000017 00000016 00000014 0000001B 0000001B 00000017 0000000B 003E1BC6 003E0864 003E0F48 003E02D8 003E02D8 003E1968 003E5200 9116D67D
S 0E554 2 13580 00000001 0000000B 00000007 00000016 0000000F 0000000B 0000001F 00000005 003E02D8 003E0864 003E0864 003E0864 003E1CF6 003E0864 003E5200 78C5EA2E
S 0E7A8 2 0E7AC 00000010 00000003 00000017 0000001A 00000004 0000001B 00000009 00000013 003E0F48 003E1968 003E1BC6 003E02D8 003E0F48 003E1968 003E5200 7A34ED21
S 0E824 2 0E82C 00000004 00000017 0000001B 00000018 0000001A 0000000B 00000003 00000003 003E02D8 003E1BC6 0000007C 003E4000 003E0864 003E1BC6 003E5200 FE822855
S 0E98C 2 0E994 00000005 0000000D 0000001C 00000006 0000000E 00000001 00000004 00000017 003E0864 003E02D8 003E1968 003E02D8 003E1BC6 003E1CF6 003E4FE8 69DC6F2B
S 0EA46 2 0EA58 00000009 00000012 00000005 0000001F 00000002 00000003 0000001B 00000014 003E0F48 003E02D8 003E4000 003E1968 003E0F48 003E1968 003E5200 E00EBF4E
S 0EA68 2 0EA6E 00000079 00000005 00000013 0000001E 00000008 00000009 0000001C 0000001C 003E1968 003E1968 003E1968 003E1CF6 003E0F48 003E1BC6 003E5200 6EBF8AE9
S 0EABA 2 0EAD0 00000006 0000000F 0000000A 0000001B 0000000D 00000017 0000001A 0000000C 003E0F48 003E1968 003E0F48 003E0864 003E1968 003E02D8 003E5200 33A97476
S 0EAC8 2 0EAD2 0000000D 00000011 0000000A 0000001C 00000007 0000001F 00000002 0000001D 003E0F48 003E1BC6 003E1BC6 003E0864 003E0F48 003E1BC6 003E5200 826B7749
S 0EBBA 2 13580 0000001F 00000005 00000000 00000004 00000008 00000001 00000003 00000003 003E0864 003E1968 003E1BC6 003E1BC6 003E1968 003E1968 003E5200 8A85A6A0
S 0EC3A 2 0EC42 00000013 00000017 0000001F 0000001C 0000001C 0000000D 0000000F 0000000E 003E0864 003E1BC6 003E0864 003E1968 003E0864 003E1CF6 003E4FE8 98C0CF48
S 0ECB0 2 0ECB8 00000019 0000000B 00E5003E 0000000C 0000001E 0000001E 0000001E 00000005 003E0F48 003E0864 003E1968 003E0864 003E1CF6 003E1BC6 003E5200 EACFCDFE
S 0EDEA 2 0EDF2 00000017 0000000B 0000000C 00000004 00000019 0000001F 0000000E 00000002 003E1BC6 003E1968 003E0DE2 003E1BC6 003E4000 003E1CF6 003E5200 0F4AB5EB
S 0EE22 2 0EE2A 00000000 00000002 00000004 0000000E 00000007 00000018 00000004 0000001B 00141BC6 003E0F48 003E1BC6 003E0864 003E1968 003E1CF6 003E5200 CD5D04D9
X 0EE3A 1
S 0EE44 2 0EE4A 00000009 00000014 00000000 00000018 00000001 00000003 0000001A 0000001E 003E1CF6 003E0F48 003E4000 003E1BC6 003E1CF6 003E02D8 003E5200 E0D14F75
S 0EE90 2 0EE98 00000010 00000012 0000001F 00000011 00000014 00000009 00000008 00000006 003E1BC6 00000084 003E4000 003E1CF6 003E0F48 003E1CF6 003E5200 DB4BED1A
S 0EEEE 2 13580 0000000A 00000017 0000001D 00000005 00000003 00000012 0000001A 00000016 003E0864 003E1CF6 003E1968 003E02D8 003E0864 003E4000 003E5200 58A594B4
S 0EF58 2 0EF60 00000019 00000013 0000001C 00000010 0000001B 00000017 00000006 00000001 003E1BC6 00000034 003E1BC6 003E02D8 003E0864 003E1BC6 003E5200 9ECBA652
S 0EFBA 2 0EFC0 00000000 00000013 0000001D 00000004 00000019 00000014 00000002 00000001 003E02D8 003E1968 003E0F48 003E0864 003E0F48 003E1CF6 003E5200 8D5A9876
S 0EFFA 2 0F000 00000000 00000006 0000000A 0000001D 00000018 0000000B 00000008 00000004 003E1BC6 003E02D8 003E4000 003E1968 003E1BC6 003E1CF6 003E5200 86799554
S 0F000 2 0F008 00000005 00000014 0000000B 0000000C 00000009 0000001D 0000001F 00000000 003E1968 003E1BC6 003E0864 003E1BC6 003E02D8 003E02D8 003E5200 FD2E81B9
S 0F13E 2 0F148 00000007 0000000C 0000001A 00000015 00000005 00000013 0000000B 00000004 003E0864 003E4000 003E02D8 003E0864 003E02D8 003E02D8 003E5200 A43853A0
S 0F1FA 2 0F2CC 0000001F 0000000B 0000001D 00000011 00000007 00000006 00000007 0000000E 003E0F48 003E1BC6 003E4000 003E0F48 003E1968 003E1968 003E5200 F195D914
S 0F26A 2 0F270 00000009 0000974F 00000010 00000005 00000003 0000001A 0000001D 00000011 003E1CF6 003E1CF6 003E1CF6 003E4000 003E4000 003E1BC6 003E5200 F7AD160E
S 0F2CC 2 13580 00000000 00000010 00000016 00000006 00000015 00000013 0000001C 00000000 003E4000 003E4000 003E1968 003E02D8 003E0864 003E1968 003E5200 CDF7D111
X 0F2EE 2
X 0F2FA 2
S 0F306 2 0F30E 00000011 00000019 00000048 00000004 0000001C 0000000D 0000000A 0000001E 003E02D8 003E1968 003E1CF6 003E02D8 003E02D8 003E1BC6 003E5200 02889C77
S 0F3B2 2 0F3BC 00000014 00000008 00000019 00000011 0000001D 0000001C 0000000A 00000017 003E1BC6 003E0F48 003E4000 003E0000 003E0000 003E1CF6 003E5200 5863523E
S 0F4CA 2 0F4D4 00000014 0000000E 00000014 0000001C 0000001B 00000006 0000000F 0000000A 003E02D8 003E0F48 003E0000 003E1BC6 003E02D8 003E02D8 003E5200 710D62BF
S 0F52C 2 0F534 00000018 000000D0 0000001B 0000000A 0000000D 00000002 00000004 00000018 003E4010 003E02D8 003E1968 003E0864 003E1BC6 003E1968 003E5200 84EB548D
S 0F540 2 0F54A 00000010 00000002 00000002 00000010 00000002 00000003 00000018 0000000B 003E1CF6 003E1CF6 003E0000 003E1968 003E1CF6 003E02D8 003E5200 DFB34603
S 0F5F6 2 13580 00000014 0000001A 00000013 00000018 0000000C 0000001C 00000018 0000000B 003E0F48 003E0F48 003E0864 003E1968 003E1968 003E0F48 003E5200 6779E591
S 0F630 2 0F638 0000000B 00000001 00000017 00000014 00000019 00000008 0000000C 00000001 003E1CF6 003E1BC6 003E1BC6 003E0864 003E02D8 003E02D8 003E4FE8 AC617A68
S 0F79E 2 0F7A6 0000001C 00000000 0000000D 00000016 00000016 0000001C 0000000C 00000000 003E02D8 003E4000 003E1BC6 003E0F48 003E0F48 003E1CF6 003E4FE8 56E8DE58
S 0F922 2 0F92C 00000000 0000000C 00000017 00000010 0000001D 00000012 0000000F 00000010 003E02D8 003E1CF6 003E1BC6 003E0F48 003E0864 003E0F48 003E5200 F75C70B2
S 0F936 2 0F93E 00000016 0000001E 00000011 0000001D 0000001C 00000015 00000004 00000015 003E1968 003E4000 003E02D8 003E1BC6 003E0864 003E1BC6 003E4FE8 41C1D1D1
X 0FB74 1
S 0FB80 2 0FB86 00000000 00000006 00000006 00000010 0000001B 0000001D 0000001C 00000000 003E0F48 003E1CF6 003E4000 003E4000 003E0F48 003E0864 003E5200 E3A07344
S 0FBC6 2 0FBD0 00000006 00000013 00000011 00000010 0000001A 00000012 00000000 0000000F 003E4FEC 003E0864 003E4000 003E4000 003E1BC6 003E0F48 003E5200 44BDDDB4
S 0FBE2 2 18652 0000000B 0000001D 00000013 0000001A 00000002 00000002 00000006 00000014 003E1BC6 003E0864 003E1968 003E02D8 003E1CF6 003E0F48 003E5200 460B2ED4
S 0FBE4 2 00650 0000001E 00000003 00000010 0000000A 0000000D 00000007 00000010 0000001B 003E1BC6 003E1968 003E1CF6 003E1CF6 003E4000 003E1CF6 003E5200 31FC91C6
X 0FC06 1
X 0FC0E 0
S 0FC10 2 13580 00000011 00000006 0000001E 0000000F 00000012 00000007 00000009 0000001A 003E0864 003E1CF6 003E1BC6 003E02D8 003E0864 003E02D8 003E5200 FE14018F
S 0FC1E 2 0FC2A 00000000 00000003 00000007 00000010 00000006 00000017 00000002 00000019 003E02D8 003E0864 003E1968 003E0F48 003E1CF6 003E0F48 003E5200 79EF3FF8
S 0FC32 2 0FC3A 00000014 0000000A 00000002 0000000A 0000001F 0000000D 00000011 00000017 003E1968 003E1968 003E1968 003E4000 003E1CF6 003E0864 003E5200 AC2EBA70
X 0FC3A 2
S 0FC46 2 0FC52 00000000 00000003 0000001F 00000014 0000000B 00000003 00000011 00000018 003E02D8 003E02D8 003E4000 003E0864 003E1CF6 003E02D8 003E5200 AF7F68F7
S 0FC4A 2 0FC52 00000000 00000013 00000012 00000011 0000000F 00000005 00000014 00000002 003E1BC6 003E0F48 003E0864 003E1968 003E1968 003E02D8 003E51FF 9C2FC1BB
S 0FC74 2 0FC80 00000000 00000003 0000001A 00000013 0000001E 00000000 00000007 00000004 003E02D8 003E4000 003E0F48 003E1CF6 003E0864 003E0F48 003E5200 ACC785D9
S 0FC88 2 0FC90 00000009 00000002 00000011 00000017 0000000C 00000001 00000011 00000008 003E0864 003E0864 003E1BC6 003E1CF6 003E02D8 003E4000 003E5200 C604597D
S 0FC9C 2 13580 00000004 00000009 00000017 00000005 00000014 0000000F 0000000C 0000001F 003E0F48 003E0864 003E1968 003E1968 003E02D8 003E4000 003E5200 F95C499C
S 11BD8 2 11BDE 00000000 0000001C 0000000B 00000004 00000009 00000010 0000001E 0000001E 003E02D8 003E1CF6 003E0F48 003E1968 003E0F48 003E1CF6 003E5200 51098AA3
S 11BEC 2 11BF2 00000000 0000000C 00000000 0000001C 0000000E 00000005 0000001A 0000001D 003E02D8 003E0F48 003E1968 003E1CF6 003E0F48 003E0F48 003E5200 15354C6C
S 11C04 2 11C0A 00000000 0000001F 0000000D 00000007 0000000B 00000015 00000013 00000013 00000021 003E1968 003E02D8 003E1968 003E02D8 003E0F48 003E5200 BCEC152B
S 11CE2 2 11CEA 0000005E 00000004 00000007 00000007 0000001F 00000000 00000008 00000001 003E0864 003E0F48 003E02D8 003E1968 003E1CF6 003E4000 003E5200 8F7FEE33
S 11CF8 2 11D00 00000000 00000000 00000011 0000001D 000000FE 00000003 00000011 0000001E 003E0F48 003E1BC6 003E4000 003E02D8 003E4000 003E1BC6 003E5200 1F52D522
S 11D5C 2 11D62 00004299 00000010 0000000A 00000013 00000009 0000001E 00000015 00000004 003E1968 003E1BC6 003E4000 003E02D8 003E4000 003E1CF6 003E5200 90C07714
S 11D96 2 11D9E 00000008 0000001F 00000004 00000016 00000011 00000012 0000000F 00000010 003E1BC6 0000000A 003E0864 003E1BC6 003E0864 003E1BC6 003E5200 BAEA84FF
S 11E10 2 13580 0000001B 00000008 00000016 00000013 00000019 0000000A 00000011 0000001C 003E02D8 003E4000 003E1BC6 003E1968 003E0864 003E1968 003E5200 877127A1
S 11E58 2 11E62 0000C1D1 00000056 00000015 00000019 00000014 00000016 0000000E 0000000C 003E0842 003E0F48 003E0F48 003E02D8 003E1968 003E1CF6 003E5200 7742B4BF
S 11EDA 2 11EE4 00000005 00000005 00000018 0000000E 00000004 00000005 00000009 00000004 000E5930 003E1CF6 003E1BC6 003E02D8 003E1BC6 003E0F48 003E5200 D3565FC3
S 11EF2 2 11EFC 00000006 00000001 00000004 0000000F 00000012 00000008 00000015 00000000 000DADDC 003E1BC6 003E0864 003E02D8 003E0864 003E0864 003E5200 CA90B1A5
S 11EFE 2 11F08 00000000 00000012 0000000C 0000000D 0000000A 00000016 00000013 00000016 000D2608 003E0864 003E1968 003E0864 003E1BC6 003E0F48 003E5200 DA6C11BC
S 11F2A 2 11F2E 00000000 00000018 00000007 0000001B 0000001D 00000008 00000013 00000006 003E1CF7 003E02D8 003E4000 003E1968 003E0864 003E1CF6 003E5200 541142D1
S 11FF8 2 12000 00000005 00000013 000042B6 0000000C 00000001 00000006 00000019 00000012 003E4000 003E1968 003E4000 003E1BC6 003E0F48 003E1BC6 003E5200 FE1C4E24
S 12026 2 1202E 00004227 0000001E 00000015 00000003 00000004 0000001E 00000009 00000015 003E1CF6 003E02D8 003E1968 003E02D8 003E0864 003E1CF6 003E5200 3C8D651E
S 1204C 2 13580 0000000A 0000001B 00000000 0000001A 00000008 0000000E 00000002 00000011 003E1BC6 003E4000 003E1968 003E0864 003E1968 003E4000 003E5200 1F26573F
S 12066 2 1206A 00000019 000000FF 00000007 00000007 0000000B 00000010 00000003 0000000F 003E1BC6 003E0F48 003E02D8 003E4000 003E0F48 003E0864 003E5200 35F7A2DD
S 12078 2 12080 00000006 0000001F 00000018 0000000A 0000001C 0000001C 00000002 00000011 0000005A 003E1968 003E1CF6 003E02D8 003E0F48 003E4000 003E5200 57B18BC3
S 120A2 2 120A6 00000008 00000011 00000012 00000000 00000013 00000019 0000001F 00000012 003E4001 003E0864 003E02D8 003E1CF6 003E02D8 003E02D8 003E5200 2FC5DD2E
S 1217E 2 12186 0000001E 00000017 00000013 00000008 0000001B 00000015 00000007 00000008 003E432D 003E0864 003E1BC6 003E1968 003E02D8 003E1968 003E5200 38816A0C
S 121C4 2 121CE 00000000 00000011 0000000A 00000012 0000001B 0000001C 0000001B 00000017 000DADDC 003E1CF6 003E4000 003E1968 003E02D8 003E1BC6 003E5200 B245D943
S 12222 2 18576 000000FF 00000007 0000001F 00000004 00000006 0000000D 000000FF 0000001C 003E0864 003E02D8 003E1CF6 003E0864 003E1968 003E1BC6 003E5200 4B2C3B8D
S 122C6 2 185EE 00000034 00000018 0000001F 00000017 00000003 0000001C 00000009 0000000F 003E1966 003E1BC6 003E1BC6 003E0F48 003E02D8 003E1968 003E5200 E6199316
S 12306 2 13580 00000010 0000000C 00000009 0000000B 0000001B 00000006 0000000E 00000018 003E1CF6 003E0F48 003E0864 003E1CF6 003E0F48 003E02D8 003E5200 066BA138
S 1231A 2 12322 00000015 00000013 0000001E 00000012 0000000B 0000000B 0000001A 00000002 003E0864 003E02D8 003E0864 003E1CF6 00012350 003E0F48 003E5200 FF80728F
X 12354 2
S 1238C 2 12390 00000000 0000001C 0000001C 00000000 0000000E 0000000B 00000006 0000000A 003E02D9 003E0864 003E4000 003E0864 003E02D8 003E1BC6 003E5200 38066066
S 124BE 2 124C6 00000001 00000013 0000000C 0000000E 00000010 0000000E 00000014 0000000A 00000047 003E1BC6 003E1CF6 003E1BC6 003E0864 003E1CF6 003E5200 596C1F07
S 124E2 2 124E6 00000000 00000019 00000003 00000000 0000001F 00000017 0000001C 0000001A 003E02D9 003E1968 003E4000 003E1968 003E4000 003E1CF6 003E5200 B33E5A59
S 12574 2 12578 00000000 0000001B 0000001D 00000000 00000006 0000001B 00000014 00000019 003E02DA 003E0865 003E02D8 003E02D8 003E0864 003E1CF6 003E5200 8DB08AFC
S 1259C 2 125A0 00000003 00000000 0000001B 00000015 00000019 0000001A 00000009 00000003 003E0F48 003E0864 003E1BC6 003E0864 003E1968 003E0F48 003E5200 7A699269
S 125DA 2 13580 00000016 0000000F 0000001E 0000000C 00000003 0000001F 00000015 00000009 003E1BC6 003E1CF6 003E1968 003E0864 003E1968 003E1968 003E5200 D1E96530
S 1262A 2 12630 00000010 00000010 00000013 00000008 00000015 0000001F 00000015 00000001 003E02D8 003E02D8 003E02D8 003E0F48 003E1968 003E0F48 003E5200 8FF80F14
S 128BC 2 11E58 0000000C 0000001C 0000000D 00000011 00000004 00000014 00000009 00000017 003E1BC6 003E1CF6 003E1968 003E1BC6 003E02D8 003E02D8 003E5200 DA8874A7
S 13000 2 1300C 0000000D 00000013 00000008 00000013 00000008 00000016 00000008 0000001D 00200000 0021FFFE 003E1CF6 003E4000 003E0864 003E0F48 003E5200 C2963EA6
S 130B0 2 130B8 0000001E 00000016 00000018 00000009 00000013 00000001 00000016 00000005 003E4000 003E1BC6 003E0864 003E02D8 003E4000 003E4000 003E5200 5B83EAB0
S 130EE 2 130F4 00000015 00000007 00000009 00000000 00000006 00000017 00000012 0000000B 003E0F48 003E1BC6 003E1BC6 003E1968 003E1BC6 003E0F48 003E5200 9D3062E1
S 130F8 2 13662 0000001E 00000018 0000000D 00000015 0000001A 00000012 00000010 0000000A 003E02D8 003E02D8 003E02D8 003E0864 003E1BC6 003E1BC6 003E5200 EF0C1BB5
S 13350 2 19F3E 00000004 00000016 00000012 00000011 00000013 0000000D 0000001F 00000014 003E4000 003E1968 003E0F48 003E0864 003E1968 003E4000 003E5200 CFCC09EE
S 133B2 2 196AC 0000000F 00000008 00000015 00000001 00000019 0000001C 00000010 0000001E 003E4000 003E02D8 003E02D8 003E1CF6 003E1968 003E1CF6 003E5200 455F3E24
S 133EC 2 133F4 00000000 0000000A 00000002 0000000A 00000003 0000001D 0000001A 00000008 003E4000 003E1BC6 003E1CF6 003E1968 003E1BC6 003E1BC6 003E5200 5AB48475
S 1354C 2 13556 00000019 0000000D 0000001C 00000008 00000011 00000012 0000000A 00000007 003E3F02 003E1968 003E1CF6 003E1968 003E4000 003E0F48 003E5200 B0DA147D
S 1357C 2 13586 00000010 00000007 00000000 00000008 0000001C 0000000C 0000001D 0000000D 003E4000 003E1968 003E1CF6 003E1BC6 003E0864 003E1968 003E5200 5A71109C
S 1378E 2 13796 00000000 0000001D 0000000B 0000001E 00000018 0000001F 00000000 00000019 003E1BC6 003E1968 003E1CF6 0072FFFE 003E0F48 003E4000 003E5200 B258166A
S 1397A 2 13982 00000000 00000018 0000000A 00000010 00000009 00000019 00000000 00000012 003E1968 003E02D8 003E1BC6 0072FFFE 003E1CF6 003E0864 003E5200 D4976E65
S 13CDA 2 13CE2 00000011 0000000B 0000001B 0000000E 0000000B 0000001C 0000000C 0000001C 003E1968 003E0F48 003E4000 003E0864 003E1BC6 003E02D8 003E5200 3998CB8A
S 13D1E 2 13D24 00000003 0000000A 00000011 00000010 00000018 0000001C 00000013 00000014 003E1968 003E0864 003E4000 003E4000 003E1968 003E4000 003E5200 A5E1665C
S 13E0A 2 13E12 00000017 00000000 003E4029 0000001A 00000010 0000001A 00000006 00000002 003E1CF6 003E1968 003E02D8 003E1CF6 003E0864 003E1CF6 003E5200 750A6A15
S 13E6A 2 13E70 0000000A 00000009 0000001E 00000014 0000000E 0000000C 00000018 00000010 003E4FD4 003E0864 003E1968 003E1CF6 003E0F48 003E4000 003E4FE8 30A6A332
S 13E94 2 13E9C 0000000C 00000014 0000002A 00000017 00000005 00000003 0000001A 0000000B 003E02D8 003E1CF6 003E1CF6 003E02D8 003E1CF6 003E1BC6 003E5200 66C98535
S 13F40 2 14772 00000014 00000017 00000010 0000000A 0000001C 0000000E 0000001A 00000007 003E4000 003E4000 003E02D8 003E02D8 003E1BC6 003E02D8 003E5200 43E2692D
S 13F98 2 13FA4 00000013 00000016 00000015 00000000 00000007 0000001D 00000009 00000011 003E1BC6 003E1968 003E1BC6 003E0864 003E4000 003E1968 003E5200 871930A9
S 13FCE 2 13580 0000000D 00000004 00000019 0000000B 0000001A 00000005 00000006 00000005 003E02D8 003E0864 003E0F48 003E1BC6 003E4000 003E0F48 003E5200 88FE5962
S 14044 2 1404E 00000009 00000011 0000001C 00000019 0000000A 00000004 00000003 00000014 003E1BC6 003E0F48 003E3448 003E1BC6 003E1CF6 003E02D8 003E5200 82DBA7DA
S 14138 2 14140 0000001F 00000008 00000050 00000005 00000003 0000001E 0000001E 0000001A 003E1CF6 003E0F48 003E1CF6 003E1968 003E0864 003E1BC6 003E5200 991008D1
S 141D4 2 141DE 0000001E 0000000C 00000007 00000007 00000015 00000009 0000000C 00000008 003E1968 003E1CF6 003E1CF6 003E1BC6 003E4000 003E02D8 003E5200 E8ECFE90
S 1425C 2 14264 00000015 0000001E 0000000D 00000008 00000000 00000005 00000002 0000001E 00000022 003E1CF6 003E1BC6 003E0864 003E1BC6 003E1BC6 003E5200 BB116912
S 143B0 2 143B8 0000000C 00000007 0000001D 00000003 00000018 0000001E 00000019 0000001B 003E1CF6 003E02D8 0000000A 003E0864 003E0864 003E1BC6 003E5200 71AEE49C
S 14492 2 1449E 0000000D 0000001D 00000005 00000009 00000009 00000007 0000001B 00000014 003E4000 003E0864 003E0864 003E1CF6 003E0F48 003E4000 003E5200 855A6955
S 144AE 2 144B6 00000002 00000001 0000001C 00000017 00000000 00000006 00000019 00000002 003E4000 003E0F48 003E02D8 003E4000 003E0864 003E0864 003E5200 E390E596
S 144D0 2 13580 0000000E 0000001B 00000018 00000010 0000001E 0000001B 00000000 0000000B 003E0864 003E1968 003E02D8 003E0864 003E1BC6 003E02D8 003E5200 17A8E182
S 14578 2 14582 00000008 00000007 0000001F 0000001C 00000009 0000001D 0000000A 0000001B 003E1CF6 003E1BC6 003E3536 003E0F48 003E0864 003E0F48 003E5200 291D37FD
S 14772 2 1477A 00000004 00000022 0000001E 00000012 00000011 00000004 00000000 00000002 003E0F48 003E1BC6 003E1CF6 003E1CF6 003E0864 003E0864 003E5200 EEB712C3
S 1485C 2 14864 0000000E 00000016 00000013 00000011 00000010 00000017 00000009 00000016 003E1CF6 003E4000 003E0F48 003E1BC6 003E1CF6 003E0F48 003E4FE8 3C159346
S 14A36 2 14A3E 00000018 00000006 000000C7 00000003 00000000 00000005 0000000C 00000016 003E02D8 003E4000 003E1BC6 003E02D8 003E4000 003E02D8 003E5200 B9C5F144
S 14B2C 2 14B34 0000000D 0000000D 0000009C 00000006 0000001E 0000001D 00000009 00000001 003E0F48 003E4000 003E1968 003E1CF6 003E1BC6 003E02D8 003E5200 44B35D32
S 14C3C 2 14C44 00000004 00000000 00000010 0000001F 00000016 00000011 00000005 00000010 003E1968 003E1CF6 003E0864 003E1968 003E1CF6 003E0864 003E4FE8 AAE2FF6E
S 14DD2 2 14DDA 00000017 0000001C 00000008 00000014 00000011 00000004 00000004 0000001C 003E4000 003E1CF6 003E1968 003E1BC6 003E1968 003E0864 003E4FE8 3DC8DAF8
S 14E5C 2 14E62 00000002 00000019 0000000E 00000017 00000005 00000004 0000001D 00000003 003E1CF6 003E1CF6 003E02D8 003E0F48 003E0F48 003E02D8 003E5200 2DBEBBE8
S 14ECA 2 14ED2 00000019 00004243 0000000D 00000013 00000013 00000001 00000017 00000001 003E02D8 003E1CF6 003E02D8 003E0864 003E4000 003E1BC6 003E5200 064B1E7F
S 14EF8 2 14F00 0000001B 0000004A 0000000E 00000016 00000005 0000000B 00000019 0000001D 003E1968 003E02D8 003E1BC6 003E1968 003E1BC6 003E1968 003E5200 F3476127
S 14F7A 2 14F82 00000000 000000EB 0000001A 0000001C 0000000B 00000014 00000018 0000001A 003E0F48 003E0F48 003E1CF6 003E4000 003E0864 003E0F48 003E5200 2CACBA91
S 14FF2 2 14FFA 0000001A 0000001E 0000002E 00000005 00000001 0000001E 00000013 0000000B 003E1BC6 003E4000 003E0864 003E1CF6 003E0F48 003E1BC6 003E5200 786B7F6B
S 15064 2 1506C 00000011 00000007 0000001C 00000002 0000001F 00000005 00000000 00000000 003E1968 003E0864 003E1968 003E0864 003E0864 003E02D8 003E5200 52BDC2F8
S 15100 2 15106 00000059 00000059 0000000E 00000014 00000005 0000001A 0000001B 00000006 003E1CF6 003E02D8 003E1BC6 003E02D8 003E1968 003E02D8 003E5200 198473B3
S 1520E 2 15218 00000007 00000000 0000001A 00000015 0000001D 0000000C 0000001A 0000000D 003E1968 003E1968 000102D8 003E361E 003E1968 003E1968 003E5200 1113EB2A
S 155A0 2 13580 00000009 00000015 00000011 0000000F 00000003 00000005 00000006 00000004 003E1CF6 003E1968 003E1BC6 003E1968 003E1CF6 003E0864 003E5200 FDDFA9E1
S 15672 2 15678 000000A8 00000001 00000001 00000015 0000001B 00000000 00000003 0000000D 003E1968 003E1BC6 003E1968 003E0F48 003E0864 003E4000 003E5200 70AF1114
S 1568E 2 15694 00000001 000000D7 00000003 00000010 00000009 00000013 00000004 00000017 003E0864 003E1CF6 003E1CF6 003E02D8 003E02D8 003E0F48 003E5200 A8727CD2
S 156AC 2 156B4 0000000A 00000010 00000012 00000087 0000001A 00000005 00000005 00000009 003E0F48 003E02D8 003E0F48 003E02D8 003E0864 003E1BC6 003E5200 EF16FB14
S 15830 2 15838 00000012 00000014 00000008 0000000F 00000007 00000008 0000000B 00000013 003E02D8 003E4000 003E1CF6 003E0F48 003E1BC6 003E0F48 003E5200 F8E97A8E
S 160BA 2 160C0 00000013 00000018 00000034 00000007 0000000F 00000012 0000000F 00000019 003E1BC6 003E4000 003E4000 003E0864 003E02D8 003E0864 003E5200 213F8EE2
S 1684C 2 16852 00000011 0000001E 0000007E 0000001D 0000001E 0000000C 00000019 0000001A 003E0F48 003E4000 003E0864 003E1BC6 003E1CF6 003E1968 003E5200 90DC7C3B
S 168F8 2 19368 00000000 00000013 00000009 00000003 00000010 00000014 00000005 0000000C 003E0864 003E1CF6 003E1BC6 003E0864 003E1BC6 003E4000 003E5200 E062F345
S 16BC8 2 13580 0000000C 0000001D 0000001B 0000000C 00000010 0000000F 00000003 00000002 003E4000 003E02D8 003E0F48 003E1BC6 003E1968 003E0864 003E5200 952F0F6B
S 16BDA 2 16BE2 00000013 00000010 00000019 0000001B 0000000E 00000007 00000013 0000000A 003E1968 003E1CF6 00011CF6 00017FCC 003E1BC6 003E1CF6 003E5200 86D901F1
S 16D3E 2 160BA 00000016 00000004 0000000D 00000013 00000006 0000000D 0000000F 0000000D 003E1968 003E1968 003E02D8 003E0864 003E02D8 003E02D8 003E5200 AA6D6BB1
S 16D4E 2 181AA 00000009 0000001B 00000016 00000010 0000001C 00000018 00000018 00000001 003E02D8 003E02D8 003E0864 003E1968 003E1CF6 003E4000 003E5200 7F0A96F2
S 16D60 2 181AA 00000017 0000000E 00000000 00000004 00000008 00000012 00000005 00000009 003E1BC6 003E1CF6 003E1CF6 003E1968 003E0F48 003E02D8 003E5200 C7A8F199
S 16D6E 2 15212 00000019 00000006 00000000 00000019 00000005 00000001 00000009 00000016 003E1BC6 003E02D8 003E0864 003E4000 003E1CF6 003E02D8 003E5200 2EFDAD13
S 16D78 2 17804 00000015 00000000 0000000F 00000017 00000010 0000000C 00000017 0000000A 003E1968 003E02D8 003E02D8 003E1968 003E4000 003E1BC6 003E4FE4 057306D9
S 16D80 2 16FF4 00000009 00000015 00000002 0000000F 0000000D 00000010 0000000B 0000000B 003E1968 003E1CF6 003E0864 003E4000 003E1CF6 003E4000 003E4FE4 D4B6C4AF
S 16D88 2 174A4 00000013 00000014 00000002 00000000 00000006 00000001 0000000E 00000003 003E0864 003E1CF6 003E02D8 003E02D8 003E02D8 003E02D8 003E5200 BD3A1F3C
S 16E14 2 13580 00000014 00000017 00000019 0000000C 00000011 0000001E 00000016 0000000E 003E1968 003E1BC6 003E1968 003E1968 003E0F48 003E1CF6 003E5200 663DD591
S 16E1C 2 17990 0000000D 0000000F 0000001E 00000012 0000000B 00000000 00000002 0000000E 003E0864 003E1968 003E4000 003E0864 003E1BC6 003E02D8 003E4FE4 8A6AFB41
S 16E24 2 169CC 00000006 0000000B 00000017 0000000C 00000019 0000001F 00000015 0000000E 003E4000 003E0864 0001829C 003E4000 003E02D8 003E4000 003E5200 51544B75
S 16E2C 2 16E30 00000019 0000001A 0000000B 00000000 0000000E 0000001F 0000001D 00000005 003E1968 003E02D8 003E1968 003E0F48 003E4000 003E0F48 003E5200 67B7F338
S 16EEC 2 16EF0 0000000D 00000003 00000009 00000008 00000019 00000007 00000000 0000000B 003E1BC6 003E0864 003E1968 003E4000 003E1BC6 003E1968 003E5200 D7E96D5A
S 16FF0 2 16FF8 00000014 0000000C 00000006 00000000 0000001B 00000016 0000000C 00000013 003E0F48 003E0864 00010F48 003E0F48 003E1BC6 003E0864 003E4FE8 FCEF76CD
S 17330 2 17338 00000007 00000003 0000007D 0000000C 0000000E 00000001 00000004 00000010 003E1CF6 003E02D8 003E4000 003E0864 003E0864 003E1CF6 003E5200 1276EB45
S 173D8 2 173E0 00000002 00000012 00000019 00000081 00000017 0000000F 00000001 0000001E 003E1CF6 003E02D8 003E02D8 003E02D8 003E4000 003E0864 003E5200 BCB0CCEA
S 174A2 2 13580 0000000E 0000000D 00000012 00000019 0000000D 00000003 0000001E 0000001E 003E1CF6 003E0864 003E0864 003E02D8 003E1CF6 003E1968 003E5200 D1ABB54F
S 17500 2 1750A 00000009 00000017 0000000A 0000001F 00000012 00000019 00000000 00000016 00200000 003E0864 003E1BC6 003E1BC6 003E1CF6 003E02D8 003E5200 3E4AB4E3
S 1753C 2 17544 00000005 00000002 0000000A 00000018 0000001D 00000000 0000000D 00000006 0000000C 003E1968 003E1BC6 003E0864 003E1968 003E1BC6 003E5200 6414EF8C
S 175DE 2 175E8 0000000B 00000004 0000001E 0000000D 00000006 00000018 00000016 00000011 003E1CF6 003E02D8 00018B76 00011CF6 003E4000 003E0F48 003E5200 CD6E20C0
S 177E8 2 177F2 00000016 0000001F 00000016 00000004 0000000E 00000014 0000000D 00000008 003E1968 003E0F48 003E0F48 003E0864 003E1CF6 003E1968 003E5200 6F405BBF
S 17800 2 17808 0000000A 00000010 0000000E 00000016 00000016 00000013 0000000E 0000000E 003E02D8 003E4000 003E02D8 00011968 003E0864 003E02D8 003E4FE8 8728DCFC
S 1796E 2 1797A 00000013 00000018 0000001C 0000001C 0000001E 00000016 00000000 00000012 003E02D8 003E1968 003E0F48 003E1CF6 003E02D8 003E1BC6 003E5200 C592E4DD
S 1798C 2 17994 00000014 00000006 00000010 0000001D 0000001D 00000011 0000001F 00000002 003E0864 003E02D8 003E02D8 003E0864 00011968 003E4000 003E4FE8 0E09E440
S 17EDE 2 13580 00000010 00000001 00000010 00000007 0000000E 0000001E 0000000F 0000000D 003E1CF6 003E0864 003E1968 003E1BC6 003E02D8 003E1968 003E5200 150A2E54
S 17EF4 2 17EFC 0000001E 00000003 0000003D 0000001C 0000000A 00000004 00000001 00000008 003E4000 003E0F48 003E1968 003E1CF6 003E0F48 003E02D8 003E5200 9EAB3A20
S 17F42 2 17F4C 0000001D 00000002 00000004 00000006 00000017 00000011 00000007 0000000A 003E4000 003E02D8 003E0F48 003E02D8 003E02D8 003E1BC6 003E5200 3DF189E6
S 17F70 2 17F7A 00000017 00000006 00000001 0000000B 0000001C 00000010 00000008 00000014 003E1968 003E0864 003E0864 003E1CF6 003E1BC6 003E02D8 003E5200 C8A9CBB6
S 17FCC 2 17FD4 0000001B 0000000F 00000071 00000003 0000000A 00000017 00000014 00000011 003E1968 003E0864 003E4000 003E0864 003E02D8 003E02D8 003E5200 A6D0A88C
S 18000 2 18004 0000001A 00000016 00000001 00000007 00000010 0000001D 00000011 00000018 003E1BC6 003E0F48 003E02D8 003E0F48 003E1BC6 003E1968 003E5200 6C13F213
S 18040 2 18048 00000004 00000015 00000015 0000000F 00000017 00000013 00000000 0000001E 003E4000 003E02D8 003E0F48 003E1CF6 003E1CF6 003E02D8 003E4FE8 AACE24A2
S 1815A 2 18160 00000006 00000007 0000001C 00000005 0000000F 00000011 00000008 00000018 003E4000 003E1BC6 00018040 003E02D8 003E1CF6 003E1968 003E5200 3DEF86D4
S 1829C 2 13580 0000001E 00000003 00000017 0000000D 00000004 00000015 00000008 00000015 003E0F48 003E1968 003E0864 003E1968 003E1CF6 003E0F48 003E5200 9565FCF4
S 183F2 2 183FC 00000034 0000001F 0000001D 00000000 00000005 00000002 00000015 0000001B 003E3D8E 003E1CF6 003E0F48 003E0864 003E4000 003E02D8 003E5200 4466AD55
S 18418 2 1841E 0000001B 0000001C 00000001 0000000E 00000006 0000001B 00000017 00000012 003E1BC6 003E0F48 003E1CF6 003E1968 003E1968 003E0F48 003E5200 0F56EBE2
S 1851C 2 18524 00000000 0000000B 00000012 00000002 00000003 0000000C 00000004 00000008 00000012 003E0864 003E1BC6 003E4000 003E0864 003E4000 003E5200 7BDC7332
S 18544 2 18652 00000002 00000006 00000001 00000007 0000000B 00000018 0000000B 00000004 003E1BC6 003E0F48 003E1BC6 003E1BC6 003E0F48 003E1BC6 003E5200 0A634CC8
S 18548 2 19C2E 0000000D 00000002 0000001A 00000005 00000005 0000001D 0000000F 00000000 003E1968 003E0864 003E0864 003E02D8 003E02D8 003E0864 003E5200 7E08399D
S 18556 2 19C2E 00000001 0000000F 0000000C 00000012 0000000D 0000000D 00000015 0000001B 003E0864 003E1CF6 003E1CF6 003E02D8 003E1CF6 003E1BC6 003E5200 D6AD9332
S 18564 2 19C2E 00000006 0000000A 00000006 0000000C 00000002 00000004 0000001C 00000015 003E0F48 003E02D8 003E4000 003E02D8 003E1968 003E1CF6 003E5200 765A92A1
S 18576 2 13580 00000010 00000002 00000003 00000016 00000015 00000014 00000019 0000000A 003E0864 003E4000 003E1968 003E1BC6 003E1CF6 003E1BC6 003E5200 E5CB579E
S 18588 2 19C2E 0000000F 00000006 0000000C 0000000B 0000001A 00000015 0000001B 0000001E 003E1968 003E1BC6 003E1BC6 003E02D8 003E0864 003E1968 003E5200 7C101E98
S 18598 2 19C2E 00000000 00000017 00000011 00000009 00000012 00000002 00000016 0000000F 003E4000 003E4000 003E0F48 003E1968 003E1CF6 003E0864 003E5200 A6737AFF
S 185AA 2 19C2E 00000000 00000018 0000001D 00000019 00000017 00000007 00000016 0000001E 003E1CF6 003E02D8 003E1CF6 003E0864 003E02D8 003E4000 003E5200 9FBB72FA
S 185B6 2 19C2E 0000001B 0000000B 00000019 00000011 0000001A 00000000 0000001C 0000001A 003E1BC6 003E0864 003E1968 003E0864 003E1CF6 003E1968 003E5200 73CD577F
S 185CC 2 19C2E 0000000D 0000000E 00000009 0000000B 0000000A 00000008 00000016 0000000A 003E0864 003E02D8 003E0F48 003E1BC6 003E0F48 003E1BC6 003E5200 EAA404CE
S 185DC 2 19C2E 00000005 00000010 00000015 0000001D 00000019 00000006 0000001D 00000008 003E1CF6 003E1BC6 003E0864 003E0864 003E1CF6 003E0864 003E5200 7280CDF0
S 185EE 2 19C2E 00000009 0000001D 0000000D 0000000C 00000002 00000013 00000017 00000014 003E0864 003E1BC6 003E1BC6 003E1968 003E4000 003E0F48 003E5200 02B542CB
S 18600 2 13580 0000000B 0000001B 00000013 00000018 00000008 00000018 0000000E 00000019 003E1BC6 003E1BC6 003E1BC6 003E0F48 003E4000 003E1BC6 003E5200 25B2AA2A
S 18614 2 19C2E 0000001B 00000005 00000017 0000000A 00000017 00000019 00000011 0000001E 003E1BC6 003E4000 003E4000 003E0864 003E1968 003E1CF6 003E5200 E3B7D8D1
S 18626 2 19C2E 00000014 0000001E 00000015 00000007 0000001B 00000011 00000000 00000007 003E02D8 003E02D8 003E02D8 003E1BC6 003E1BC6 003E02D8 003E5200 C03BA022
S 1863E 2 19C2E 0000000E 00000008 00000000 00000019 00000013 00000019 0000000C 0000001A 003E0864 003E0F48 003E02D8 003E0F48 003E0864 003E02D8 003E5200 2FC41F8B
S 18652 2 18658 0000001B 0000000F 0000001F 0000001A 00000015 00000010 00000012 0000000D 003E0F48 003E1968 003E0F48 003E1CF6 003E0F48 003E0F48 003E5200 59663E6B
X 18658 1
S 1865E 2 18664 0000000C 003E6000 00000000 0000001D 00000011 0000000A 00000000 00000012 000000B9 003E4000 003E0F48 003E0F48 003E0864 003E0864 003E5200 724E4057
S 1866C 2 18674 003E414D 00000017 00000005 00000015 0000001F 00000004 00000012 00000012 000000D5 003E0864 003E1BC6 003E1CF6 003E1CF6 003E0F48 003E5200 68B4241C
S 1867C 2 13580 00000014 00000002 0000001A 0000000F 0000001C 00000006 0000000E 0000001D 003E0F48 003E0864 003E0864 003E0864 003E1CF6 003E0F48 003E5200 4B4B372A
S 1868C 2 18692 00000004 00000002 00000004 00000000 0000000D 00000017 0000001F 00000016 00000033 00000032 003E1BC6 003E4000 003E1CF6 003E1BC6 003E5200 6BEA7644
S 1869E 2 186A4 00000000 00000005 00000019 00000012 00000012 00000004 00000000 0000001C 003E4000 003E0864 003E0864 003E4000 003E0F48 003E02D8 003E5200 B7F679EF
S 18764 2 1876E 0000001D 00000012 00000003 00000017 00000003 00000007 00000019 00000007 003E4000 003E1BC6 003E3400 003E0864 003E1CF6 003E0864 003E5200 90010A8C
S 1884A 2 18850 0000000C 0000000F 0000000F 0000000E 00000018 00000016 0000001A 00000003 003E1BC6 003E1CF6 003E1968 003E1BC6 003E02D8 003E1CF6 003E5200 07D7C010
S 1885A 2 18860 0000000C 0000001C 00000007 0000001C 0000000C 00000011 0000000A 0000000D 003E0F48 003E1BC6 003E4000 003E02D8 003E1CF6 003E1BC6 003E5200 F1BD28A5
S 1888C 2 18892 0000000F 000000EA 00000013 00000017 00000000 00000012 0000001F 00000011 003E02D8 003E1CF6 003E1CF6 003E1968 003E02D8 003E02D8 003E5200 621B8886
S 188AA 2 188B0 00000003 000000F0 00000013 00000011 00000017 0000000A 00000015 00000006 003E02D8 000000F0 003E4000 003E1968 003E0F48 003E1968 003E5200 9CE0DB57
S 188EC 2 13580 00000018 0000001F 00000004 0000000E 00000007 0000000E 00000001 00000009 003E0864 003E0F48 003E02D8 003E0F48 003E1CF6 003E0864 003E5200 86F0A0FF
S 188F8 2 188FE 00000000 0000001A 00000008 00000010 00000004 0000001B 00000011 00000019 00000000 003E4000 003E1BC6 003E0F48 003E0864 003E02D8 003E5200 BF1AE5E3
S 1890C 2 18914 00000013 00000000 0000000B 00000009 0000000B 00000016 00000018 0000001B 003E4000 003E02D8 003E0864 003E1CF6 003E1CF6 003E1968 003E5200 006558C5
S 18A5E 2 18A66 00000003 00004132 00000008 0000001F 0000001C 0000001D 00000018 0000000B 0000004C 003E4000 003E1CF6 003E0F48 003E02D8 003E0F48 003E5200 FD2804E3
S 18A66 2 18A6C 0000001D 0000001C 0000001C 0000000A 00000002 00000013 0000001B 00000001 003E02D8 003E0F48 003E02D8 003E4000 003E1CF6 003E4000 003E5200 C2C67969
S 18AFE 2 18B06 00000002 00000014 00000019 00000008 0000001B 00000004 00000018 00000018 003E4000 003E0864 003E02D8 003E4000 003E1968 003E0864 003E4FE8 85D6871D
S 18B26 2 18B2E 0000000C 00000010 0000000B 0000001A 00000006 0000000B 00000012 0000000A 003E02D8 003E1968 003E0F48 003E1BC6 003E1BC6 003E0864 003E4FE8 B72F9650
S 18B5C 2 18B64 00000000 0000001E 0000001C 0000001D 0000001B 00000004 00000000 00000003 003E0864 003E0864 003E4000 003E4000 003E0F48 003E0864 003E4FE8 EC9052E4
S 18B76 2 13580 0000001F 00000019 00000013 00000006 00000005 00000006 0000000E 00000018 003E1968 003E1968 003E0F48 003E02D8 003E0F48 003E1CF6 003E5200 5F9CBA9F
S 18B92 2 18B98 00000015 00000011 00000007 00000010 00000013 00000003 00000009 00000004 003E1968 002002D8 003E1CF6 003E0F48 003E0F48 003E02D8 003E5200 482E08D0
S 18C3C 2 18C44 00000002 000041D9 0000001E 00000016 00000002 0000001F 0000001C 0000001B 000000B4 003E02D8 003E1CF6 003E1968 003E1BC6 003E4000 003E5200 6CA6A2C4
S 18C48 2 18C4E 00000011 0000001A 00000006 0000000E 00000008 00000004 00000011 0000001D 003E1968 00000011 003E0F48 003E1CF6 003E1968 003E02D8 003E5200 4CDBCB43
S 18CAA 2 18CB2 0000001F 00000001 0000000E 00000015 00000007 00000005 00000007 00000006 003E0864 07070707 003E1968 003E1968 003E1CF6 003E0F48 003E5200 5796E32F
S 18CCE 2 18CD4 00000023 00000000 00000019 00000004 0000000F 0000000F 0000000F 00000011 003E1BC6 003E1968 003E0F48 003E1BC6 003E0864 003E1BC6 003E5200 EF13F354
S 18CDE 2 18CE4 0000002D 0000001B 00000003 00000005 00000005 00000017 00000019 00000012 0000001B 00201968 003E1BC6 003E4000 003E4000 003E0F48 003E5200 7AD3FF60
S 18D18 2 18D22 00000010 0000000F 00000001 00000012 00000014 0000000B 00000005 0000000F 003E0F48 00200004 003E4000 003E1CF6 003E1BC6 003E1968 003E5200 FE643801
S 18D88 2 13580 0000001A 00000014 00000010 00000014 00000002 0000001A 0000001A 00000011 003E0F48 003E0F48 003E4000 003E4000 003E4000 003E0F48 003E5200 377557A8
S 18DC4 2 18DCA 00000007 000000AD 00000000 0000000C 0000001F 00000002 00000005 0000000E 003E1CF6 003E0F48 003E1968 003E1BC6 003E4000 003E0F48 003E5200 4B215F7C
S 18DEA 2 18DF0 00000004 000040C6 0000000F 00000017 0000000F 00000003 00000005 00000012 003E1BC6 003E0F48 003E0F48 003E1CF6 003E1CF6 003E1BC6 003E5200 0C9AB25A
S 18DF6 2 18E02 00000002 00000000 00000018 00000017 00000012 00000014 00000014 00000014 003E1BC6 003E0F48 003E0F48 003E1BC6 003E0F48 003E1CF6 003E5200 206650AE
S 18DFC 2 18E02 00000001 00000004 00000003 00000017 00000019 00000011 00000011 0000000C 003E4000 003E1CF6 003E1BC6 003E02D8 003E1968 003E02D8 003E5200 D240E129
S 18E06 2 18E10 00000003 0000000A 00000003 00000006 00000011 0000001B 0000000C 00000014 003E1968 003E1CF6 003E3400 003E4000 003E0864 003E0F48 003E5200 26757323
S 18E66 2 18E6E 00000004 00000009 0000001B 00000006 00000004 00000006 0000001F 0000000F 003E4000 003E0F48 00000018 003E1968 000192E6 003E1CF6 003E5200 80FD7C08
S 18F10 2 18F16 00000004 0000000A 00000010 00000000 00000011 00000000 00000014 00000009 003E1CF6 003E1968 00019182 003E1968 003E4000 003E1968 003E5200 005E4822
S 19010 2 13580 00000013 00000004 0000001C 00000001 00000010 00000015 0000000A 00000001 003E1968 003E1BC6 003E1968 003E1BC6 003E0864 003E0F48 003E5200 7A7855D6
S 19032 2 1903A 0000001F 000000F0 0000000E 00000006 0000001E 00000002 0000000E 0000000E 003E0864 003E02D8 003E02D8 003E0F48 003E1CF6 003E0864 003E5200 048AF7F3
S 19054 2 1905C 0000000A 00000009 00000011 0000000D 00000002 00000004 0000001B 00000007 003E4000 003E1968 003E02D8 003E02D8 003E4000 003E0F48 003E4FE8 82813780
S 190C0 2 190C8 00000017 00000005 0000000C 00000018 0000000D 0000001E 00000011 00000019 003E1CF6 003E0864 003E1968 003E1BC6 003E4000 003E1968 003E4FE8 B200A387
S 190DA 2 190E4 00000001 00004023 00000013 00000006 0000000C 0000000A 00000015 00000011 003E1CF6 003E1968 003E1CF6 003E1CF6 003E1BC6 003E4000 003E5200 29CD3204
S 19366 2 1936C 00000000 0000001F 0000001B 00000013 00000004 00000008 00000000 0000000F 003E4000 003E0F48 003E1BC6 003E1CF6 003E1CF6 003E1BC6 003E5200 484E4111
S 1939C 2 193A6 0000000C 00000014 0000000F 00000009 0000000D 00000011 00000014 0000001A 003E3418 003E1968 003E1BC6 003E1CF6 003E1BC6 003E4000 003E5200 3908C40F
S 193F2 2 193FA 0000001A 00000017 0000001D 0000001E 00000016 0000001E 0000001F 00000011 000000B4 003E1BC6 003E1BC6 003E4000 003E0864 003E4000 003E5200 1FFC615F
S 19404 2 13580 00000014 0000001F 0000000D 0000000D 00000005 0000001C 00000010 00000012 003E02D8 003E1BC6 003E0F48 003E0864 003E0F48 003E4000 003E5200 2E7BE694
S 1940A 2 19414 000007FF 00000000 00000015 0000000D 00000019 0000000F 0000000B 0000000A 003E1CF6 00200004 003E0864 003E1968 003E0864 003E1BC6 003E5200 289799DB
S 1942A 2 19432 00000015 00000021 0000000C 0000001B 0000001D 00000007 0000000E 00000015 003E4000 003E02D8 003E0864 003E4000 003E4000 003E4000 003E5200 5B2C42A1
S 1946E 2 19476 00000002 0000005E 00000003 00000006 0000000B 00000003 00000015 00000015 003E41DE 003E02D8 003E1CF6 003E4000 003E0864 003E4000 003E5200 35D1336C
S 19552 2 19558 00000000 0000000E 00000019 00000004 00000014 00000002 00000019 00000015 003E0F48 003E0864 003E1968 003E0F48 003E1BC6 003E02D8 003E5200 06E0DC4D
S 195B4 2 195BA 00000000 00000032 0000000E 00000009 00000009 00000016 0000000C 00000003 003E1968 003E4000 003E4000 003E1968 003E02D8 003E0864 003E5200 9EC43290
S 1960A 2 1960E 00000005 00000020 00000012 00000012 0000000D 00000004 0000001F 00000002 003E02D7 003E1CF6 003E4000 003E0F48 003E0F48 003E0F48 003E5200 1D75BF3E
S 19614 2 1961A 000000E2 00000008 00000015 00000018 0000000F 00000012 00000002 0000001E 003E0F48 003E1CF6 003E02D8 003E1968 003E1CF6 003E1BC6 003E5200 46BCB687
S 196AC 2 13580 00000018 0000001F 0000001F 0000000A 00000008 00000012 00000010 00000012 003E1BC6 003E02D8 003E0F48 003E02D8 003E1CF6 003E1BC6 003E5200 E87C46C9
S 19786 2 1978A 00000009 00000017 0000000C 00000009 0000001A 00000008 00000010 0000001C 00000000 003E0864 003E1968 003E1CF6 003E1BC6 003E4000 003E5200 4B24ACA8
S 1978E 2 19792 00000019 0000000F 00000008 00000019 00000005 00000015 0000001D 0000001C 003E02D8 003E02D8 003E1BC6 003E1968 003E1968 003E1BC6 003E5200 9015E434
S 197D8 2 197DC 0000000A 00000001 0000001E 00000000 0000001A 0000000F 00000002 0000001B 003E1968 0000000F 003E4000 003E0864 003E0F48 003E1968 003E5200 F63A742A
S 198C0 2 198C8 00000019 00000004 00000015 00000013 00000004 0000001B 0000000A 00000016 003E1BC6 003E0864 00000075 003E02D8 003E0F48 003E1CF6 003E5200 15592021
S 1997A 2 19980 0000000C 00000009 00000009 0000001E 00000019 00000001 00000012 00000017 003E4000 003E4000 003E1CF6 003E0F48 003E02D8 003E02D8 003E5200 6CA82ECF
S 19A24 2 19A2A 0000000F 00000000 00000008 00000014 00000006 00000003 0000000A 00000006 003E1CF6 003E1CF6 003E0864 003E1CF6 003E1CF6 003E0F48 003E5200 69EFC618
S 19BB8 2 19BBE 00000001 0000001C 00000008 00000014 0000000A 0000001F 0000000E 00000004 003E1968 00000001 003E4000 003E1CF6 003E0864 003E0F48 003E5200 78D1323D
S 19BD8 2 13580 00000013 00000018 00000018 00000012 00000010 00000007 00000012 0000000F 003E1CF6 003E1BC6 003E1CF6 003E4000 003E02D8 003E1968 003E5200 5FECD00A
S 19C00 2 19C06 0000001F 0000001F 0000001B 0000001E 00000000 00000011 0000000C 00000014 000000EC 000000EC 003E02D8 003E0864 003E4000 003E0F48 003E5200 711CFFEF
S 19C22 2 19C28 00002704 0000006C 00000011 0000001A 00000004 0000000C 0000000D 00000019 003E1BC6 003E4000 003E1BC6 003E02D8 003E4000 003E02D8 003E5200 561393E2
X 19C2E 2
S 19C3C 2 19C46 0000001F 00000017 00000003 0000001A 0000001B 0000001E 00000012 00000007 006C0000 003E1968 003E4000 003E4000 003E1BC6 003E1968 003E5200 2D55C8E7
S 19C70 2 19C76 000000C5 00000001 00000010 0000000B 00000017 00000004 00000005 00000003 003E4000 003E0864 003E02D8 003E1BC6 003E1968 003E0F48 003E5200 F714B11D
S 19CCC 2 19CD0 00000030 00190000 00000018 00000015 0000000F 00000011 00000016 00000014 003E0864 003E1BC6 003E1CF6 003E0864 003E02D8 003E1CF6 003E5200 27564006
S 19CD0 2 19CD8 0000000A 00000006 0000000D 00000013 00000002 00000009 0000001E 00000005 00000036 003E02D8 003E4000 003E1BC6 003E1968 003E1BC6 003E5200 5FDF149A
S 19F3E 2 19F48 0000001F 0000000F 0000000A 0000001B 00000000 00000001 00000014 00000006 003E4000 003E1CF6 003E370E 00011BC6 003E02D8 003E1968 003E5200 A6EBAB93
S 1A05A 2 1A062 0000001C 00000005 00000011 00000000 0000000C 0000001A 00000019 0000001D 0000007F 003E0F48 003E4000 003E4000 003E02D8 003E1BC6 003E5200 CDFA51EC
S 1A0CC 2 13580 0000001C 00000002 0000001A 00000016 0000001D 00000010 00000019 0000000E 003E4000 003E02D8 003E1BC6 003E0F48 003E02D8 003E02D8 003E5200 7366C989
S 1A100 2 1A106 00000037 00000037 00000014 0000000C 00000002 00000000 0000000B 00000002 003E1BC6 003E02D8 003E4000 003E1CF6 003E0F48 003E1BC6 003E5200 62525A62
S 1A14E 2 1A156 00000011 00000019 0000000C 0000000C 00000015 0000000A 0000000D 00000018 003E3D56 003E0864 003E4000 003E1BC6 003E02D8 003E1CF6 003E5200 BD361B9D
S 1A1CA 2 1A1D2 00000012 00000013 00000004 0000001C 00000017 00000008 00000015 00000007 003E1968 003E1CF6 003E1BC6 003E02D8 003E0F48 003E1968 003E5200 63834C74
S 1A230 2 1A3E0 0000001A 0000001E 00000000 00000016 00000009 00000006 00000006 0000001A 003E4000 003E4000 003E1968 003E02D8 003E1968 003E0864 003E5200 D6705C61
S 1A23C 2 1A244 0000000F 00000003 0000000E 00000013 00000011 00000016 00000005 00000010 00000000 003E0F48 003E0F48 003E0864 003E0F48 003E1CF6 003E5200 B3CA9D27
S 1A248 2 1A250 00000097 00000009 0000001B 00000012 0000001B 00000000 0000001D 00000012 50C60000 003E1CF6 003E0F48 003E02D8 003E0864 003E0F48 003E5200 FD3D7A92
S 1A256 2 18564 00000001 00000007 00000010 0000001C 00000003 00000010 0000000B 0000001F 07070707 003E0864 003E4000 003E1968 003E1968 003E0F48 003E5200 01807E27
S 1A260 2 13580 00000009 0000000E 00000010 00000018 0000000E 00000010 0000000D 0000000E 003E0864 003E02D8 003E02D8 003E0864 003E1BC6 003E4000 003E5200 D4EE33DE
S 1A284 2 1A28A 0000000E 00000007 0000000E 0000000A 0000001E 0000000E 0000000F 00000016 003E0864 003E4000 003E1CF6 003E4000 003E02D8 003E4000 003E5200 95B4CF1C
S 1A2C6 2 1A2CC 00000018 00000012 00000000 0000001A 00000005 0000001F 00000009 00000005 003E1CF6 003E1BC6 003E0864 003E0F48 003E4000 003E0F48 003E5200 E519A7BD
S 1A318 2 1A31E 00000000 00000010 0000001A 0000001B 0000000E 00000014 00000014 00000013 003E1CF6 003E1968 003E0F48 003E02D8 003E0F48 003E1BC6 003E5200 1F00A4B8
S 1A3E6 2 1A3EE 00000010 0000000F 0000001C 00000007 0000001A 0000000A 00000002 00000005 003E1BC6 003E4000 0000009A 003E02D8 003E0864 003E0864 003E5200 B948344F
S 1A58A 2 1A592 00000016 0000004A 0000001A 0000000C 0000000B 00000011 00000016 00000009 003E40ED 003E1CF6 003E02D8 003E1968 003E1CF6 003E0F48 003E5200 5CC0CFD3
S 1A5F0 2 1A5F8 00000008 00000006 00000007 00000002 0000001D 00000016 0000001E 00000008 003E0F48 003E4000 003E1CF6 003E1BC6 003E1CF6 003E1CF6 003E4FE8 C74DB9C4
S 1A8C0 2 1A8C4 00000015 00000007 0000000E 00000007 00000007 00000004 00000002 0000001A 003E1BC6 003E1BC6 003E0F48 003E1CF6 003E1968 003E1BC6 003E5200 E9380B9D
S 1ACE0 2 13580 00000001 00000005 0000001F 0000001C 0000000B 0000000F 00000015 0000000A 003E1968 003E4000 003E1BC6 003E0F48 003E0864 003E1BC6 003E5200 4FEE1272
S 1ACEC 2 1B048 0000001D 00000015 00000001 0000000D 00000002 0000000C 00000011 00000003 003E4000 003E02D8 003E02D8 003E1CF6 003E0864 003E1BC6 003E5200 B31CAFEA
S 1ACF6 2 1ACFC 0000000B 00000000 00000000 0000001A 00000000 00000001 0000000C 00000004 003E1BC6 003E0F48 003E1CF6 003E0F48 003E4000 003E1968 003E5200 E7C80187
S 1AD04 2 1AD0E 00000009 00000005 0000001A 0000001B 0000001A 00000006 0000001C 00000009 003E4000 003E0F48 003E1BC6 003E4000 003E1968 003E1BC6 003E5200 9CA9A87A
S 1AD20 2 1AD24 00000009 00000009 0000001B 00000016 00000009 0000000D 00000013 00000006 003E1BC6 003E0864 003E0864 003E1BC6 003E0864 003E02D8 003E5200 082EC4BB
S 1AD42 2 1AD48 00000019 00000000 00000000 00000008 0000001A 00000006 00000018 00000006 003E4000 003E4000 003E1CF6 003E4000 003E4000 003E1968 003E5200 7317E975
S 1AD54 2 1AD5C 0000001C 00000011 0000000A 00000018 00000000 0000001F 0000000B 0000001A 003E1BC6 003E0864 003E1968 003E1CF6 003E0864 003E4000 003E5200 CD5CA191
S 1AD60 2 1AD66 00000013 00000000 00000000 0000001B 00000004 00000014 00000000 00000006 003E02D8 003E02D8 003E1BC6 003E1CF6 003E02D8 003E02D8 003E5200 1606B906
S 1AD6E 2 13580 00000014 0000000D 00000002 00000010 00000007 00000011 0000000E 0000001C 003E02D8 003E02D8 003E0864 003E02D8 003E1BC6 003E1968 003E5200 E72B0F8A
S 1AD82 2 1AD86 00000009 00000000 00000007 0000000E 00000000 00000000 0000000A 00000000 003E1968 003E1968 003E0864 003E1BC6 003E1BC6 003E1968 003E5200 7C4D9A14
S 1AD9A 2 1ADA0 00000000 00000005 00000016 0000001E 00000000 00000011 0000000A 00000005 003E1CF6 003E0F48 003E1CF6 003E0F48 003E0864 003E02D8 003E5200 964D1C1A
S 1ADA2 2 1ADA8 00000000 00000006 0000000C 00000012 0000000D 00000013 00000002 0000001F 003E1968 003E0F48 003E1968 003E1BC6 003E02D8 003E4000 003E5200 925A45B1
S 1ADB0 2 1ADB4 0000001A 00000018 00000005 00000015 00000018 0000001D 0000001F 00000004 003E0864 003E0864 003E02D8 003E0864 003E0F48 003E1968 003E5200 1BC67127
S 1ADCC 2 1ADD0 0000000C 0000001F 0000001A 00000007 0000001F 00000011 0000000D 0000000A 003E1CF6 003E4000 003E02D8 003E02D8 003E0F48 003E02D8 003E5200 B940D8C3
S 1ADE2 2 1ADE6 0000000A 0000000A 0000000E 0000001F 0000000A 0000000F 0000000C 00000012 003E4000 003E1CF6 003E02D8 003E4000 003E0864 003E1BC6 003E5200 03EB6FBD
S 1ADF8 2 1ADFC 00000010 00000011 0000000B 00000002 00000011 00000016 00000004 00000005 003E1CF6 003E1BC6 003E0864 003E02D8 003E0F48 003E1CF6 003E5200 A8BE6B50
S 1AE0E 2 13580 0000000C 00000006 00000013 0000001D 00000010 00000007 00000013 0000000C 003E1BC6 003E1CF6 003E1CF6 003E02D8 003E02D8 003E4000 003E5200 89E9ACE9
S 1AE2A 2 1AE30 00000000 00000018 00000004 00000012 00000004 00000016 00000009 00000002 003E0F48 003E0F48 003E1968 003E0864 003E0F48 003E4000 003E5200 F0B11AE8
S 1AE3C 2 1B048 0000000A 00000016 00000000 00000009 0000001A 00000006 00000002 0000001F 003E0864 003E0864 003E1968 003E1968 003E0F48 003E0864 003E5200 FEFDBCDC
S 1B06E 2 1B076 00000010 00000006 00000019 00000010 00000006 00000015 00000011 0000000D 000000B8 003E1BC6 003E1968 003E4000 003E1968 003E1CF6 003E5200 E20D9123
S 1B11C 2 1B126 0000000C 00000013 00000009 0000001D 00000011 0000000F 00000015 0000000B 000000A7 003E3D8E 003E02D8 003E1BC6 003E0864 003E4000 003E5200 2B95BE18
S 1B166 2 1B16E 00000005 00000005 0000001B 0000001C 00000008 00000009 00000010 00000018 00000049 003E1968 003E4000 003E0F48 003E1BC6 003E4000 003E5200 979C2DE0
S 1B1D2 2 1B1DA 00000007 0000009D 00000000 00000000 00000004 00000017 00000019 00000018 003E02D8 003E4000 003E4000 003E02D8 003E1CF6 003E1968 003E5200 A5B47231
S 1B2B2 2 1B2BA 00000009 00000041 00000003 00000010 00000003 0000000E 0000000C 0000001B 003E02D8 00461CF6 003E0F48 003E4000 003E1BC6 003E1CF6 003E5200 86D21DE8
S 1B306 2 13580 00000018 00000018 00000002 0000000C 0000000B 00000004 00000010 00000013 003E0864 003E02D8 003E1CF6 003E4000 003E0F48 003E1BC6 003E5200 F8150538
S 1B42E 2 1B436 00000000 00000016 0000001A 00000010 00000001 00000012 00000010 00000008 003E4000 003E02D8 003E4000 003E0F48 003E1968 003E0F48 003E5200 824829EE
S 1B4BE 2 1B4C8 00000001 00000008 00000001 00000010 00000004 00000002 00000002 0000000F 003E3D8E 006402D8 003E4000 003E02D8 003E1BC6 003E0F48 003E5200 12313F41
S 1B538 2 1B540 00000001 00000012 00000005 0000003B 0000000C 0000001A 0000000C 00000004 003E0864 003E02D8 003E0F48 003E0864 003E1CF6 003E0F48 003E5200 E6104535
S 1B612 2 1B61A 000000CE 00000001 00000019 0000000C 00000005 0000000C 00000011 00000000 003E0F48 003E4000 003E4000 003E02D8 003E4000 003E1CF6 003E5200 8AA94CF4
S 1E6B2 2 1E6B8 00000000 00000000 00000008 00000009 00000019 00000019 0000000D 00000010 003E1BC6 003E1CF6 003E1968 003E0F48 003E02D8 003E4000 003E5200 8B004853
S 1E6DC 2 1E6E4 00000184 00000002 0000000B 00000017 00000013 0000000B 00000015 00000005 003E0864 003E1BC6 003E02D8 003E1BC6 003E1BC6 003E0864 003E5200 44B35DD3
S 1E720 2 1E724 00000000 00000011 00000000 0000001D 00000002 00000005 0000000E 00000005 003E1BC7 003E02D8 003E4000 003E0864 003E02D8 003E4000 003E5200 0467A1EB
S 1E7B8 2 13580 0000001E 00000003 00000017 00000013 00000008 00000000 00000000 00000007 003E1BC6 003E1BC6 003E02D8 003E02D8 003E02D8 003E0F48 003E5200 7B12D80B
S 1E7E4 2 1E7E8 0000001E 00000001 00000004 00000004 00000012 0000000C 00000005 00000017 003E0F48 003E0864 003E1BC6 003E02D8 003E1CF6 003E0F48 003E5200 66CAE80A
X 1E8D2 0
done 753
S 00118 20 18E40 00000002 0000419E 0000000C 0000000E 00000010 00000007 00000015 00000013 000000E6 003E341B 003E3400 003E02D8 003E1CF6 003E4000 003E5200 C4FD4646
S 0011E 20 19662 00000004 000A0002 00000000 00000018 00000011 00000004 00000016 00000003 003E40D4 003E402D 003E1CF6 003E4000 003E02D8 003E02D8 003E5200 76DCDB6E
S 00124 20 195F2 FFFF004F 0000000E 00000006 00000004 0000000F 00000007 00000002 0000000D 003E4300 00000030 003E1968 003E1968 003E1BC6 003E1CF6 003E5200 819DC288
S 0012A 20 194A4 00000015 000000FB 00000001 00000003 00000007 00000027 00000010 00000017 003E41F0 003E1CF6 003E1BC6 003E0F48 003E0864 003E02D8 003E5200 CBEB3B0C
S 00130 20 18652 0000FFFF 00000013 00000004 0000001A 00000007 00000005 0000001E 0000000D 000000FF 00200004 003E3400 003E1BC6 003E1968 003E0F48 003E5200 F9EB681F
S 00136 20 18E3C 00000004 00000000 0000000C 0000000A 00000006 00000014 00000017 00000007 003E1BC6 003E341B 003E3400 003E4000 003E1968 003E4000 003E5200 42C72D85
S 0013C 20 18E40 00000006 0000405A 0000000C 00000014 0000000D 00000001 00000000 00000012 000000D7 003E341B 003E3400 003E0F48 003E1CF6 003E02D8 003E5200 F424D978
S 00142 20 1359E 00009084 0000000B 00000010 0000000F 00000013 00000019 00000014 00000001 003C0008 003C07FC 003E0F48 003E0864 003E1CF6 003E0F48 003E5200 842722F5
S 00148 20 18E44 00000003 00004162 0000000C 00000000 0000001F 0000001E 0000000D 00000009 00000002 003E341B 003E341B 003E1968 003E0F48 003E0F48 003E5200 89C8E215
S 0014E 20 18E32 00000007 000000D3 00000006 0000001D 0000000A 00000012 0000000B 0000001F 003E02D8 003E341B 003E3400 003E4000 003E0864 003E4000 003E5200 334D3313
S 00154 20 18A98 00000430 00000000 409E0000 0000000E 0000000D 00000012 00000004 00000002 000000F2 00000040 000000F4 003E1968 003E1968 003E1968 003E5200 C62A507E
X 0015A 20
S 00160 20 193BC 00000000 00000001 0000000C 0000001D 00000006 00000017 00000005 0000000F 003E341B 003E343C 003E1968 003E4000 003E1968 003E0F48 003E5200 D91555B3
S 00166 20 193C0 0000001B 00000000 00000003 00000006 00000004 00000008 00000018 00000017 003E341C 003E3444 003E0864 003E0864 003E1968 003E0F48 003E5200 28FC22E1
S 0016C 20 193E8 000000DA 00000000 00000008 00000004 0000001B 00000007 0000001D 00000008 003E3404 003E1BC6 003E4000 003E1968 003E1968 003E02D8 003E5200 25582140
S 00172 20 1359E 00009084 00000015 00000001 00000000 00000011 0000000F 0000000C 0000000E 003C0008 003C07FC 003E1968 003E0F48 003E4000 003E0864 003E5200 047ABC85
S 00178 20 14A56 FFFFFFFF 0000002E 0000002E 003E42B9 FFFFFFFF 0000000A 00000003 00000014 003E4000 003E34CC 003E34ED 003E1CF6 003E1CF6 003E0F48 003E5200 E2B9211D
S 0017E 20 144EA 00000000 00000007 003E34CC 00000000 003E34CC 00000016 0000000D 00000002 003E4000 003E02D8 003E3536 000143B0 003E34F4 003E0F48 003E4FC0 D979ECD3
X 00184 10
X 0018A 15
S 00190 20 14B82 00000000 000040CE 00000000 000040CE 00000012 0000000A 0000000A 00000006 00000000 003E0864 003E1CF6 003E1968 003E4000 003E1968 003E5200 1445C48D
S 00196 20 14B42 0000006F 0000001F 00000000 00000054 00000004 00000008 00000002 0000000D 003E4FE4 003E1CF6 003E436F 003E0864 003E4000 003E0864 003E4FE8 45D480ED
S 0019C 20 14B84 00000000 0000413E 00000000 0000413E 00000000 0000000F 00000018 00000016 003E4FE4 003E1968 003E1968 003E02D8 003E1968 003E0F48 003E4FE8 582E7F59
S 001A2 20 15088 FFFFFFFF 00004055 00000018 00004055 0000000C FFFFFFFF 0000001D 0000000A 003E1CF6 003E1BC6 003E4000 003E1BC6 003E1CF6 003E1968 003E5200 8F007957
S 001A8 20 155E0 00000756 00000009 000000A8 00000001 00000756 00000013 00000006 00000003 003E1CF6 003E365C 003E365A 003E3632 003E1BC6 003E4000 003E5200 77CCBDFE
S 001AE 20 1359E 00009084 0000001F 00000002 00000006 0000000A 00000015 00000008 00000000 003C0008 003C07FC 003E0864 003E0864 003E1BC6 003E1CF6 003E5200 DDE1F2F2
S 001B4 20 155CC 00000756 00000009 00000009 00000000 00000756 0000001E 00000012 00000018 003E4000 003E365C 003E365A 003E02D8 003E4000 003E4000 003E5200 8673C95A
S 001BA 20 155A0 00000009 00000009 00000003 00000071 000042E4 0000000F 00000019 0000000F 003E1CF6 003E0864 003E3632 003E0F48 003E0864 003E0864 003E5200 3A99C8E4
S 001C0 20 193BC 00000000 00000002 00000073 00000007 00000015 0000001B 00000014 00000019 003E341A 003E3438 003E4000 003E02D8 003E02D8 003E4000 003E5200 2241AD38
S 001CA 20 19C2E 002002C4 00000000 00000000 00000003 0000000D 00000002 0000001E 00000005 003E1BC6 002002C4 000000AD 003E0F48 000192E6 003E4000 003E5200 FD337B21
S 001D0 20 19138 00204352 00000000 0080FFFE 00000001 00000013 0000001B 00000017 00000009 FFFE0080 00204352 000000CC 00018600 000192E6 003E1BC6 003E5200 3766F542
S 001D6 20 18F50 00004150 000000C0 FFFF00C0 00000000 00000002 00000006 0000001F 0000000D 00800002 00000088 00019182 003E0F48 003E02D8 003E1968 003E5200 22656D06
S 001DC 20 18F50 00004021 000000F0 FFFF00F0 00000000 00000011 0000001A 0000000D 0000000D FFFE0080 00000073 00019182 003E1CF6 003E0864 003E1BC6 003E5200 49546F72
S 001E2 20 1359E 00009084 0000001E 00000017 00000008 0000000A 00000011 00000018 00000018 003C0008 003C07FC 003E0F48 003E0864 003E0864 003E02D8 003E5200 38E89DEC
X 001E8 6
X 001EE 12
S 001F4 20 1359A 00008000 00000000 00000017 0000000E 0000000E 0000001C 00000019 00000015 003C0000 003C07FC 003E1CF6 003E1968 003E02D8 003E1968 003E5200 B79FF49A
S 001FA 20 147A8 000036A0 0000007F 000001B5 00000010 0000001A 000036A0 0000001A 00000011 0001D616 003E34CC 003E1BC6 003E1968 003E4000 003E1CF6 003E5200 662E258A
X 00200 8
X 00206 16
S 0020C 20 13FCA 00000001 00000007 0000003F 0000001C 0000001C 00000001 00000007 00000000 003E1CF6 003E0864 003E02D8 003E0864 003E0F48 003E0F48 003E5200 ED0B353A
S 00212 20 13FC8 00000000 00000007 00000015 0000001F 0000001D 00000012 0000000C 00000012 003E0F48 003E1CF6 003E3448 003E3446 003E02D8 003E4000 003E5200 37F4719E
S 00218 20 13FCC 00000001 00000007 00000007 00000011 0000000C 00000006 00000011 0000001D 003E02D8 003E0F48 003E1968 003E0864 003E0864 003E1BC6 003E5200 DF8123DD
S 0021E 20 13FC8 00000000 00000007 000000BB 00000010 00000012 00000014 0000000E 00000014 003E1BC6 003E0864 003E3446 003E1968 003E1BC6 003E1BC6 003E5200 6BED9D45
S 00224 20 1359E 00009084 00000017 00000002 00000009 0000000B 0000000D 0000000F 00000005 003C0008 003C07FC 003E1BC6 003E02D8 003E4000 003E1BC6 003E5200 E20E4DEF
S 0022A 20 1479C 00005083 00000002 00000002 00000000 00000014 00005083 0000001E 00000009 0001D616 003E34CC 003E1968 003E1968 003E1BC6 003E1CF6 003E5200 1CA59869
S 00230 20 14240 00000001 00000001 00000002 00000004 00000001 0000001F 0000000B 00000012 003E0F48 003E0864 003E02D8 003E02D8 003E1968 003E1CF6 003E5200 DE554764
X 00236 14
S 0023C 20 19F9C 00000060 00000000 00000000 0000000F 00000002 0000000E 00000019 00000009 003E1968 003E370E 003E370E 00019CE4 003E1BC6 003E0F48 003E5200 3E84C9EF
S 00242 20 193BC 00000000 00000002 0000001D 0000001E 00000001 00000007 00000004 00000019 003E341A 003E3438 003E1BC6 003E1CF6 003E1968 003E0F48 003E5200 198D066B
S 00248 20 18BAE 00044000 00044000 00000019 00000060 00000000 00000012 00000007 00000014 000000DB 002461DC 003E0F48 003E1BC6 003E4000 003E4000 003E5200 87A80986
S 0024E 20 1963C 00004232 0000005D 80000000 00000013 00000007 0000000F 0000000D 0000000D 003E920B 003E4FD8 003E1CF6 003E4000 003E0864 003E4000 003E4FE8 7CF19CCC
S 00254 20 1359E 00009084 0000000E 0000001D 0000000B 00000015 0000000C 0000000A 0000001B 003C0008 003C07FC 003E0F48 003E1968 003E1968 003E02D8 003E5200 8E5220BE
S 0025A 20 18E8E 002471F4 00047000 0000001C 00000017 00000001 0000001A 0000000D 00000003 003E1968 003E4000 003E4FF8 003E1CF6 000192E6 003E02D8 003E5200 65AF984D
S 00260 20 1963C 00004200 00000014 80000000 00000018 0000000E 0000000B 00000006 0000000F 003E91D9 003E4FD8 003E1968 003E1968 003E1968 003E1CF6 003E4FE8 3456CCFE
S 00266 20 195DA 00004081 0000002C 00000014 00000004 0000000F 00000007 0000001B 0000001C 003E905A 003E4000 003E1CF6 003E0864 003E0F48 003E1CF6 003E4FE8 C18AEBCC
X 0026C 9
S 00272 20 1507C 00000005 00000013 00000005 00000013 00000001 00000015 00000004 0000001B 003E1968 003E1968 003E02D8 003E0864 003E0864 003E02D8 003E5200 3A77D141
S 00278 20 1479A 00000000 0000000D 0000000D 00000001 00000015 0000648E 00000013 00000001 0001D616 003E34CC 003E34ED 003E0F48 003E1BC6 003E1CF6 003E5200 70D3719C
X 0027E 3
S 00286 20 1359E 00009084 00000007 00000003 0000000A 0000000D 00000016 0000000D 0000000C 003C0008 003C07FC 003E1CF6 003E1968 003E1BC6 003E1CF6 003E5200 8BB2F793
S 0028C 20 194DC 00000091 00000000 0000001C 00000001 0000001D 0000001E 00000011 0000001E 003E4FD8 000041E6 003E4000 003E0F48 003E02D8 003E1968 003E4FE8 3CC09386
X 00292 17
S 00300 20 00650 00000004 00000017 00000056 00000000 00000015 00000000 00000019 00000005 003E3F08 003E1968 003E1968 003E1968 003E1CF6 003E4000 003E5200 32A7E146
S 00306 20 01516 00000013 0000000A 0000000F 0000001F 00000014 00000002 00000017 0000000A 003E20A0 003E20A0 003E4000 003E0864 003E4000 003E02D8 003E5200 381FA6D9
S 003EA 20 00654 00000013 0000001E 00000056 00000010 0000000B 00000016 0000000D 00000015 003E3F08 003E0F48 003E0F48 003E1BC6 003E02D8 003E1968 003E5200 F812DF98
S 00402 20 05CFC 00000000 0000000A 00000056 0000001F 00000007 00000007 00000017 00000000 003E4002 003E1CF6 003E0F48 003E0F48 003E02D8 003E02D8 003E5200 747DD79D
X 00404 5
S 0042A 20 05D12 00000000 00000001 00000056 00000000 0000000B 0000001A 00000005 0000001A 003E0000 003E0F48 003E4000 003E0F48 003E1CF6 003E0864 003E5200 D11D0969
S 00430 20 00472 AAAAAAAA FFFFFFFF 00000000 00000000 00000010 0000000A 00000015 00000018 003E02D8 003E4000 003E0864 003E1BC6 003E0F48 003E1CF6 003E5200 918A25DD
S 00438 20 00474 AAAAAAAA FFFFFFFF 00000000 00000001 00000010 0000001B 0000001B 00000006 003E02D8 003E1CF6 003E02D8 003E0864 003E1968 003E0864 003E5200 20836F36
S 00512 20 00520 0000000D 0000001A 00000006 00000002 00000004 00000000 00000008 00000007 003E0F48 003E1BC6 003E0864 003E4000 003E4000 003E1968 003E5200 EDEEA715
X 0052A 1
X 00534 13
S 00580 20 01518 0000000F 0000000A 0000000F 00000016 00000018 00000015 00000011 00000007 003E20A0 003E20A0 003E02D8 003E0F48 003E1BC6 003E0864 003E5200 22B59D03
S 005B4 20 00600 00000400 0000009C 00000004 00000003 0000000D 00000002 0000000F 0000000F 003E4000 003E08F8 003E02D8 003E1BC6 003E1CF6 003E0864 003E5200 BD021A95
X 00618 1
S 00620 20 19700 000000C8 00000000 FFFFFFC0 00000013 00000010 0000001B 0000000F 0000001C 003E3672 003E1CF6 003E4000 003E02D8 003E1BC6 003E1968 003E5200 1CF61FEC
X 00626 8
X 0062E 0
X 00642 0
X 0064A 2
S 00656 20 19700 000000C8 00000000 FFFFFFC0 0000000C 00000015 00000008 00000015 00000011 003E3672 003E0864 003E0864 003E4000 003E4000 003E1CF6 003E5200 84F39AB0
S 00660 20 0066E 003E0DC3 00000017 0000000D 00000014 00000018 00000001 00000016 00000000 003E084A 003E0F48 003E0F48 003E4000 003E1968 003E1968 003E5200 AC74EA15
S 00686 20 008D4 00000000 0000001A 003E32FF 00000000 00000017 00000003 0000001B 0000001D 003E1AE2 003E1BC6 003E1960 003E3301 003E1CF6 003E4000 003E4FCE CEA83032
S 00778 20 007E0 0000003E 0000003E 00000008 00000017 00000017 0000001E 00000002 00000005 00000000 003E1AE2 003E1960 003E0864 003E1CF6 003E02D8 003E4FE8 79416531
S 008B4 20 008E8 0000000B 00000006 0000000D 41BD0000 00000002 0000001A 003E222D 00000007 00011AE2 003E4000 003E1BC6 00200040 003E0F48 003E02D8 003E4FE8 9BC567B5
S 00A20 20 00A62 0000000B 00000003 FFFFF349 0000000F 00000002 00000010 00000010 0000000E 003E1AE2 003E1968 003E41F8 003E0864 003E1BC6 003E1BC6 003E4FE8 33E85C63
S 00BC2 20 00C08 0000000B 000042C2 FFFFFFFC 000000F5 00000009 00000004 FFFFFFF8 0000000C 003E1AE2 003E1CF6 003E1968 0000000C 000000F5 003E0864 003E4FE8 1FC4FDBA
S 00CAC 20 00CE6 003E0864 0000000B 00000001 0000000B 0000008E 00000001 0000008E 00000014 0001000A 003E02D8 0000FCCA 003E1BC6 003E1CF6 003E0864 003E4FE8 52A091E6
S 00D9A 20 1359E 00009084 0000001C 00000014 00000011 00000012 0000001A 00000007 0000000D 003C0008 003C07FC 003E4000 003E02D8 003E1968 003E1BC6 003E5200 082692A2
S 00DDA 20 00E70 00000018 0000000C 000000D5 00000005 00000000 00000017 00000029 00000007 003E0864 003E0F48 003E0DC4 003E0864 003E4000 003E1968 003E4FC8 73234172
S 00E4E 20 00E8A 0000004D 0000000C 00000001 0000001E 00000062 00000014 000000DC 00000019 003E4000 003E1BC6 003E4000 003E1BC6 003E02D8 003E1BC6 003E4FE8 D47F30D2
S 00FB4 20 19C2E 0000003E 00000000 0000001C 00000000 00000011 00000005 0000001B 00000002 0000FE02 003E0F48 003E1968 003E0F48 003E0F48 00000000 003E5200 D222FEC5
S 0122C 20 012A4 00000007 00000001 00000019 00000007 00000019 0000001F 00000008 0000000E 003E1BC6 003E1968 0000FCCA 003E0865 003E1BC6 003E4000 003E4FE8 A44D9392
S 012CA 20 0130E 00000018 00000001 00000001 00000029 00000001 00000029 00000001 00000003 003E0DC4 003E1BC6 003E4000 003E1964 003E1CF6 003E4000 003E4FE8 889D63D9
S 013B2 20 11BFA 00000000 0000000E 00000003 0000003E 00000018 00000008 0000001D 00000019 003E4000 003E02D8 003E0864 003E0F48 003E1CF6 003E1BC6 003E4FE8 CBE79062
S 0149A 20 014CC 00000000 00000001 00000000 00000080 00000007 00000004 00000000 00000005 003E08A2 003E1CF6 003E1BC6 003E02D8 003E0F48 003E1BC6 003E5200 602A6C4C
S 014DC 20 1359E 00009084 00000011 00000009 00000001 00000015 0000000E 0000000A 00000001 003C0008 003C07FC 003E1CF6 003E1CF6 003E1CF6 003E0F48 003E5200 7F329960
S 01512 20 0F15E 0000000E 00000000 0000000F 00000000 00008000 00000016 00000000 00000007 0000F13E 003E0864 0000FCF2 003E0F48 003E02D8 003E0000 003E5200 D5B3A069
X 0156C 2
X 01578 2
X 01584 3
X 01592 3
X 015A0 12
X 015B4 1
S 015BE 20 1359E 00009084 00000006 0000001D 00000009 0000001F 0000001C 00000012 0000001C 003C0008 003C07FC 003E0F48 003E1968 003E1BC6 003E1BC6 003E5200 3BA343F4
S 015D6 20 015EA 00000002 00000003 00006BFF 00000002 00000010 0000001C 0000001C 00000005 003E1AE2 003E0864 003E1968 003E0864 003E0864 003E1CF6 003E5200 02D5DDDC
S 015FE 20 016D0 00000016 00000000 00000000 00000008 00000003 003E0DD2 0000000B 00000005 003E1CF6 003E0DD2 003E0DD0 003E1CF6 003E1952 003E1BC6 003E4FE8 E6F4563B
S 01836 20 0EF78 00000004 00005948 FFFFFFFF 0000001C 0000001D 00000010 00000004 0000000C 003E1D02 00011AC4 0000EF58 003E0864 003E02D8 003E0864 003E5200 52FDD656
S 018A6 20 018F0 0000007E 00000001 00000004 0000001D 00000018 00000019 00000019 0000000B 0001106E 003E19E6 003E0F48 003E0F48 003E0864 003E1968 003E5200 58304E18
S 018FA 20 014A6 00008000 00000000 00000000 00000009 00000005 00000016 00000011 0000001F 003E1968 003E4FE8 003E4FE6 003E1968 0001106E 003E0864 003E4FE8 D7A59D42
S 01980 20 019B8 00000600 0000000C 00000001 00000003 00000000 00000016 00000018 0000001D 003E0814 003E1CF6 003E1968 003E0F48 003E1CF6 003E0864 003E5200 170C5F68
X 019D8 9
S 019EE 20 1359E 00009084 00000009 00000014 0000000E 00000000 0000000C 00000001 00000000 003C0008 003C07FC 003E1BC6 003E4000 003E02D8 003E0F48 003E5200 064746D5
S 01A70 20 01A9C 00000000 00000003 00000003 00000000 00000002 00000009 0000001F 00000006 003E1A64 003E1BC6 003E4000 003E02D8 003E0864 003E02D8 003E5200 913B03A2
S 01AEA 20 0EE9E 00008000 00006C20 003E1968 0000030C 00011AEE 003E0F48 00000000 0000001A 003E1CF6 00011AEE 003E1968 003E02D8 003E02D8 003E1BC6 003E5200 787D6697
S 01B46 20 0EF76 00000003 00005948 00000000 00000005 00000011 00000001 00000008 00000012 003E1D0E 00011AC4 0000EF58 003E0F48 003E4000 003E02D8 003E5200 E4BC43D6
S 01B96 20 0594C 00000800 0000001D 003E1954 003E1968 00000000 00000004 00000007 00000004 003E1968 003E1BC6 003E186D 0001000A 003E1956 003E1968 003E5200 9832FE6B
S 01C34 20 05972 00000000 00000019 00000003 00000001 00000000 00000014 00000002 00000012 003E1BC6 003E1BC6 003E1968 003E1968 003E0864 003E4000 003E5200 1242638C
S 01C66 20 01CB4 00008000 00000003 FFFFFFFF 00000005 00000009 00000000 00000000 0000000D 003E1968 003E0864 003E19E6 003E1954 003E4000 003E02D8 003E4FE8 44E01C83
S 01E74 20 01F28 00008000 00000003 00000000 00000070 003E1954 00000000 00000001 00000016 003E0864 003E02D8 003E195C 003E1952 003E19E6 003E1968 003E5200 527E87F3
S 01F3A 20 1359E 00009084 00000006 0000000E 00000007 00000018 0000000C 0000000E 0000000D 003C0008 003C07FC 003E4000 003E1BC6 003E02D8 003E02D8 003E5200 5BE2B021
X 01F60 4
X 01F70 3
S 01F82 20 042A0 00000000 000042EF 00000000 00000012 00000003 00000006 0000001E 00000016 003E4FD6 0001004C 000000E9 003E0864 003E02D8 003E4000 003E4FD8 5BDB29D3
S 01FD6 20 02048 00000010 00000010 00000003 00000002 00000000 00000000 00000000 00000000 003E0864 003E1BC6 003E0F48 003E02D8 003E0864 003E1BC6 003E4FD0 516953DE
S 0200A 20 02066 00008000 00000000 00000003 0000001E 000000EF 0000000F 00000000 00000007 003E1968 003E02D8 003E0F48 003E1BC6 003E1968 003E4000 003E4FE8 90928264
S 0219A 20 147A4 00003720 000001B9 000001B9 00000004 0000001D 00003720 0000000F 0000000B 0001D616 003E34CC 003E0DE0 003E0F48 003E1968 003E1968 003E5200 F6D070C7
S 0220C 20 05B48 00000144 0000422C 00000089 00000017 0000001F 0000001B 00000009 00000013 0000FD5E 003E02D8 0101FF00 003E1968 003E1968 003E1BC6 003E5200 19F132AE
S 02248 20 1359E 00009084 00000007 00000018 00000002 0000001B 00000007 00000011 00000008 003C0008 003C07FC 003E4000 003E1BC6 003E1968 003E0864 003E5200 0CB7A370
S 022BA 20 02224 00000000 00000000 00000000 00000003 00000000 00000015 00000018 00000006 003E4000 003E1CF6 003E02D8 003E1968 003E1BC6 003E1BC6 003E5200 C0D7C3A1
S 02300 20 02334 0021E004 00200014 00000019 0000001D 00000016 00000000 00000007 00000006 00200014 003E02D8 003E0864 003E1CF6 003E02D8 003E02D8 003E5200 E37A8BF7
S 02338 20 02368 0023E004 0000000E 00000000 0000003E 00000041 00000001 00000008 00000015 003E02D8 003E02D8 000025C2 003E1CF6 000024C8 003E0F48 003E4FE8 5136255D
S 0255C 20 02596 00000058 00000001 00000000 00000000 00000015 00000009 00000011 00000019 00000087 00000089 003E1CF6 003E4000 003E1BC6 003E0864 003E5200 E94A8A18
S 025F4 20 11BE4 0000003E 00000014 0023E004 00000009 0000001F 00000008 00000001 00000004 003E1CF6 003E02D8 00000058 00011EFE 003E02D8 003E02D8 003E5200 F6CCD67B
S 02698 20 026C4 00000000 00000001 00000007 0000003E 00000000 000000B0 0000001F 00000011 0000FE02 003E0864 003E1968 003E4000 003E02D8 003E02D8 003E5200 3D709540
S 0272E 20 02754 00000007 00000001 0000003F 0000003E 0000001A 00000007 00000000 0000000C 003E4000 003E0864 003E02D8 003E0F48 003E1968 003E02D8 003E5200 02B60F82
S 027C2 20 1359E 00009084 00000004 00000014 0000000F 00000013 00000018 00000012 00000017 003C0008 003C07FC 003E4000 003E1BC6 003E1968 003E1BC6 003E5200 A67CD838
S 02988 20 029C4 003E0807 00000000 00000004 0000000B 00000019 0000001D 00000018 00000009 003E0864 003E02D8 003E1CF6 003E1968 003E4000 003E0864 003E5200 90E818D5
S 02A5C 20 02A86 000000FF 000000FF 0002065A 00000012 00000008 00000015 00000010 00000012 003E0865 003E1CF6 003E0F48 003E1968 003E0864 003E4000 003E5200 5A514E62
S 02AAE 20 02AD4 003E0885 00000000 0000001A 00000000 00000007 00000001 00000007 00000014 003E1968 003E0864 003E0864 003E02D8 003E1CF6 003E1BC6 003E5200 FC68B703
S 02B74 20 11BD8 00200000 00000005 00200004 00000016 00000013 00000008 00000008 00000013 003E4000 003E0F48 0002064A 00011EFE 003E1968 003E1BC6 003E5200 75AC27BC
S 02B88 20 02BB2 00000000 00000000 0000000B 000000E0 00000010 0000001E 0000000C 00000007 003E4000 003E0864 00011EFE 003E1CF6 003E4000 003E0F48 003E5200 81E78EC6
S 02C5C 20 11BF6 0001FE00 00000003 00000080 00000015 00000012 00000004 00000013 00000013 003E02D8 003E1968 000345EC 00011EF2 0000272E 003E02D8 003E5200 C4F2BE80
S 02C86 20 02CB4 00000007 0000FFF5 00000012 0000001E 0000001A 00000014 00000012 00000013 003E0864 003E0865 00011EFE 003E1BC6 003E0F48 003E4000 003E5200 26772D1B
S 02D78 20 1359E 00009084 0000001B 00000003 0000001D 00000007 0000001A 0000001A 0000000F 003C0008 003C07FC 003E0864 003E0864 003E1968 003E1CF6 003E5200 FC430994
S 02E28 20 02E5A FFFFFFAC 0000000F 00000000 00000070 0000000A 00000001 0000000E 0000001D 00021466 003E4000 00021DE6 003E0864 003E1968 003E0F48 003E5200 D5C2AF76
S 02EB8 20 02EE4 0003FFCC 0000FFEB 00000070 00000014 0000001C 00000015 0000000A 00000004 00020864 003E1968 003E0F48 003E1BC6 003E0864 003E1BC6 003E5200 7ABB6548
S 02F18 20 02F42 00000000 00000017 00000000 0023D004 0000000A 0000000A 00000004 0000000B 003E02D8 003E0F48 00000014 00011EF2 003E02D8 003E0864 003E5200 14D11141
S 02FB6 20 0298C 0023D004 00000005 00000000 0023D004 0000001F 00000004 00000003 00000018 003E0F48 003E1CF6 00000044 00011EF2 0000272E 003E1968 003E5200 FF9AECD7
S 03194 20 11F0E 000041ED 0000001C 00000005 00000019 0000001F 00000008 00000003 00000015 000D67F5 003E02D8 003E0864 003E0864 003E1968 003E1BC6 003E5200 64FE7D84
S 031BA 20 031DE 00000000 00000000 0000003E 0000001C 00000005 0000001A 00000003 00000013 003E0864 003E0864 003E0F48 003E0F48 003E1CF6 003E1CF6 003E5200 AE688853
S 03242 20 11BE4 00000000 0000001F 00000012 00000001 0000001E 00000015 0000001F 0000000D 003E4000 003E1968 003E0F48 003E0864 003E0864 003E1CF6 003E5200 2B6798F2
S 03354 20 1359E 00009084 0000000F 00000005 00000006 0000001B 00000006 00000019 0000000C 003C0008 003C07FC 003E02D8 003E0864 003E0F48 003E1BC6 003E5200 43C2986A
S 033F4 20 03426 003E0007 00000007 00000002 00000012 00000010 0000001A 00000008 0000000E 003E1968 003E0864 003E0864 003E1968 003E4000 003E1CF6 003E5200 751E3A21
S 034B2 20 11BFA 0001FE00 00000006 00000007 00000013 00000015 0000001F 00000010 00000006 003E0864 003E02D8 003E0864 003E1BC6 003E1CF6 003E02D8 003E5200 F843CF93
X 0357A 20
S 035EE 20 0358A 00004141 003E4223 003E4223 00000030 0000001B 00000002 0000001A 00000016 003E1CF6 003E0864 00000030 003E1968 003E1CF6 003E0F48 003E4FC4 7D08238F
S 0362A 20 0358A 000041C0 003E402B 003E402B 0000005A 0000001B 0000000C 0000000D 0000000B 003E0864 003E02D8 0000005A 003E1BC6 003E0864 003E1CF6 003E4FC4 1A3F9320
S 03666 20 0358A 00004189 003E41B5 003E41B5 00000016 00000017 00000009 0000000B 00000004 003E4000 003E1BC6 00000016 003E0F48 003E1CF6 003E1BC6 003E4FC4 7BAC5304
S 036A2 20 036DA 00000077 00000003 003E435A 00000077 00000C48 000042E5 00000077 00000003 003E02D8 003E0F48 00000019 003E1CF6 003E1968 003E1BC6 003E4FE8 CAFD9577
S 03726 20 1359E 00009084 00000000 00000005 0000000B 0000000E 00000003 00000006 00000000 003C0008 003C07FC 003E0F48 003E0F48 003E1968 003E1CF6 003E5200 12758476
S 03728 20 0C504 00000000 0001F420 0001F400 00000000 0001F420 00000009 0000000A 00000008 003E1BC6 003E1CF6 0000450C 003E1968 003E02D8 003E0864 003E5200 500A92CE
S 037D2 20 120AE 000000DF 0000001F 00000000 00000000 0000014F 000000B0 00000007 00000015 000BB38D 00200004 003E1BC6 003E1CF6 003E1968 003E02D8 003E5200 2932DF67
S 037E8 20 01214 00000000 0000000F 00000000 00000016 00000000 00000004 00000029 0000000E 003E1BC6 003E0F48 003E1BC6 003E1968 003E1BC6 003E4000 003E4FD0 DC334A50
S 03802 20 053B8 0000001A 00000018 00000006 FFFFFFF0 0001FB20 00000008 0000001E 0000000B 00047FB2 003E4000 003E0DE8 003E0EC2 003E1CF6 003E1CF6 003E5200 8A86B9BF
X 038B0 8
S 03A08 20 039D6 00000000 00000000 00000001 00000019 00000023 00000000 00000000 0000000E 003E0F48 00000001 003E02D8 003E4000 003E0884 003E1CF6 003E5200 7ED4F42C
S 03A4A 20 039D8 00000000 00000000 0000000B 00000012 00000008 00000000 00000000 00000002 003E02D8 0000000B 003E0F48 003E02D8 003E1988 003E02D8 003E5200 DB45FB6F
S 03BA4 20 1359E 00009084 00000019 00000018 00000004 00000015 00000001 0000000B 0000000D 003C0008 003C07FC 003E4000 003E1BC6 003E1968 003E1CF6 003E5200 6BA9B424
S 03C00 20 03E20 0000000C 00000000 00000000 0000000C 00000011 00000010 00000010 00000018 003E1BE7 003E1BA7 003E0F48 003E1BC6 003E02D8 003E1CF6 003E5200 4F97BC7F
S 03CEE 20 03D16 003E0807 00000007 00000007 00000000 0000000D 00000002 00000010 0000001C 00000000 003E0864 003E0864 003E4000 003E1BC6 003E1968 003E5200 8AAF134E
X 03DA0 13
S 03DE8 20 03E20 00000000 000000ED 00000001 00000000 00000005 00000015 00000005 0000000E 000000D1 00000091 003E02D8 003E4000 003E1BC6 003E02D8 003E5200 C4827365
S 03E26 20 03E2E 00000009 0000000F 00000001 0000000C 00000012 00000007 00000002 00000004 003E0E26 003E1CF6 003E1CF6 003E0864 003E0F48 003E02D8 003E5200 1B5B4885
S 03E3E 20 03E9A 00000000 00000008 00000009 00000008 00000001 00000005 00000014 00000007 00000008 003E4FF6 003E0DF6 00011EFE 003E02D8 003E02D8 003E5200 00C6F415
S 03E84 20 03EB0 00008600 00000001 00201004 00008600 0000001D 00000002 00000000 00000014 00018600 003E1BC6 000000EC 00011EFE 4EB90001 003E4000 003E5200 F09DC990
S 03F10 20 1359E 00009084 00000012 00000019 00000009 00000010 0000001F 00000018 00000011 003C0008 003C07FC 003E1BC6 003E02D8 003E1BC6 003E0F48 003E5200 84648FBA
X 03F1A 1
S 03F22 20 03F5C 0000001A 00000018 00000001 00000000 00000011 0000000B 00000003 00000004 0000FE02 003E1BC6 003E0DF6 003E0864 003E1BC6 003E4000 003E5200 189B95E0
X 03F94 12
S 0404A 20 04080 000050B1 008448D4 000000D8 00000017 0000000D 00000003 00000019 00000005 00A448D8 003E02D8 003E1968 003E1CF6 003E4000 003E02D8 003E5200 210B992D
S 0408E 20 040B2 00000000 00000001 00000012 0000000B 00000012 00000015 00000018 0000001D 003E0F48 003E0864 003E1BC6 003E1968 003E0F48 003E1CF6 003E5200 A86A538B
S 040D2 20 0410A FFFFFFAE FFFFFFFE 0000003E 00000016 0000000E 00000000 00000006 00000008 003E1CF6 003E1968 003E02D8 003E4000 FFFFFFAE 003E1BC6 003E4FE8 CFD4AB95
S 041BE 20 041FC 00000000 00004050 000080A0 0000007F 00000074 00000008 00000012 00000013 00010040 0001004C 005DC0C8 003E1968 003E0F48 003E0864 003E4FE8 CAA7FF74
S 0427E 20 1359E 00009084 00000015 0000001F 00000000 00000007 00000010 00000007 0000000B 003C0008 003C07FC 003E0F48 003E1BC6 003E1968 003E0864 003E5200 6BEE9C21
S 04332 20 0436A 00000000 0000001A 0000000A 0000000E 00000006 0000000F 0000001C 0000000E 00030864 003E0864 003E1968 003E1968 003E02D8 003E1968 003E5200 F04358FF
X 0435A 11
X 043C2 16
S 0441C 20 11BF2 00000058 00000001 00000016 00000012 00000017 00000003 00000001 00000005 003E4FE8 0000FE02 0000004E 003E0864 003E02D8 003E0864 003E4FE8 BBADB5CB
S 044A2 20 044DA 00000001 0000000B 00000082 00000018 00000013 0000000F 0000000C 00000007 003E1968 003E4000 003E0864 003E1968 003E02D8 003E4000 003E4FE8 C32E58D3
S 0450C 20 0C52A 003E426D 003E20A8 00000000 003E20B0 00000009 0000000E 00000018 0000001F 003E1968 003E4000 003E2498 003E02D8 003E4000 003E1BC6 003E5200 16E854DC
S 0452E 20 0C52A 003E4367 003E20A8 00000000 003E20B0 000000B4 0000001A 0000001E 00000019 003E0864 003E1968 003E2498 003E1CF6 003E02D8 003E4000 003E5200 367056E8
S 04552 20 1359E 00009084 0000000B 00000019 0000000F 0000000A 00000005 00000012 00000002 003C0008 003C07FC 003E0F48 003E02D8 003E4000 003E1CF6 003E5200 E0F33B28
S 045CA 20 0C522 00000001 003E20A8 00000000 003E20B0 0001ECA0 00000004 00000011 00000006 003E02D8 003E02D8 003E2498 003E0F48 003E0864 003E1968 003E5200 17F3AEBD
S 045FA 20 0C51A 00000002 003E20A8 00000000 003E20B0 0001EE20 0000000E 00000013 0000001D 003E02D8 003E02D8 003E2498 003E0864 003E0F48 003E0864 003E5200 5D3763D1
S 0463C 20 0C51A 00000009 003E20A8 00000000 003E20B0 0001ED20 00000010 0000000D 00000006 003E02D8 003E4000 003E2498 003E4000 003E0F48 003E1BC6 003E5200 D25E3C1D
S 0469E 20 0C522 00000008 003E20A8 00000000 003E20B0 0001F140 00000019 0000000C 0000000E 003E02D8 003E1BC6 003E2498 003E02D8 003E0864 003E0F48 003E5200 F8A73FD4
S 046B0 20 0C522 00000001 003E20A8 00000000 003E20B0 0001EE80 0000001F 00000019 0000000B 003E1BC6 003E1968 003E2498 003E4000 003E1CF6 003E02D8 003E5200 C6E5C46B
S 046C2 20 0C52A 00000017 003E20A8 00000000 003E20B0 00000001 00000003 0000000F 0000001A 003E1968 003E4000 003E2498 003E4000 003E1968 003E1CF6 003E5200 0E7C9975
S 046E0 20 0C51A 00000008 003E20A8 00000000 003E20B0 0001F040 00000018 00000002 0000001F 003E0864 003E1BC6 003E2498 003E1968 003E1968 003E1CF6 003E5200 A52D1408
S 0472A 20 1359E 00009084 0000000C 00000000 0000001B 00000004 0000000A 0000001E 00000007 003C0008 003C07FC 003E0F48 003E4000 003E0F48 003E0F48 003E5200 D5726CF6
S 04760 20 0C50E 000001FE 00000010 00000000 0000000A 00000004 0000000D 0000000E 00000018 0001F340 003E1968 003E2498 003E1BC6 003E0F48 003E1BC6 003E5200 AC79E313
S 047C6 20 0C508 00000000 0000FDC2 00000000 0000FD00 0000FDC2 00000000 0000001C 00000011 003E4000 003E02D8 003E1CF6 003E1BC6 003E1BC6 003E02D8 003E5200 1349B872
S 0482E 20 0485C 00000000 00000001 00000000 00000007 00000015 0000001E 00000009 0000001F 003E1CA6 0000FE08 003E1CA7 0000FE04 003E19E6 003E1BC6 003E5200 2601CD3D
S 04880 20 048EE 00000002 00000002 00000000 0001F240 00000017 00000002 00000014 00000012 003E1968 003E02D8 0000450C 0000452E 003E02D8 003E0864 003E5200 1A9155AC
S 048AE 20 048FC 00000000 00000000 00000000 0001F240 00000013 00000012 00000003 00000007 0000FE12 003E1968 0000450C 0000452E 003E02D8 003E0F48 003E5200 6A258B27
S 04A6A 20 0C688 00000005 00000019 00000004 0000000D 00000003 0000FE18 00000005 00000000 003E02D8 003E1CF6 003E1968 003E02D8 003E1BC6 003E1CF6 003E5200 5E3F8C44
S 04AB8 20 0C522 0000000D 003E20A8 00000000 003E20B0 0001EDA0 00000014 00000007 00000013 003E1968 003E1CF6 003E2498 003E02D8 003E0864 003E1BC6 003E5200 4E9E9871
S 04B0A 20 1359E 00009084 0000000F 0000000A 00000004 00000004 00000001 0000001F 0000000E 003C0008 003C07FC 003E0F48 003E1CF6 003E1968 003E02D8 003E5200 0F7AC98A
S 04BFA 20 0C51C 0000000E 003E20A8 00000000 003E20B0 0001F7E8 00000019 00000012 00000005 003E1CF6 003E0F48 003E2498 003E1BC6 003E0F48 003E02D8 003E5200 9A7475B3
S 04C80 20 0C50E 00000003 00000003 00000001 00000000 00000003 0000000C 00000002 0000001D 003E1968 003E1CF6 003E2498 003E1968 003E0F48 003E1BC6 003E5200 ED7893AB
S 04D44 20 0C524 0000000F 003E20A8 00000000 003E20B0 0000FE18 00000000 00000006 00000019 003E1968 003E1968 003E2498 003E0F48 003E1CF6 003E4000 003E5200 F210890D
S 04D6C 20 0C522 00000009 003E20A8 00000000 003E20B0 00000001 0000001B 0000001E 0000000C 003E1CF6 003E1968 003E2498 003E0F48 003E02D8 003E0864 003E5200 D2E20B7E
S 04D90 20 0C728 00000009 000000FD 0000000A 00000012 00000003 00000019 0000000D 00000018 00020F62 003E0F48 003E0864 003E1BC6 003E1BC6 003E0864 003E5200 8B7184BF
S 04DD2 20 0C836 00000001 0000000D 00000001 00000003 00000004 0000007E 00000000 00000016 003E0F48 003E4000 0000FE0A 003E1968 003E02D8 003E0F48 003E5200 FDD0E2E2
S 04E20 20 0C83E 00000020 00000000 00000002 00000000 00000008 00000006 0000000B 0000000A 003E1CF6 003E1968 0001EE20 003E1968 003E0864 003E4000 003E5200 914CBDD2
S 04E82 20 1359E 00009084 00000002 00000002 00000012 0000000A 0000000C 0000001C 00000001 003C0008 003C07FC 003E1CF6 003E1BC6 003E1968 003E4000 003E5200 3E9E2BF3
X 04F8C 8
S 04F9E 20 0C528 00000001 003E20A8 00000000 003E20B0 00000000 00000003 00000015 00000003 003E1968 003E4000 003E2498 003E1CF6 003E1968 003E02D8 003E5200 CBA18B68
S 04FEA 20 0C51A 00000005 003E20A8 00000001 003E20B0 0000FDE2 00000011 00000013 00000000 003E4000 003E1CF6 003E2498 003E02D8 003E1CF6 003E1968 003E5200 B12985C2
S 05000 20 0C528 0000004C 003E20A8 00000000 003E20B0 003E6000 0000001F 00000005 0000000B 003E4000 003E1968 003E2498 003E0864 003E0F48 003E1CF6 003E5200 2DCE258A
S 05020 20 0C51A 00000000 003E20A8 00000000 003E20B0 0000FDC2 00000000 00000013 0000001C 003E02D8 003E4000 003E2498 003E1BC6 003E02D8 003E0F48 003E5200 DF6021A0
S 05056 20 05094 000000FF 000000E0 0001F7F0 19040000 00000005 00000016 0000001D 0000000B 0000FE3E 19040000 0000FE72 003E02D8 003E0864 003E1CF6 003E5200 2317E280
S 050C6 20 0510E 000003BC 00000009 000000EF 00000003 00000004 0000001C 00000017 00000017 0000FE3E 003E02D8 11DE000C 003E1BC6 003E1BC6 003E02D8 003E5200 C520E727
S 0512A 20 1359E 00009084 0000001F 00000006 00000010 00000004 00000008 00000007 00000009 003C0008 003C07FC 003E0864 003E0F48 003E0864 003E02D8 003E5200 CD009B0B
X 05168 14
S 05192 20 05208 00000004 00000002 00000019 0000000F 00000015 00000012 00000006 0000000A 003E1AE2 0000F2FA 003E1960 00000000 003E1968 003E1CF6 003E5200 D299FF6C
S 0522E 20 05266 0000FFF4 0000000C 000002F4 0000000C 00000000 00000004 00000004 00000012 003E1AE2 003E1CF6 00000000 003E1960 003E0F48 003E0864 003E5200 5E965BB2
X 05280 19
S 052E2 20 05320 00000008 0000030E 00000008 00000005 00000013 00000018 0000000D 00000007 003E4FE8 003E1B2C 00000000 003E4000 003E02D8 003E0864 003E4FE8 59058762
X 05346 8
S 053A6 20 053C2 00000000 00000000 00000006 FFFFFFF0 000000DC 00000000 00000000 00000019 0000FE3E 003E0EC2 003E02D8 003E0EC2 003E1CF6 003E1BC6 003E5200 55ABAE47
S 053F8 20 1359E 00009084 0000001B 00000001 00000010 0000000F 00000001 00000001 00000013 003C0008 003C07FC 003E1968 003E02D8 003E02D8 003E02D8 003E5200 310EE6B1
X 0545A 6
X 05474 3
S 05488 20 05C66 003E0328 0000000B 00000000 00000005 00000000 00000010 0000001B 0000000E 0000FE3E 003E4000 003E0328 003E0864 003E0F48 003E02D8 003E5200 7A37324E
S 054A8 20 02230 00000006 0000004D 00000000 00000019 00000008 00000016 00000014 0000000D 003E02D8 003E1CF6 003E1BC6 003E0864 003E0F48 003E1968 003E5200 2C76EBFC
X 0551C 10
S 05622 20 05660 00000000 00000014 00000020 00000040 00000001 0000006B 0000003E 00000018 003E4000 003E0F48 003E1968 003E1968 003E0864 003E0864 003E4FE8 8D7D239A
S 056F4 20 058A8 00000000 00000000 00000050 00000200 0000001B 0000000E 00000019 00000010 003E0864 003E1CF6 003E0864 003E0F48 003E0864 003E0864 003E4FE8 924367E7
S 05818 20 1359E 00009084 00000002 00000016 00000014 00000016 0000001E 0000001B 00000006 003C0008 003C07FC 003E1968 003E1CF6 003E0F48 003E1CF6 003E5200 306E43A4
S 05892 20 058CE 00800000 00000000 000000B0 00000200 0000000E 00000016 0000000C 00000005 00A01CB3 0021E000 003E0F48 003E1968 003E4000 003E02D8 003E5200 BC57DC72
X 058E6 11
X 05908 11
S 0592A 20 0EF1E 00000004 0000592A 0000009C 0000001E 00000013 00000000 00000003 00000011 003E1D0E 00011ACA 003E0864 003E0864 003E1BC6 003E02D8 003E5200 F1C43FE1
S 05948 20 0598E 00000004 0000001C 0000FF90 00000001 00000001 0000001D 00000015 00000001 003E1EA0 003E1BC6 00000074 003E1F0E 003E195C 003E1CF6 003E5200 C6A1CC31
S 059EE 20 05A64 00000000 00000004 00000093 00000002 00000000 00000005 00000010 00000015 003E1ECA 0000FFF9 003E1CF6 003E1BC6 003E02D8 003E0F48 003E5200 C69E9DCC
S 05AB0 20 11E76 002BE6FA 00398000 000000E6 00000039 00000013 00000011 00000009 00000013 003E0842 003E4000 003E1CF6 00000030 003E429E 003E0F48 003E5200 AED50790
S 05AFC 20 1359E 00009084 00000011 00000010 0000001C 00000001 0000000F 00000017 0000000C 003C0008 003C07FC 003E1BC6 003E1CF6 003E1CF6 003E0F48 003E5200 4F25D8EF
X 05B16 8
S 05B40 20 05B84 000000A0 0000000C 00000075 0000424B 0000000A 00000010 0000001D 00000004 003E1968 003E02D8 00000098 003E0378 003E0050 003E1CF6 003E5200 7AA7CAA4
X 05C60 12
S 05C80 20 05C92 00000010 00000006 00000010 00000044 00000000 0000001A 00000017 00000001 003E1968 003E0864 003E02E8 003E1968 003E02D8 003E02D8 003E5200 97C38E68
X 05CB0 7
S 05CCE 20 05D1A 00000000 00000001 00000056 00000000 00000011 00000007 00000007 0000000C 003E0000 003E4000 003E1968 003E1968 003E02D8 003E1968 003E5200 000B2984
X 05D8C 4
S 05DEA 20 1359E 00009084 00000015 00000009 00000007 00000018 00000010 0000001D 00000014 003C0008 003C07FC 003E4000 003E1CF6 003E1968 003E0F48 003E5200 48265182
X 05DEC 1
X 05DFE 0
X 05E00 0
X 05E02 1
X 05E08 0
X 05E0A 17
S 05E38 20 05E74 00000002 FFC1F800 0000000E 0000001E 0000000C 00000016 00000006 0000001F 003E4FE8 00000004 003E1960 003E02D8 003E1968 003E1968 003E4FE8 78C97DB6
S 05EA2 20 1359E 00009084 0000000D 00000018 0000001E 00000004 00000012 00000003 00000001 003C0008 003C07FC 003E4000 003E4000 003E0F48 003E02D8 003E5200 2414432C
S 05FA6 20 11BDE 00000000 00000000 00000000 0000001C 00000040 00000019 00000041 0000001F 00011742 003E4000 0071003E 003E1968 003E4000 003E0864 003E4FE8 4CFB9C90
S 060BE 20 0C224 0000001E 00000000 00000011 00000007 00000017 0000000E 0000001D 0000000D 003E4FEC 003E4FE2 003E4FEA 003E1C46 003E1CF6 003E0F48 003E4FE2 3FE28803
S 06166 20 0625E 0000001A 00000001 0000000F 0000001C 0000000F 0000001B 00000015 00000014 0000001C 003E1CF6 003E0864 003E02D8 003E0F48 003E1BC6 003E5200 CDB1F9C8
S 061C2 20 06C02 00000015 00000019 00000004 00000017 0000000C 00000001 0000001D 0000001E 003E1CF6 0000001B 003E4FEB 0000001A 003E02D8 003E1CF6 003E5200 F6209424
S 062A6 20 11BEA 003E0865 00000000 00000000 0000000E 00000012 00000040 00000041 00000009 0001000A 003E0F48 0053003E 003E1BC6 003E1BC6 003E1CF6 003E4FE8 A5237E89
S 063CA 20 0C224 0000001E 00000000 0000001A 00000012 0000001B 0000001E 00000014 0000001D 003E4FEC 003E4FE2 003E4FEA 003E1C46 003E0864 003E0864 003E4FE2 498811A8
S 06460 20 02BAA 00000000 00000000 00000011 0000001B 00000009 00000011 00000006 0000001C 003E1CF6 003E0864 00011EFE 003E1BC6 003E1BC6 003E1CF6 003E5200 9968A4EA
S 065AA 20 1359E 00009084 00000001 00000010 00000001 00000006 00000015 00000004 0000001E 003C0008 003C07FC 003E0864 003E1BC6 003E0864 003E02D8 003E5200 DACB9265
X 0661A 10
X 0663C 3
S 06648 20 0669E 00000007 0000000F 000000B0 000000C0 00000007 00200004 00000007 00000002 00000076 003E0864 003E0F48 003E02D8 003E0F48 003E1BC6 003E4FE8 139FA856
S 066C8 20 066D4 00000012 00000002 0000000F 0000001A 00000012 0000201C 0000001D 0000000D 003E4000 003E1BC9 003E1CF6 003E1968 003E4000 003E0F48 003E5200 B8B01AB5
S 066CC 20 0669E 00000012 00000001 00000008 00000011 00000012 0000200F 00000007 0000001C 003E4000 003E0866 003E4000 003E4000 003E02D8 003E0864 003E5200 46C5CFC0
S 066CE 20 066D4 00000005 00000010 0000000B 0000001A 00000005 0000200C 00000010 00000012 003E4000 003E02DB 003E1968 003E1968 003E1BC6 003E0864 003E5200 0562FF09
S 066D2 20 066D6 00000014 0000000C 00000004 0000000C 00000014 00002010 0000000A 00000017 003E1BC6 003E4003 003E0F48 003E0F48 003E4000 003E1BC6 003E5200 6CD9E60B
S 066D4 20 1359E 00009084 00000011 0000001E 00000011 00000002 00000001 0000000E 00000017 003C0008 003C07FC 003E1968 003E0864 003E1BC6 003E0864 003E5200 E6C7A913
S 0670E 20 0EEBA 00000004 0000672E 003E1968 00000019 00000018 00000005 00000003 00000004 003E1D02 00011AE8 003E0864 003E0F48 003E1CF6 003E02D8 003E5200 F8181C72
S 0672E 20 0F018 00000003 00005EA2 00000008 0000000E 0000000D 0000001D 00000019 00000001 003E1D0E 00011AE2 003E0F48 003E02D8 003E1968 003E4000 003E4FE8 02990B6B
S 067F6 20 06846 00000000 00000011 00000009 00000002 003E0864 00000009 00000001 00000016 0001000E 003E1CF6 003E02D8 00021BE0 000000D9 003E0864 003E4FE8 2629B886
X 06988 19
S 069AE 20 069D8 00000000 0000001A FFFFFFFF 0000001A 00000056 0000001C 0000001D 00000004 003E1BC6 003E1CF6 003E0FB0 003E0F48 003E0F48 003E0F48 003E5200 D6BD2B53
X 069E2 13
X 06B10 18
S 06BC0 20 1359E 00009084 0000000B 00000013 0000000E 00000002 00000016 0000001B 00000012 003C0008 003C07FC 003E0864 003E4000 003E1BC6 003E1968 003E5200 D0E3D4B4
X 06C20 7
S 06CAE 20 06FC2 00000002 0000001D 003E1C84 003E1952 0000000A 0000001A 0000000B 00000014 003E1C84 003E1968 000000AE 00019614 003E0864 003E02D8 003E4FE8 9C05E709
S 06EF8 20 06F30 00000085 00000002 00000000 0000000B 00000011 0000001F 00000003 0000001E 0000007E 0000007F 003E1CF6 003E02D8 003E1968 003E1BC6 003E5200 02412CE0
S 06F80 20 0EEC0 00000005 00006CAE 003E1AE2 0000000F 00000002 0000000E 00000000 0000001D 003E1D02 00011AF4 003E1960 003E1968 003E02D8 003E1968 003E5200 17C2F793
S 06FB4 20 06FD8 0000001A 00000002 00000003 00000018 00000017 00000009 0000000C 00000016 003E4000 003E0F48 000000C6 00018E1E 003E1BC6 003E02D8 003E5200 B2509ABA
S 07004 20 073C8 00000059 00000008 000128AC 0001F900 0001F8D8 0001F8EC 0001F910 0000001D 003E02D8 003E1968 003E0F62 00000000 00009150 003E0864 003E4FE8 0BD8B9EE
X 071DC 15
S 073DC 20 1359E 00009084 00000001 00000012 0000001C 0000001B 0000001C 00000014 00000003 003C0008 003C07FC 003E1CF6 003E1BC6 003E0864 003E0864 003E5200 75254D37
S 0744E 20 0746A 0000003E 0000000D 0000001F 0000000D 00000006 0000001B 00000000 00000009 003E4FF4 8658001B 003E1968 003E4000 003E0F48 003E0864 003E5200 74F85664
S 0747A 20 074A0 FFFFFFFF 00000000 00000000 00000015 00000016 00000007 00000003 00000007 000118D0 003E1968 00000026 003E1CF6 003E1968 003E1BC6 003E5200 82EE02D2
X 074FA 13
S 07578 20 11BF6 00007C00 00000003 00000015 00000018 00000009 00000008 00000009 0000000C 41230000 003E0F48 003E1CF6 003E1BC6 003E4000 003E0864 003E5200 2BECF8BC
S 076EE 20 07748 00000007 00000003 00000005 00000002 00000018 00000006 00000003 00000003 003E1AE2 00000000 003E1960 003E1CF6 003E1BC6 003E0F48 003E5200 DB7DF52E
S 0778A 20 0788A 00000003 00000003 00000003 0000001D 0000001E 00000007 00000000 00000010 0001000A 0000007D 00007954 003E1BC6 003E0F46 003E4000 003E4FD8 6F11F5EC
S 077C8 20 0EFE8 00000005 00005474 00000000 00000000 00000004 0000001A 00000012 00000011 003E1CF6 00011B1E 00000018 003E1BC6 003E0864 003E1968 003E4FE8 76DA30C3
S 07800 20 1359E 00009084 0000000B 00000006 0000000A 0000000D 00000003 00000002 00000015 003C0008 003C07FC 003E1CF6 003E02D8 003E1BC6 003E1CF6 003E5200 AEE89440
S 07870 20 07926 00000020 00000007 0000006A 00000020 003E0865 003E0884 00004282 00000011 003E1CF6 003E02D8 00007954 003E0864 003E0F46 003E0864 003E4FE8 2DDFD506
S 079B6 20 07A98 0000FFFF 00000016 0000005A 00000006 0000001A 00000004 0000000F 0000000B 003E02D8 003E1CF6 003E1870 003E0F48 003E02D8 003E1CF6 003E4FCC C90CE79F
S 079CE 20 07A8C FFFFFFBF 00000009 000042C8 0000000D 00000015 00000016 00000019 0000000F 003E0F48 003E4000 003E1870 003E4000 003E4000 003E4000 003E4FC8 E2B07391
S 07A02 20 0EF92 00000003 00007A24 0000001D 00000008 00000002 00000001 00000017 0000000D 003E1D0A 003E1D16 003E1968 003E0864 003E1CF6 003E0864 003E5200 A9B72F94
S 07A12 20 0EEEC 00000004 00000018 0000001C 0000000B 00000008 00000019 0000000E 00000004 003E1D02 003E1968 003E1CF6 003E0864 003E1CF6 003E0864 003E5200 1C1729F5
S 07A24 20 07AE6 000000C6 0000000A 0000000C 0000001E 00000002 0000001E 0000000F 00000001 003E02D8 003E4000 003E1870 003E0864 003E0F48 003E1968 003E4FD4 618B7AE0
S 07A88 20 07B02 00000001 00000010 000000A3 00000017 0000000A 00000018 0000001C 0000001D 003E4000 003E0F48 003E1CF6 003E1CF6 003E02D8 003E0864 003E4FE8 5926A270
S 07B14 20 1359E 00009084 0000001B 0000001D 0000001D 0000000E 0000001C 0000000A 0000000E 003C0008 003C07FC 003E0864 003E4000 003E02D8 003E1BC6 003E5200 DB34C47C
S 07B3E 20 13FBC 00000000 0000000B 00000000 00000006 003E1968 0001178A 00000007 00000005 003E1BC6 003E1BC6 003E1BC6 003E1BC6 003E0864 003E1CF6 003E4FE8 87A7D781
X 07C04 16
S 07C72 20 0EEB2 00000003 00000DDA 00000001 0000000C 0000000D 00000006 00000014 0000000D 003E1D0E 00011B30 003E0F48 003E0864 003E1968 003E1CF6 003E5200 67A446AC
S 07CB0 20 041D2 00000040 00000010 0000430B 0000000C 00039E90 00000014 00000013 0000000B 00021552 003E02D8 003E1CF6 003E0F48 003E0864 003E1BC6 003E4FCC BED52310
S 07CF0 20 13F7A 00000000 00000001 0000004E 0000000B 00000000 0000000B 00000013 00000013 003E02D8 003E1968 003E1CF6 003E02D8 003E4000 003E1968 003E5200 2E98BC27
S 07D50 20 041D6 0000003A 0000003A 00000008 0000000C 00300035 00000018 0000001E 0000001B 00021516 003E1CF6 003E0864 003E1CF6 003E1BC6 003E1BC6 003E4FD0 ADB5F95A
S 07D80 20 041C6 00008000 00000008 00000002 00000001 00000007 0000000C 00000000 0000000A 003E4000 003E0F48 000215A6 003E1968 003E1BC6 003E4000 003E4FB4 4994DB49
S 07DCE 20 1359E 00009084 0000000F 00000001 0000000D 00000007 0000000E 0000001C 0000001F 003C0008 003C07FC 003E1BC6 003E0864 003E1968 003E1CF6 003E5200 E7E40936
X 07E7A 10
S 07EA4 20 07EF8 00000000 00000014 8657FC2E 865803D4 00000000 00000006 00000015 00000007 0001178E 003E0864 0000008A 003E4000 003E1BC6 003E02D8 003E5200 57805A73
X 07F5A 8
S 08008 20 08062 00000000 00000006 000000FE 00011BA8 00011BB4 00011BBA 0000EE90 00000015 0001004C 003E1CF6 0000FE03 000214FA 003E1968 003E0F48 003E4FE8 D47683A0
S 08200 20 18564 0000010C 0000000B 00000011 00000013 00000012 00000010 0000001F 0000000F 003E4FE8 0001015A 0000008F 003E0F48 003E0864 003E0864 003E4FE8 C4CC8746
S 08326 20 11BEE 00000000 00000013 00000016 00000012 0000000B 00000000 0000000A 0000001E 0000011A 003E4FE8 000000E8 003E123D 003E1BC6 003E0F48 003E4FE8 DAF0B4C6
S 0848E 20 0EEAC 00000005 00008326 003E1968 00011B36 00000000 00000009 00000005 00000006 003E1CF6 00011B36 003E1968 003E0864 003E1968 003E4000 003E5200 022B3891
S 084DA 20 1359E 00009084 0000000E 00000006 0000001D 00000016 0000000B 00000012 0000001A 003C0008 003C07FC 003E1CF6 003E0F48 003E1968 003E0864 003E5200 46840D14
S 08536 20 0051A 00000006 00000015 00000011 00000009 00000015 00000007 00000001 00000007 003E1CF6 003E1968 003E1CF6 003E1968 003E1CF6 003E1968 003E5200 D604FACD
S 08576 20 03652 0000001E 0000002A 00200004 000333F6 00000011 00000019 0000001C 00000007 003E1BC6 003E1CF6 003E1968 003E4000 003E1CF6 003E1CF6 003E5200 22D4AF76
S 08598 20 085AA 00000000 00000000 00000001 00000001 00000006 0000001A 00000012 00000017 00000000 003E0F48 003E19E6 003E0864 003E1968 003E0F48 003E5200 BD4ABC27
X 08606 8
X 0865E 8
S 086AE 20 086F0 00000010 00000006 0000001D 00000013 0000000C 00000011 00000011 00000016 00000000 003E1AE2 003E1960 003E1968 003E0F48 003E1BC6 003E4FE8 0D1221E7
S 0875E 20 0879E 00090000 00000000 003E1960 00000000 0000001C 0000001F 00000018 00000007 00000000 003E1AE2 0009003F 003E1CF6 003E0F48 003E0F48 003E4FE8 2F14C62F
S 08878 20 1359E 00009084 00000001 00000013 00000002 0000000E 0000001C 00000015 00000005 003C0008 003C07FC 003E1968 003E0864 003E02D8 003E0864 003E5200 B45D285B
S 08A70 20 088E6 00000004 0000001A 00000001 00008A24 0000000F 00000030 00000004 00000018 003E0864 003E1CF6 003E4FD6 003E4FD4 00000000 003E02D8 003E4FDA 38E60961
S 08A9C 20 08AE4 00008576 00000015 00000000 00000000 00000003 0000001B 00000008 0000001D 003E4FE6 00000015 003E4FE4 0000FCDA 0000FCE2 003E1CF6 003E4FE8 A1D576F0
S 08B0C 20 08B54 00000000 00000000 0000FCE2 003E4FE0 00000001 FFFFFFFF 00000000 00000004 003E4FE0 003E1B14 003E4FF0 001C0040 0000FCDA 003E4000 003E4FE8 C26A7199
X 08BB2 9
X 08C7A 12
X 08D0E 9
S 08F2E 20 11BDE 00000000 0000000E 00000002 00000002 00000009 0000001C 0000001E 00000004 003E1AE2 003E1CF6 003E1960 00000000 003E1BC6 003E1968 003E5200 5EB207AF
S 08FC8 20 1359E 00009084 0000001F 0000000C 00000019 0000000B 00000009 00000017 00000000 003C0008 003C07FC 003E1CF6 003E1BC6 003E4000 003E02D8 003E5200 304F3449
S 0900A 20 0EF1E 00000005 0000592A 000000D6 0000001D 0000000D 00000015 0000000C 00000002 003E1D02 00011ACA 003E4000 003E4000 003E0F48 003E1BC6 003E5200 B34AF37F
X 09034 6
X 09080 6
X 090BE 10
X 090E6 19
X 090FE 17
S 0910E 20 090DC 00000007 00000057 00000057 00000019 0000001A 0000001D 00000004 00000016 003E1922 003E0864 003E1946 003E0F48 003E1BC6 003E02D8 003E5200 12650311
S 09150 20 1359E 00009084 0000000B 00000002 00000005 00000002 00000002 0000001D 00000002 003C0008 003C07FC 003E0864 003E4000 003E02D8 003E1CF6 003E5200 B6ACD1FD
S 09208 20 0974E 00000000 0000001F 00000002 0000000E 00000007 00000006 0000001F 0000000D 003E4000 003E1968 003E1958 003E1870 003E1960 003E0864 003E4FE8 3AE22123
S 09266 20 0F01E 00000005 00005474 00000003 0000001F 0000000E 0000001F 00000000 0000001B 003E1CF6 00011B1E 003E194C 003E194A 003E1CF6 003E4000 003E5200 0B6195D9
S 09D80 20 0EF7E 00000004 00003E84 00000002 00000013 0000000B 0000001D 00000009 0000000D 003E1D0E 00011B3C 003E1BC6 003E1CF6 003E02D8 003E4000 003E5200 41D8951A
S 0A000 20 0EEAE 00000003 00008F2E 00000000 00000003 00000013 00000004 0000001B 00000008 003E1D0E 00011B7E 003E02D8 003E1CF6 003E1CF6 003E1BC6 003E5200 8250FA23
X 0A7E4 0
S 0A7E6 20 005E6 00000006 000000F9 00000005 00000016 00000010 00000008 00000005 00000006 003E02D8 003E08D1 003E0F48 003E4000 003E0F48 003E4000 003E5200 47108194
S 0A80C 20 0A832 00000007 00000005 0000000E 0000000D 003E1964 00000003 00000017 0000000C 003E1B02 003E0864 003E02D8 003E1CF6 003E1CF6 003E02D8 003E5200 CEF0DB26
S 0A90E 20 1359E 00009084 0000001D 0000001B 0000001C 0000001C 00000009 0000000E 0000001A 003C0008 003C07FC 003E02D8 003E0864 003E02D8 003E1CF6 003E5200 A702D079
S 0A9BE 20 0EF7E 00000004 0000AD5A 00000007 00000007 00000011 0000001D 00000011 00000018 003E1D0E 00011B48 0000EE90 003E02D8 003E1BC6 003E0864 003E5200 F7458467
S 0AA86 20 0EEB2 00000004 0000BBD2 00000000 00000000 00000004 0000001E 00000015 0000001F 003E1D02 00011B72 0000EE90 003E4000 003E1BC6 003E0864 003E5200 A225F0AC
S 0AB12 20 0EF7E 00000003 0000B7FA 00000013 00000001 00000006 00000005 0000000D 00000005 003E1D1A 00011B60 003E1CF6 003E02D8 003E4000 003E1968 003E5200 A5C773A5
S 0AB58 20 0ABAC 00000000 0000000C 00011920 003E1C9A 00000000 00000008 00000004 00000011 0001185C 003E1968 003E1C9A 003E4000 003E02D8 003E0864 003E5200 1A371FF5
S 0AC4C 20 0ACA4 00000010 00000000 0000000E 00000007 00000000 0000000D 00000000 00000007 0001185C 003E1968 003E1CB2 003E1CAA 003E1968 003E1968 003E5200 1B84B64A
S 0AD5A 20 0AD98 00000000 00000017 000000ED 000000C0 00000000 00000004 0000000F 0000000F 000117FA 003E4000 003E0F48 003E0864 003E1CA0 003E1BC6 003E4FE8 687400C7
S 0AF72 20 0AF8A 00000019 0000000E 00000020 00000012 00000001 00000003 00000000 0000000B 003E1BC6 003E0864 003E1BFC 003E02D8 003E1BC6 003E0864 003E5200 C6F71E6A
S 0B032 20 1359E 00009084 00000001 00000000 00000008 00000000 0000001A 0000001E 0000000C 003C0008 003C07FC 003E0864 003E1CF6 003E1CF6 003E02D8 003E5200 5C164980
X 0B2E8 7
X 0B53A 11
X 0B5B8 20
X 0B5E4 19
X 0B738 9
S 0B7FA 20 11BDA 00000000 00000012 00000014 00000041 00000017 0000000B 00000014 0000001B 0001000A 003E4FE2 0000006E 003E0864 003E0F48 003E02D8 003E4FE8 E763DBF7
S 0B958 20 0B9BC 0000001D 000051E0 00001A80 00000180 FFFFFE80 00000004 00000015 00000007 003E1BFC 003E4000 003E0864 003E02D8 003E0F48 003E1CF6 003E5200 3603A585
S 0B9C8 20 1359E 00009084 0000001D 00000003 00000006 0000000B 00000008 0000000A 00000003 003C0008 003C07FC 003E1968 003E4000 003E02D8 003E4000 003E5200 EC763E0C
S 0BB38 20 0BB60 00000000 0000000E 00000008 00000019 0000000B 0000001C 00000000 00000019 003E4FE6 003E4FE8 003E4FE4 003E1AF4 003E1CF6 003E0F48 003E4FE8 C981DACF
S 0BB7C 20 0BB98 003E0864 00000005 0000003E 003E1C44 0000001D 00000006 00000008 0000001C 003E1C44 003E02D8 003E1C44 003E0864 003E0F48 003E4000 003E5200 FADC4ABE
S 0C150 20 0C18A 00000017 00000000 0000000C 000003E7 00000015 0000000B 00000007 00000015 003E0F48 003E1BC6 003E4FF0 003E4FE6 003E1900 003E4000 003E4FE8 F783CA58
X 0C1EE 5
S 0C206 20 0C22A 0000001E 00000000 0000001F 0000000A 0000000F 00000006 00000003 00000006 003E4FF2 003E4FE8 003E4FF0 003E1C46 003E0864 003E0864 003E4FE8 6356653C
S 0C240 20 0C222 0000001E 00000000 00000007 00000002 00000007 00000009 00000013 00000001 003E4FE4 003E4FDA 003E4FE2 003E1C46 003E1BC6 003E4000 003E4FDA FC7FC441
X 0C2BC 9
S 0C2DC 20 1359E 00009084 00000003 0000000C 00000017 00000011 0000000F 0000001D 00000002 003C0008 003C07FC 003E1968 003E0864 003E0864 003E0F48 003E5200 1E7F9235
S 0C3E8 20 0C40E 00000024 00000003 000000D1 00000001 00000014 00000010 00000004 0000000E 000117FB 003E1CF6 003E02D8 003E0864 003E0F48 003E02D8 003E5200 1E2876A3
S 0C436 20 0C476 00000000 00000003 00000000 00000046 00000018 00000009 00000003 00000007 003E1968 000118AA 003E1964 003E0864 003E0F48 003E0F48 003E5200 2806F9A3
X 0C4AE 12
X 0C4CA 10
X 0C4E8 8
S 0C504 20 0C52E 003E20B0 003E20A8 00000000 003E20B0 00000017 00000014 00000018 00000017 003E20B0 003E20A8 003E2498 003E02D8 003E1CF6 003E4000 003E5200 4199BBF5
X 0C538 14
S 0C568 20 1359E 00009084 0000000E 00000001 00000003 00000015 00000012 00000017 0000000A 003C0008 003C07FC 003E1CF6 003E4000 003E02D8 003E1968 003E5200 FA7D80C9
S 0C5CA 20 0C4FA 00000000 003E20A8 00000000 003E20B0 0000004E 0000001C 00000004 0000001E 003E20B0 003E20A8 003E2498 003E02D8 003E0F48 003E0864 003E5200 6B4CAF64
S 0C688 20 0C4FA 00000000 003E20A8 00000000 003E20B0 00000024 0000000D 00000018 00000014 003E20B0 003E20A8 003E2498 003E0864 003E1968 003E1CF6 003E5200 4BE136FF
S 0C724 20 0C4FA 00000000 003E20A8 00000000 003E20B0 00000014 00000001 0000001D 00000007 003E20B0 003E20A8 003E2498 003E1CF6 003E0864 003E0F48 003E5200 E2134660
S 0C7BC 20 0C4FA 00000000 003E20A8 00000000 003E20B0 000000BD 0000000C 00000018 00000008 003E20B0 003E20A8 003E2498 003E1968 003E1968 003E02D8 003E5200 07F5E9AA
S 0C832 20 0C4FA 00000000 003E20A8 00000000 003E20B0 00000028 00000003 0000000B 00000007 003E20B0 003E20A8 003E2498 003E1BC6 003E02D8 003E0F48 003E5200 FA7CB57D
S 0C8DE 20 0C4FA 00000000 003E20A8 00000000 003E20B0 0000002D 00000009 0000000C 0000000B 003E20B0 003E20A8 003E2498 003E1CF6 003E1BC6 003E02D8 003E5200 00ED2422
S 0C95E 20 0C4FA 00000000 003E20A8 00000000 003E20B0 00000078 00000008 0000000A 00000006 003E20B0 003E20A8 003E2498 003E02D8 003E0864 003E02D8 003E5200 73BA9497
S 0C9D2 20 1359E 00009084 00000015 0000000F 0000001F 00000012 00000016 00000005 0000000B 003C0008 003C07FC 003E1CF6 003E0F48 003E4000 003E0F48 003E5200 A93B5A59
X 0CA52 9
X 0CA88 11
X 0CAE2 9
S 0CB24 20 0EFEE 00000005 0000427E 003E1968 00011B06 00011B0C 00000000 0000001C 00000012 003E1D02 00011B06 003E1968 003E1968 003E0F48 003E0864 003E5200 C8F47963
S 0CBAE 20 0CC88 00000071 00000001 00000071 00000040 0000003F 00011930 00011924 00000006 003E0F48 003E0864 003E1950 003E1968 003E0864 003E0864 003E4FE8 882B5EC7
S 0CC18 20 0CCA4 0000007E 00000018 0000001A 00000004 00000006 00000002 00000002 0000000E 003E4000 003E02D8 003E1968 003E40FC 000391A0 003E4000 003E5200 49BCECDA
S 0CC3A 20 0CD2A 00000000 00038DE0 00000018 00000011 00000018 00000018 0000001F 00000016 003E4000 003E1968 003E0F48 003E0F48 00038DE0 003E0864 003E5200 1C04BE87
S 0CCB2 20 1359E 00009084 0000000F 0000000E 00000016 00000001 00000013 00000018 0000001E 003C0008 003C07FC 003E1BC6 003E02D8 003E1968 003E1CF6 003E5200 E3E0237E
S 0CCE6 20 0CD66 00000000 0001FB10 00000005 00000019 00000014 00000003 00000017 00000001 00010040 0001004C 000000E9 003E1CF6 003E1BC6 003E02D8 003E4FD4 7F38DBB7
S 0CD4A 20 0CD8A 0000000E 0000002C 00000014 00000003 0000001F 00000018 00000018 0000001A 003E4FE8 00010166 003E42A7 003E0F48 003E1968 003E4000 003E4FE8 EDFB28F1
S 0CDAE 20 0CD7C 00000001 0001FB10 0000001A 0000000B 00000015 00000005 00000009 00000019 003E4FDC 00010050 0000005E 003E1CF6 003E1BC6 003E02D8 003E4FDC FABA4612
S 0CDC0 20 0CD6A 00000000 0001FB0C 00000009 0000001A 00000001 0000001E 0000001F 0000000A 00010040 0001004C 000000FC 003E1BC6 003E1BC6 003E0F48 003E4FD8 2AFEDE02
S 0CDF6 20 05642 00000003 00000002 00000020 00000040 00000001 0001FB00 00000001 00000008 00010040 003E1CF6 003E02D8 003E0F48 003E1968 003E1BC6 003E4FCA 2A650362
X 0CE48 4
S 0CE76 20 0CEAE 00008000 00000060 00000018 00000003 0000007E 00000000 00000000 00000004 003E1968 003E02D8 003E0864 003E0864 003E4000 003E0864 003E4FE8 5AC4D038
S 0CEE8 20 1359E 00009084 00000003 00000006 00000009 0000000C 0000001F 00000016 0000000C 003C0008 003C07FC 003E4000 003E0F48 003E02D8 003E02D8 003E5200 14A50ED6
S 0CF40 20 11E7A 0000003C 00228000 00000006 00000015 0000000B 00000005 00000004 0000001C 003E0842 003E1BC6 000000F4 003E02D8 003E1CF6 003E0F48 003E5200 5BC4D94E
S 0CFDA 20 0F024 00000005 00005474 00000005 00000019 00000014 00000007 0000001E 0000000E 003E1D02 00011B1E 003E194C 003E194A 003E0F48 003E02D8 003E5200 5C6CFF30
S 0D030 20 155DC 00000756 00000009 00000000 00000000 00000756 00000008 0000001D 00000005 003E0864 003E365C 003E365A 003E3632 003E1CF6 003E1CF6 003E5200 6A6981C6
S 0D04E 20 0F024 00000003 00005474 00000007 00000014 0000000A 00000013 00000014 00000000 003E1D1A 00011B1E 003E0F48 003E02D8 003E1BC6 003E0864 003E5200 4467B473
S 0D696 20 05102 003E0328 0000001F 00000000 00000005 0000BFFF 00000014 00000012 0000000B 0000FE3E 003E4000 003E0EC2 003E0864 003E0864 003E1BC6 003E5200 EEDA9820
S 0D7A0 20 0F018 00000003 00005474 00000004 00000009 00000004 00000000 00000013 0000000A 003E1D0E 00011B1E 00000085 003E0F48 003E1BC6 003E0F48 003E5200 1E80D08F
X 0DB66 1
S 0DB6C 20 1359E 00009084 00000010 00000000 00000015 00000018 0000001E 0000000A 0000001C 003C0008 003C07FC 003E0F48 003E1CF6 003E1BC6 003E0864 003E5200 447AD742
X 0DB72 1
X 0DB78 1
S 0DB7E 20 13FCC 00000001 00000007 00000016 00000019 00000019 00000018 0000001C 00000006 003E0F48 003E1CF6 003E1968 003E1968 003E0F48 003E1BC6 003E4FE8 828756AD
S 0DBE6 20 13FA4 00000000 00000000 00000005 0000000E 00000006 0000000A 00000013 0000000E 003E0864 003E0F48 003E0864 003E4000 003E0864 003E1968 003E5200 F0243049
S 0DC10 20 13FA4 00000000 00000000 00000018 00000016 00000003 0000001C 0000001B 00000000 003E0864 003E0864 003E0864 003E0864 003E02D8 003E02D8 003E5200 19F2768F
S 0DC3A 20 035EE 0000000C 0021A004 0000000C 000000AE 0000000C 0000001A 0021A064 0000001A 003E4000 003E02D8 003E1BC6 003E0864 003E1BC6 003E1968 003E4FE8 87C347A7
S 0DE1A 20 0A7FC 00000000 00000003 00000000 00000000 00000000 00000005 0000000B 00000001 003E1BC6 003E1BC6 003E1968 003E1870 003E1968 003E1968 003E5200 4A37644D
S 0DEC8 20 1359E 00009084 00000019 00000006 00000019 00000007 00000002 00000009 0000000B 003C0008 003C07FC 003E4000 003E1BC6 003E1968 003E1968 003E5200 B20B8D24
S 0E000 20 148A0 000036A0 00000014 0000000C 00000000 00000009 000036A0 00000007 00000014 0001D616 003E4000 003E34CC 000143B0 003E3536 003E02D8 003E4FDC D41D9B3B
S 0E020 20 14790 00000026 00000013 00000006 00000007 0000000B 0000001C 00000012 00000006 003E1968 003E34CC 003E0DE0 003E02D8 003E0864 003E02D8 003E5200 2ECF775B
S 0E0EE 20 0C7C4 00000008 0001F040 00000000 00000001 0000001E 00000058 0000002D 0000000C 003E02D8 003E0864 0000450C 003E4050 003E0864 003E1CF6 003E4FE8 C621F9EF
S 0E332 20 11E7C 00000007 00040000 00000041 00000003 00000018 00000017 0000001A 0000001F 003E0842 003E02D8 003E02D8 003E0864 003E1968 003E1CF6 003E5200 45A9F455
S 0E3B0 20 0E5CE 00000086 00000086 00000003 003E400E 003E1CE0 0000000B 00000012 00000015 003E1CF6 003E02D8 00000088 003E1CD4 003E1CD4 003E1CF6 003E4FE8 667BCE0B
S 0E516 20 147A8 00005673 0000007F 000002B3 00000014 00000005 00005673 00000018 00000007 0001D616 003E34CC 003E1968 003E1CF6 003E02D8 003E0F48 003E5200 C8E29782
S 0E546 20 148A0 00005673 00000013 00000016 00000000 0000001B 00005673 00000017 0000000B 0001D616 003E0864 003E34CC 000143B0 003E3536 003E1968 003E4FDC 9D877207
S 0E554 20 1359E 00009084 0000000B 00000007 00000016 0000000F 0000000B 0000001F 00000005 003C0008 003C07FC 003E0864 003E0864 003E1CF6 003E0864 003E5200 78C5EA2E
S 0E7A8 20 0E7E4 00008000 00000006 00000002 0000001A 00000004 0000001B 00000009 00000013 003E1CE8 003E1968 003E1BC6 003E02D8 003E0F48 003E1968 003E5200 7A34ED21
S 0E824 20 0E85A 00000001 00000003 0000001B 00000018 0000001A 0000000B 00000003 00000003 003E02D8 003E1BC6 0000007C 003E1CB4 003E0DD4 003E1BC6 003E5200 4C521CBF
S 0E98C 20 0EA7E 00000002 00000003 0000001C 00000006 0000000E 00000001 00000004 00000017 003E0864 003E02D8 00000080 003E195C 003E0DD2 003E1CF6 003E4FCC 360A9749
X 0EA46 15
X 0EA68 12
S 0EABA 20 0C2FE 00000006 0000000F 00000001 00000000 0000001F 00000017 0000001A 0000000C 003E1C45 003E4FDF 003E4FDE 003E1C44 003E1968 003E02D8 003E4FE0 A5C7D1AE
X 0EAC8 5
S 0EBBA 20 1359E 00009084 00000005 00000000 00000004 00000008 00000001 00000003 00000003 003C0008 003C07FC 003E1BC6 003E1BC6 003E1968 003E1968 003E5200 8A85A6A0
S 0EC3A 20 0ECC8 00008600 00000017 0003827C 0000000C 0000001C 0000000D 0000000F 0000000E 003E4FE8 0000005C 00000012 0000ECB0 003E0864 003E1CF6 003E4FE8 7E985785
S 0ECB0 20 11BFA 00000000 00000009 00E5003E 0000000C 0000001E 0000001E 0000001E 00000005 003E0F48 003E0864 003E1968 003E0864 003E1CF6 003E1BC6 003E5200 64F2398D
X 0EDEA 12
X 0EE22 4
X 0EE3A 1
S 0EE44 20 0EE86 00000009 00000014 00000002 00000018 00000001 00000003 0000001A 0000001E 003E1CF6 003E0F48 003E1D26 003E1BC6 003E1CF6 003E02D8 003E5200 E0D14F75
S 0EE90 20 0EEAE 00000002 00018658 003E4375 00000011 00000014 00000009 00000008 00000006 003E1D1A 00000084 003E4000 003E1CF6 003E0F48 003E1CF6 003E5200 DB4BED1A
S 0EEEE 20 1359E 00009084 00000017 0000001D 00000005 00000003 00000012 0000001A 00000016 003C0008 003C07FC 003E1968 003E02D8 003E0864 003E4000 003E5200 58A594B4
S 0EF58 20 0EF76 00000002 00018600 0000001C 00000010 0000001B 00000017 00000006 00000001 003E1D1A 00000034 003E1BC6 003E02D8 003E0864 003E1BC6 003E5200 9ECBA652
X 0EFBA 10
S 0EFFA 20 0F018 00000002 00018600 0000000A 0000001D 00000018 0000000B 00000008 00000004 003E1D1A 0000005C 003E4000 003E1968 003E1BC6 003E1CF6 003E5200 86799554
S 0F000 20 0F024 00000002 30CD7F6E 0000000B 0000000C 00000009 0000001D 0000001F 00000000 003E1D26 003E4316 003E0864 003E1BC6 003E02D8 003E02D8 003E5200 FD2E81B9
S 0F13E 20 0F180 00000248 0000000C 0000001A 00000015 00000005 00000013 00000049 00000007 003E3FB0 003E4000 003E0248 003E0864 003E02D8 003E0000 003E5200 A43853A0
S 0F1FA 20 0F21C 00020400 00000000 0000001D 00000011 00000007 00000006 00000007 0000000E 003E0F48 00024E64 003E4000 003E0F48 003E1968 003E1968 003E5200 0094F788
S 0F26A 20 0F2B0 000009C0 0000A787 00000010 00000005 00000003 0000001A 0000001D 00000011 003E1CF6 003E1CF6 003E1CF6 003E4000 003E4000 003E1BC6 003E5200 F7AD160E
S 0F2CC 20 1359E 00009084 00000010 00000016 00000006 00000015 00000013 0000001C 00000000 003C0008 003C07FC 003E1968 003E02D8 003E0864 003E1968 003E5200 CDF7D111
X 0F2EE 2
X 0F2FA 2
S 0F306 20 0F33C 0000000A 0000003F 00000048 00001FF7 00000000 0000000D 0000000A 0000001E 003E02D8 003E4348 003E1CF6 003E0240 003E02D8 003E1BC6 003E5200 02889C77
S 0F3B2 20 0F40C 00000010 00000008 00000019 00000011 0000001D 0000001C 00000000 00000017 003E0F48 003E0F48 003E4000 003E00C8 003E0000 003E1CF6 003E5200 E5EB43D0
S 0F4CA 20 0F534 00000014 00000080 00000014 0000001C 00000000 00000006 0000000F 0000000A 003E3FC0 003E0F48 003E00A0 003E1BC6 003E02D8 003E02D8 003E5200 A0AFFB0C
X 0F52C 20
S 0F540 20 0F5AE 00000070 00000002 00000002 00000010 00000002 00000003 00000018 0000000B 003E0080 003E0348 003E0010 003E1968 003E1CF6 003E02D8 003E5200 DFB34603
S 0F5F6 20 1359E 00009084 0000001A 00000013 00000018 0000000C 0000001C 00000018 0000000B 003C0008 003C07FC 003E0864 003E1968 003E1968 003E0F48 003E5200 6779E591
S 0F630 20 0F67A 00000248 00000001 00000017 00000014 00000000 00000049 0000000C 00000007 003E0248 003E02C2 003E1BC6 003E0864 003E02D8 003E02D8 003E4FE8 6D73A7FA
S 0F79E 20 0F7E8 0000004B 00000000 0000000D 00000049 00000016 0000004B 0000000C 00000007 003E3F40 003E02C2 003E1BC6 003E0F48 003E0000 003E1CF6 003E4FE8 CED68C2C
X 0F922 4
S 0F936 20 0F984 00000018 0000001E 00000003 0000001D 0000001C 00000015 00000002 00000000 003E3F40 003E4000 003E0018 003E02B4 003E0864 003E1BC6 003E4FE8 F089BB64
X 0FB74 1
S 0FB80 20 0FBB0 001AD7FA 00000006 00000006 00000010 0000001B 0000001D 0000001C 00000000 000102AE 0001018E 00011E92 003E4000 003E0F48 003E0864 003E5200 E3A07344
X 0FBC6 7
X 0FBE2 5
X 0FBE4 10
X 0FC06 1
X 0FC0E 0
S 0FC10 20 1359E 00009084 00000006 0000001E 0000000F 00000012 00000007 00000009 0000001A 003C0008 003C07FC 003E1BC6 003E02D8 003E0864 003E02D8 003E5200 FE14018F
X 0FC1E 9
X 0FC32 4
X 0FC3A 2
X 0FC46 10
X 0FC4A 10
X 0FC74 9
X 0FC88 4
S 0FC9C 20 1359E 00009084 00000009 00000017 00000005 00000014 0000000F 0000000C 0000001F 003C0008 003C07FC 003E1968 003E1968 003E02D8 003E4000 003E5200 F95C499C
X 11BD8 5
X 11BEC 7
X 11C04 8
X 11CE2 8
S 11CF8 20 11D42 00000002 00000FE0 000000FE 000042D0 000000FE 000042D0 00000011 0000001E 003E0F48 003E1BC6 003E4000 003E02D8 003E4000 003E1BC6 003E5200 1F52D522
X 11D5C 15
S 11D96 20 11DBE 000000B3 003E4104 0000BF3C 00000040 00000055 003E41BD 00000001 00000010 0021E001 0000000B 003E0864 0000000A 003E0864 003E1BC6 003E5200 BAEA84FF
S 11E10 20 1359E 00009084 00000008 00000016 00000013 00000019 0000000A 00000011 0000001C 003C0008 003C07FC 003E1BC6 003E1968 003E0864 003E1968 003E5200 877127A1
X 11E58 13
S 11EDA 20 11FF0 000000C2 00000004 000000C0 00000000 00000006 00000005 00000009 00000004 000E5A2A 003E42D0 003E1BC6 003E02D8 003E1BC6 003E0F48 003E5200 FC8F1FC7
S 11EF2 20 11FF0 000000D2 00000002 000000D0 00000000 00000006 00000008 00000015 00000000 000DAE1A 003E41D7 003E0864 003E02D8 003E0864 003E0864 003E5200 C721F1C4
S 11EFE 20 11F8E 000000CB 0000001F 000000C0 00000000 00000007 00000016 00000013 00000016 000D2641 003E42A2 003E1968 003E0864 003E1BC6 003E0F48 003E5200 C0F7295C
S 11F2A 20 11F3E 0000005C 00000017 00000007 0000001B 0000001C 00000008 00000013 00000006 003E1CF8 003E02DA 003E4000 003E1968 003E0864 003E1CF6 003E5200 541142D1
S 11FF8 20 12008 000042B6 00000004 000042B6 00000007 00000001 00000006 00000019 00000012 003E4000 00000071 003E4000 003E1BC6 003E0F48 003E1BC6 003E5200 FE1C4E24
S 12026 20 12036 00004227 00000001 00000006 00000003 00000004 0000001E 00000009 00000015 003E1CF6 00000251 003E1968 003E02D8 003E0864 003E1CF6 003E5200 3C8D651E
S 1204C 20 1359E 00009084 0000001B 00000000 0000001A 00000008 0000000E 00000002 00000011 003C0008 003C07FC 003E1968 003E0864 003E1968 003E4000 003E5200 1F26573F
S 12066 20 12072 00000019 00000019 00000004 00000007 0000000B 00000010 00000003 0000000F 003E1BC6 003E0F4C 003E02D8 003E4000 003E0F48 003E0864 003E5200 35F7A2DD
S 12078 20 12168 00000000 00000000 00000000 00000000 000085FF FFFF7C00 00000002 00000011 0000005D 003E423C 003E1CF6 003E02D8 003E0F48 003E4000 003E5200 F9923999
S 120A2 20 1216A 00000015 00000006 00000012 00000000 00000012 00000019 0000001F 00000012 003E4002 003E0866 003E02D8 003E1CF6 003E02D8 003E02D8 003E5200 2FC5DD2E
S 1217E 20 121A6 0000006F 000000C8 00000004 003E4189 0000001B 00000015 00000007 00000008 003E432D 00000101 003E1BC6 003E1968 003E02D8 003E1968 003E5200 38816A0C
S 121C4 20 122CA 00000027 00000000 00004243 00000000 00000000 0000FFFF 00000007 00000000 000DAE03 00000000 003E4000 000DADDD 003E02D8 0000420D 003E5200 9EA061A2
X 12222 6
X 122C6 6
S 12306 20 1359E 00009084 0000000C 00000009 0000000B 0000001B 00000006 0000000E 00000018 003C0008 003C07FC 003E0864 003E1CF6 003E0F48 003E02D8 003E5200 066BA138
X 1231A 7
X 12354 2
S 1238C 20 1238E 00000000 0000FFFF 0000001C 00000000 0000000D 0000000B 00000006 0000000A 003E02D9 003E0865 0003A39D 003E0864 003E02D8 003E1BC6 003E5200 38066066
S 124BE 20 125BC 0000000D 00000000 00000000 00000000 00000007 000001F8 00000014 0000000A 00000048 003E42F0 00031CF6 003E1BC6 003E0864 003E1CF6 003E5200 6F31BDFE
S 124E2 20 1259C 00000000 00000000 00000003 00000000 0000001E 00000017 0000001C 0000001A 003E02DA 003E1969 0003A39E 003E1968 003E4000 003E1CF6 003E5200 B33E5A59
S 12574 20 12580 00000000 00000018 0000001D 00000000 0000FFFF 0000001B 00000014 00000019 003E02DA 003E0886 003E02D8 003E02D8 003E0864 003E1CF6 003E5200 8DB08AFC
S 1259C 20 1254A 000000FE 0000001F 0000001B 00000015 00000018 0000001A 00000009 00000003 003E0F49 003E0865 0003A51E 003E0864 003E1968 003E0F48 003E5200 7A699269
S 125DA 20 1359E 00009084 0000000F 0000001E 0000000C 00000003 0000001F 00000015 00000009 003C0008 003C07FC 003E1968 003E0864 003E1968 003E1968 003E5200 D1E96530
S 1262A 20 12886 00000010 00000010 00000010 00000008 00000015 0000001F 00000015 00000001 003E02D8 00001000 003E02D8 003E0F48 003E1968 003E0F48 003E5200 8FF80F14
S 128BC 20 128D4 00000098 00200000 0000000D 00000011 00000004 00000014 00000009 00000017 003E5084 003E1CF6 003E1968 003E1BC6 003E02D8 003E02D8 003E5200 DA8874A7
S 13000 20 13014 0000000D 000003FA 00000008 00000013 00000008 00000016 00000008 0000001D 0020000C 0021FFFE 003E1CF6 003E4000 003E0864 003E0F48 003E5200 C2963EA6
X 130B0 8
S 130EE 20 13814 00000000 00000007 00000009 00000000 00000006 00000017 00000000 0000000B 003E0000 003E0000 003E07FE 0072FFFE 000135D6 0001326C 000137A0 9D3062E1
S 130F8 20 136A0 00000000 00000000 FFF0000F 00000FFF 00000000 00000000 00000010 0000000A 00000000 003E02D8 00013328 003E0864 003E1BC6 00013300 003E5200 EF0C1BB5
S 13350 20 19F98 00000001 00000000 00000000 00000011 00000013 0000000D 0000001F 00000014 003E4000 003E1968 003E370E 00019CE4 003E1968 003E4000 003E5200 CFD2D071
S 133B2 20 19702 000000C8 00000000 FFFFFFC0 00000001 00000019 0000001C 00000010 0000001E 003E3673 003E02D8 003E02D8 003E1CF6 003E1968 003E1CF6 003E5200 65B8C539
S 133EC 20 1288E 00000000 0000000A 00000002 0000000A 00000003 0000001D 0000001A 00000008 003E20A0 003E20A0 003E1CF6 003E1968 003E1BC6 003E1BC6 003E5200 9E1CF02B
X 1354C 8
S 1357C 20 135A0 00009084 00000007 00000000 00000008 0000001C 0000000C 0000001D 0000000D 003C0008 003C07FC 003E1CF6 003E1BC6 003E0864 003E1968 003E5200 5A71109C
S 1378E 20 1381A 00000000 0000001D 0000000B 0000001E 00000018 0000001F 00000000 00000019 003E196C 003E1968 003E1CF6 0072FFFE 003E0F48 003E4000 000137A0 B258166A
S 1397A 20 139F8 00000000 00000018 0000000A 00000010 00000009 00000019 00000000 00000012 003E02DC 003E02D8 003E1BC6 0072FFFE 003E1CF6 003E0864 0001398C D4976E65
X 13CDA 16
S 13D1E 20 13D54 00000003 0000001D 00000000 0000030A 00000000 0000001C 00000013 00000014 003E1968 003E0864 003E4000 003E4000 003E1968 003E4000 003E5200 1C789635
S 13E0A 20 19626 00000001 00000000 00000000 0000001A 00000010 0000001A 00000006 00000002 00000053 00000051 00000051 003E1CF6 003E0864 003E1CF6 003E5200 4894DE7C
S 13E6A 20 13D40 00000003 00000009 000000D7 00000000 0000000E 0000000C 00000018 00000010 003E4FD4 003E0864 003E1968 003E1CF6 003E0F48 003E4000 003E4FE8 37133B6B
S 13E94 20 13F0C 0000000A 00000014 0000000A 00000002 00000002 00000003 0000001A 0000000B 003E02D8 003E1CF6 003E3444 003E3447 003E1CF6 003E1BC6 003E5200 66C98535
S 13F40 20 147AA 000036A0 0000007F 00000035 0000000A 0000001C 000036A0 0000001A 00000007 0001D616 003E34CC 003E02D8 003E02D8 003E1BC6 003E02D8 003E5200 2B626B71
X 13F98 15
S 13FCE 20 1359E 00009084 00000004 00000019 0000000B 0000001A 00000005 00000006 00000005 003C0008 003C07FC 003E0F48 003E1BC6 003E4000 003E0F48 003E5200 88FE5962
S 14044 20 13FCA 00000001 00000007 0000001C 00000019 0000000A 00000004 00000003 00000014 003E1BC6 003E0F48 003E3448 003E3446 003E1CF6 003E02D8 003E5200 528D80C1
S 14138 20 13FCA 00000001 00000007 00000050 00000005 00000003 0000001E 0000001E 0000001A 003E1CF6 003E0F48 003E3446 003E1968 003E0864 003E1BC6 003E5200 8DFB27C7
S 141D4 20 1479E 00005083 00000002 00005083 00000000 00000015 00005083 0000000C 00000008 0001D616 003E34CC 003E1CF6 003E1BC6 003E4000 003E02D8 003E5200 FF9B36C4
X 1425C 11
X 143B0 11
S 14492 20 14260 00000000 0000001D 00000005 FFFFFFFF 00000009 00000007 0000001B 00000014 003E4000 00500001 003E3536 0001D644 003E0F48 003E4000 003E5200 F43D554B
X 144AE 8
S 144D0 20 1359E 00009084 0000001B 00000018 00000010 0000001E 0000001B 00000000 0000000B 003C0008 003C07FC 003E02D8 003E0864 003E1BC6 003E02D8 003E5200 17A8E182
S 14578 20 144EE 00000000 00000007 003E34CC 00000000 003E34CC 0000001D 0000000A 0000001B 003E1CF6 003E1BC6 003E3536 000143B0 003E34F4 003E0F48 003E4FC0 812D5E21
X 14772 9
X 1485C 14
S 14A36 20 14B24 FFFFFFFF 000000C7 000000C7 003E4078 FFFFFFFF 00000005 0000000C 00000016 003E02D8 003E34CC 003E34ED 003E02D8 003E4000 003E02D8 003E5200 5EB1E2D4
X 14B2C 10
S 14C3C 20 14B44 000000FD 00000000 00000000 0000004D 00000016 00000011 00000005 00000010 003E4FE4 003E1CF6 003E41F3 003E1968 003E1CF6 003E0864 003E4FE8 D66B1326
S 14DD2 20 14B4E 00000000 00000000 00000000 00000000 0000000A 00000000 00000004 0000001C 003E4FE4 003E1CF6 003E1968 003E1BC6 003E1968 003E0864 003E4FE8 F347C45C
S 14E5C 20 19C10 00000010 00000000 0000000E 003E3454 00000000 00000004 0000001D 00000003 003E3454 003E3458 003E02D8 003E0F48 003E0F48 003E02D8 003E5200 4FF79E85
X 14ECA 6
X 14EF8 9
X 14F7A 7
X 14FF2 7
S 15064 20 1508A FFFFFFFF 000040AC 0000001C 000040AC 00000032 FFFFFFFF 00000000 00000000 003E1968 003E0864 003E1968 003E0864 003E0864 003E02D8 003E5200 14C9F0F7
X 15100 6
S 1520E 20 17508 00000007 00000000 0000001A 00000015 0000001D 0000000C 0000001A 0000000D 00200014 003E1968 0001D762 003E361E 003E1968 003E1968 003E5200 006EC87D
S 155A0 20 1359E 00009084 00000015 00000011 0000000F 00000003 00000005 00000006 00000004 003C0008 003C07FC 003E1BC6 003E1968 003E1CF6 003E0864 003E5200 FDDFA9E1
S 15672 20 155D4 00000756 00000009 00000009 00000000 00000756 00000000 00000003 0000000D 003E1968 003E365C 003E365A 003E3632 003E0864 003E4000 003E5200 1DD19507
S 1568E 20 155D2 00000756 00000000 00000009 00000000 00000756 00000013 00000004 00000017 003E0864 003E365C 003E365A 003E3632 003E02D8 003E0F48 003E5200 A3C53C36
S 156AC 20 155A4 00000009 00000009 00000012 00000087 00004289 00000005 00000005 00000009 003E0F48 003E02D8 003E3632 003E02D8 003E0864 003E1BC6 003E5200 2D69EB76
S 15830 20 1507E 00000005 00000013 00000005 00000013 00000001 00000008 0000000B 00000013 003E02D8 003E4000 003E1CF6 003E0F48 003E1BC6 003E0F48 003E5200 89F5DD1B
S 160BA 20 193BE 00000000 00000002 00000034 00000007 0000000F 00000012 0000000F 00000019 003E341A 003E343C 003E4000 003E0864 003E02D8 003E0864 003E5200 2A62EF17
S 1684C 20 193BE 00000000 00000002 0000007E 0000001D 0000001E 0000000C 00000019 0000001A 003E341A 003E343C 003E0864 003E1BC6 003E1CF6 003E1968 003E5200 95B55EFA
S 168F8 20 193BC 00000000 00000001 00000009 00000003 00000010 00000014 00000005 0000000C 003E341B 003E343C 003E1BC6 003E0864 003E1BC6 003E4000 003E5200 D7C93F53
S 16BC8 20 1359E 00009084 0000001D 0000001B 0000000C 00000010 0000000F 00000003 00000002 003C0008 003C07FC 003E0F48 003E1BC6 003E1968 003E0864 003E5200 952F0F6B
S 16BDA 20 14588 00008000 00000010 00000019 0000001B 0000000E 00000007 00000013 0000000A 003E3D8E 003E1CF6 003E3536 000143B0 00017EDE 003E1CF6 003E5200 F1CC83AA
S 16D3E 20 193C0 00000000 00000003 00000001 00000013 00000006 0000000D 0000000F 0000000D 003E3419 003E3438 003E02D8 003E0864 003E02D8 003E02D8 003E5200 16B06173
S 16D4E 20 182A6 00000030 00000030 00003DE0 00000030 3DE07BC0 00000018 00000018 00000001 003E02D8 003E02D8 0001829C 003E1968 003E1CF6 003E4000 003E4FD8 56F60C9B
S 16D60 20 182A6 00000030 00000030 00003DE0 00000030 3DE07BC0 00000012 00000005 00000009 003E1BC6 003E1CF6 0001829C 003E1968 003E0F48 003E02D8 003E4FD8 2833EA63
S 16D6E 20 17510 00000019 00000006 00000000 00000019 00000005 00000001 00000009 00000016 00200010 003E02D8 0001D762 003E361E 003E1CF6 003E02D8 003E5200 1033A8E6
S 16D78 20 174B4 00000008 000000A7 00000101 00000017 00000010 0000000C 00000017 0000000A 00200002 00200002 003E02D8 0001851C 003E4000 003E1BC6 003E4FE4 A6CD5F1B
S 16D80 20 17508 00000009 00000015 00000001 00000000 0000000D 00000010 0000000B 0000000B 00200008 003E1CF6 00018B76 0001851C 00017EDE 003E4000 003E4FE4 D8A19574
S 16D88 20 174BC 00000008 000000A7 00000101 00000000 00000006 00000001 0000000E 00000003 00200002 00200002 003E02D8 003E02D8 003E02D8 003E02D8 003E5200 BD3A1F3C
S 16E14 20 1359E 00009084 00000017 00000019 0000000C 00000011 0000001E 00000016 0000000E 003C0008 003C07FC 003E1968 003E1968 003E0F48 003E1CF6 003E5200 663DD591
S 16E1C 20 1750A 0000000D 0000000F 0000001E 00000012 0000000B 00000000 00000002 0000000E 00200010 003E1968 003E4000 003E0000 00018B5C 003E02D8 003E4FE4 C5EA4D6B
S 16E24 20 17510 00000006 0000000B 00000017 0000000C 00000019 0000001F 00000015 0000000E 00200010 003E0864 0001829C 00016958 003E02D8 003E4000 003E5200 9E31F4C5
S 16E2C 20 1750A 00000019 0000001A 00000007 00000000 00000000 0000001F 0000001D 00000005 0020000C 003E02D8 003E1968 003E0F48 003E4000 003E0F48 003E5200 C6825389
S 16EEC 20 1750A 0000000D 00000003 00000010 00000000 00000000 00000007 00000000 0000000B 0020000C 003E0864 003E1968 003E4000 003E1BC6 003E1968 003E5200 051EA1D0
S 16FF0 20 1750A 00000014 0000000C 00000001 00000000 0000001B 00000016 0000000C 00000013 00200008 003E0864 00018B76 0001851C 00017EDE 003E0864 003E4FE8 7C70B432
S 17330 20 18B98 00009078 00002000 0000007D 00004157 0000000E 00000001 00000004 00000010 0001DDB6 002002D8 003E4000 003E0864 003E0864 003E1CF6 003E5200 127CE8F4
S 173D8 20 17508 00000002 00000012 000041E5 00000081 00000017 0000000F 00000001 0000001E 00200014 003E02D8 003E02D8 003E02D8 003E4000 003E0864 003E5200 E1A5C280
S 174A2 20 1359E 00009084 0000000D 00000012 00000019 0000000D 00000003 0000001E 0000001E 003C0008 003C07FC 003E0864 003E02D8 003E1CF6 003E1968 003E5200 D1ABB54F
S 17500 20 1750A 00000009 00000017 0000000A 0000001F 00000012 00000019 00000000 00000016 00200018 003E0864 003E1BC6 003E1BC6 003E1CF6 003E02D8 003E5200 3E4AB4E3
S 1753C 20 1755C 000040DD 000040DC 0000009D 00000002 0000001D 00000000 0000000D 00000006 0000010C 003E1968 003E1BC6 003E0864 003E1968 003E1BC6 003E5200 6414EF8C
S 175DE 20 174B6 00000008 000000A7 00000101 0000000D 00000006 00000018 00000016 00000011 00200004 00200002 00018B76 000190DA 003E4000 003E0F48 003E5200 7FEE04BC
S 177E8 20 18EDE 0020003C 00000000 00000000 00000004 0000000E 00000014 0000000D 00000008 003E1968 0020003C 0001E158 0001E15A 000192E6 003E1968 003E5200 1679F900
S 17800 20 174B6 00000008 000000A7 00000101 00000016 00000016 00000013 0000000E 0000000E 00200004 00200002 003E02D8 0001851C 003E0864 003E02D8 003E4FE8 15B32F65
X 1796E 19
S 1798C 20 17510 00000014 00000006 00000010 0000001D 0000001D 00000011 0000001F 00000002 00200010 003E02D8 003E02D8 003E0000 00018B5C 003E4000 003E4FE8 12DEFD4C
S 17EDE 20 1359E 00009084 00000001 00000010 00000007 0000000E 0000001E 0000000F 0000000D 003C0008 003C07FC 003E1968 003E1BC6 003E02D8 003E1968 003E5200 150A2E54
S 17EF4 20 17510 0000001E 00000003 0000003D 000000F5 000041EA 00000004 00000001 00000008 00200010 003E0F48 003E1968 003E1CF6 003E0F48 003E02D8 003E5200 3C8F5B4A
S 17F42 20 18692 0000001D 00000002 0000002A 00000006 0000001B 0001DFB2 00000007 0000000A 0001DFB4 0001DFB2 003E0F48 003E02D8 003E02D8 003E1BC6 003E5200 3D9C60A0
S 17F70 20 18692 00000017 00000006 0000002A 0000000B 0000001B 0001DF8A 00000008 00000014 0001DF8C 0001DF8A 003E0864 003E1CF6 003E1BC6 003E02D8 003E5200 CE46CA7C
S 17FCC 20 18B76 000040DB 00000000 00000071 00000003 0000004F 00000066 00000014 00000011 003E1968 003E0864 003E4000 003E0864 003E02D8 003E02D8 003E5200 24DF4336
S 18000 20 18B84 00000001 00100000 00000001 00000007 00000010 0000001D 00000011 00000018 003E1BC6 003E0F48 003E02D8 003E0F48 003E1BC6 003E1968 003E5200 AAA22D4C
S 18040 20 182B2 0000003E 000001F8 0000003E 0000007E 003E425F 00000013 00000000 0000001E 003C01F8 003E02D8 0001829C 003E1CF6 003E1CF6 003E02D8 003E4FE8 FBE28398
S 1815A 20 182A2 00000000 00000000 0000001C 00000000 00005254 00000011 00000008 00000018 003E4000 003E1BC6 0001829C 003E02D8 003E1CF6 003E1968 003E4FD8 40C6842D
S 1829C 20 1359E 00009084 00000003 00000017 0000000D 00000004 00000015 00000008 00000015 003C0008 003C07FC 003E0864 003E1968 003E1CF6 003E0F48 003E5200 9565FCF4
X 183F2 8
S 18418 20 148A2 000036A0 0000001F 00000001 00000000 00000006 000036A0 00000017 00000012 0001D616 003E0F48 003E34CC 000143B0 003E3536 003E0F48 003E4FDC D7E68E52
X 1851C 12
X 18544 5
X 18548 4
X 18556 4
X 18564 4
S 18576 20 1359E 00009084 00000002 00000003 00000016 00000015 00000014 00000019 0000000A 003C0008 003C07FC 003E1968 003E1BC6 003E1CF6 003E1BC6 003E5200 E5CB579E
X 18588 4
X 18598 4
X 185AA 4
X 185B6 4
X 185CC 4
X 185DC 4
X 185EE 4
S 18600 20 1359E 00009084 0000001B 00000013 00000018 00000008 00000018 0000000E 00000019 003C0008 003C07FC 003E1BC6 003E0F48 003E4000 003E1BC6 003E5200 25B2AA2A
X 18614 4
X 18626 4
X 1863E 4
X 18652 3
X 18658 1
X 1865E 7
X 1866C 7
S 1867C 20 1359E 00009084 00000002 0000001A 0000000F 0000001C 00000006 0000000E 0000001D 003C0008 003C07FC 003E0864 003E0864 003E1CF6 003E0F48 003E5200 4B4B372A
X 1868C 9
X 1869E 8
X 18764 19
S 1884A 20 18D3E 0002644E 00026000 0000000F 0000000E 00000018 00000016 0000001A 00000003 0000003E 00226434 00018601 003E1BC6 003E02D8 003E1CF6 003E5200 5A8F73AD
X 1885A 13
X 1888C 9
X 188AA 13
S 188EC 20 1359E 00009084 0000001F 00000004 0000000E 00000007 0000000E 00000001 00000009 003C0008 003C07FC 003E02D8 003E0F48 003E1CF6 003E0864 003E5200 86F0A0FF
S 188F8 20 189E6 0000001B 0000B2B2 00000008 00000010 00000004 0000001B 00000011 00000019 00000000 00201F36 003E1BC6 003E0F48 003E0864 003E02D8 003E5200 BF1AE5E3
X 1890C 11
S 18A5E 20 18A9A 00001000 00001000 41320000 0000001F 0000001C 0000001D 00000018 0000000B 0000004C 00000040 0000004E 003E0F48 003E02D8 003E0F48 003E5200 1209DE03
S 18A66 20 18A9E 00000000 00000000 001C0000 0000000A 00000002 00000013 0000001B 00000001 10000001 00000040 003E02DA 003E4000 003E1CF6 003E4000 003E5200 C2C67969
S 18AFE 20 194E6 000000AA 00004207 00000019 00000008 0000001B 00000004 00000018 00000018 003E4FD8 00004207 003E02D8 003E4000 003E1968 003E0864 003E4FE8 6DA01686
S 18B26 20 1964C 000042F4 00000073 80000000 0000001A 00000006 0000000B 00000012 0000000A 003E92CD 003E4FD8 003E0F48 003E1BC6 003E1BC6 003E0864 003E4FE8 9FBA16FA
S 18B5C 20 195DE 0000411F 0000002D 0000002D 00000004 0000000F 00000007 00000000 00000003 003E90F8 00000030 003E4000 003E4000 003E0F48 003E0864 003E4FE8 8EE197D7
S 18B76 20 1359E 00009084 00000019 00000013 00000006 00000005 00000006 0000000E 00000018 003C0008 003C07FC 003E0F48 003E02D8 003E0F48 003E1CF6 003E5200 5F9CBA9F
S 18B92 20 18C10 0000009C 00000013 00000007 00000010 00000000 00000003 00000009 00000004 003E1969 00200019 003E1CF6 003E0F48 003E0F48 003E02D8 003E5200 482E08D0
X 18C3C 14
S 18C48 20 18CE0 00000001 0000001A 00000006 0000000E 00000008 00000004 00000011 0000001D 0000001A 00000011 003E0F48 003E1CF6 003E1968 003E02D8 003E5200 2AC9B6C1
S 18CAA 20 18CF8 00000013 00000000 0000000E 00000015 00000007 00000005 00000007 00000006 00000001 00207004 003E1968 003E1968 003E1CF6 003E0F48 003E5200 09669DD5
S 18CCE 20 18D06 00000036 00000708 00000019 00000004 0000000F 0000000F 0000000F 00000011 00000070 002CD70C 003E0F48 003E1BC6 003E0864 003E1BC6 003E5200 CDE2DB3B
S 18CDE 20 1E6EC 0000005A 000004E0 00000003 00000005 00000005 00000017 00000019 00000012 0002161A 002694E4 003E1BC6 003E4000 003E4000 003E0F48 003E5200 BDFB0AF8
X 18D18 20
S 18D88 20 1359E 00009084 00000014 00000010 00000014 00000002 0000001A 0000001A 00000011 003C0008 003C07FC 003E4000 003E4000 003E4000 003E0F48 003E5200 377557A8
S 18DC4 20 18E36 00000007 00004330 00000006 0000000C 0000001F 00000002 00000005 0000000E 003E1CF6 003E341B 003E3400 003E1BC6 003E4000 003E0F48 003E5200 56193B26
S 18DEA 20 18E40 00000004 00000000 0000000C 00000017 0000000F 00000003 00000005 00000012 00000078 003E341B 003E3400 003E1CF6 003E1CF6 003E1BC6 003E5200 41432C3A
S 18DF6 20 18E44 00000002 0000417C 0000000C 00000017 00000012 00000014 00000014 00000014 00000016 003E341B 003E341B 003E1BC6 003E0F48 003E1CF6 003E5200 310DA21D
S 18DFC 20 18E44 00000001 000042BC 0000000C 00000017 00000019 00000011 00000011 0000000C 000000C1 003E341B 003E341B 003E02D8 003E1968 003E02D8 003E5200 51257675
S 18E06 20 18E4C 00000003 00004235 00000003 00000006 00000011 0000001B 0000000C 00000014 000000AF 003E341B 003E341B 003E4000 003E0864 003E0F48 003E5200 26757323
S 18E66 20 18ED8 00201007 00000000 00000020 00000006 00000004 00000006 0000001F 0000000F 003E4000 00201007 0000001A 85980002 000192E6 003E1CF6 003E5200 80FD7C08
S 18F10 20 18F84 00000172 00000000 FFFFFFAB 00000000 00000011 00000000 00000014 00000009 003E1CF6 003E1968 00019192 003E1968 003E4000 003E1968 003E5200 005E4822
S 19010 20 1359E 00009084 00000004 0000001C 00000001 00000010 00000015 0000000A 00000001 003C0008 003C07FC 003E1968 003E1BC6 003E0864 003E0F48 003E5200 7A7855D6
S 19032 20 18F52 00004232 000000F0 FFFF00F0 00000000 0000001E 00000002 0000000E 0000000E 00800002 000000A0 00019182 003E0F48 003E1CF6 003E0864 003E5200 2CCC6232
S 19054 20 194E0 000000A5 00000001 00000011 0000000D 00000002 00000004 0000001B 00000007 003E4FD8 00004287 003E02D8 003E02D8 003E4000 003E0F48 003E4FE8 AEEAD51D
S 190C0 20 195DE 00004139 00000005 00000005 00000004 0000000F 00000007 00000011 00000019 003E9112 00000030 003E1968 003E1BC6 003E4000 003E1968 003E4FE8 A84264E2
S 190DA 20 18ED8 002EE5CC 000EE000 00000013 00000006 0000000C 0000000A 00000015 00000011 003E1CF6 002EE5CC 003E4FF8 003E1CF6 000192E6 003E4000 003E5200 B17EB81D
S 19366 20 193BE 00000000 00000001 0000001B 00000013 00000004 00000008 00000000 0000000F 003E341B 003E3440 003E1BC6 003E1CF6 003E1CF6 003E1BC6 003E5200 65E8C41F
X 1939C 20
X 193F2 4
S 19404 20 1359E 00009084 0000001F 0000000D 0000000D 00000005 0000001C 00000010 00000012 003C0008 003C07FC 003E0F48 003E0864 003E0F48 003E4000 003E5200 2E7BE694
S 1940A 20 19422 000007F9 00000000 00000015 0000000D 00000019 0000000F 0000000B 0000000A 003E1CF6 002F4020 003E0864 003E1968 003E0864 003E1BC6 003E5200 289799DB
S 1942A 20 1945E 000B03FE 21212121 0F0F0F0F 00000000 0000001D 00000007 0000000E 00000015 003E4000 002B0008 003E0864 003E4000 003E4000 003E4000 003E5200 89673C83
S 1946E 20 194A8 00000002 0000005E 00000003 00000003 00000007 00000027 00000015 00000015 003E41DE 003E02D8 003E1CF6 003E4000 003E0864 003E4000 003E5200 8307F203
S 19552 20 1958E 00000007 00FF4E75 00000019 00000004 00000014 00000002 00000019 00000015 003E0F4A 003E0865 003E1968 003E0F48 003E1BC6 003E02D8 003E5200 06E0DC4D
S 195B4 20 195F4 FFFF00D6 00000003 00000002 00000004 0000000F 00000007 0000000C 00000003 003E42CE 00000030 003E4000 003E1968 003E02D8 003E0864 003E5200 C757AC8C
X 1960A 20
S 19614 20 19666 00000004 00020030 00000000 00000018 0000000F 00000012 00000002 0000001E 003E43C6 003E42E4 003E02D8 003E1968 003E1CF6 003E1BC6 003E5200 C35E4327
S 196AC 20 1359E 00009084 0000001F 0000001F 0000000A 00000008 00000012 00000010 00000012 003C0008 003C07FC 003E0F48 003E02D8 003E1CF6 003E1BC6 003E5200 E87C46C9
X 19786 18
X 1978E 20
S 197D8 20 00074 0000000F 003E19FE 0000001E 003E6000 0000001A 0000000F 00000002 0000001B 003E1968 0000000F 003E4000 003E0864 003E0F48 003E1968 003E5200 F63A742A
X 198C0 9
S 1997A 20 19A04 0000002A 00000015 000000A6 0000001E 00000019 00000001 00000012 00000017 003E4000 003E4000 003E1CF6 003E0F48 003E02D8 003E02D8 003E5200 07DDAAA4
S 19A24 20 19A5A 00000096 00000005 00000000 00000000 00000000 00000000 000000FF 00000006 003E1CF6 003E1D8C 003E0864 003E1CF6 0001996E 003E0F48 003E5200 69EFC618
S 19BB8 20 19BC8 00000001 000000C7 00000008 00000014 0000000A 0000001F 0000000E 00000004 003E4059 00000009 003E4000 003E1CF6 003E0864 003E0F48 003E5200 78D1323D
S 19BD8 20 1359E 00009084 00000018 00000018 00000012 00000010 00000007 00000012 0000000F 003C0008 003C07FC 003E1CF6 003E4000 003E02D8 003E1968 003E5200 5FECD00A
S 19C00 20 19C10 0000007C 003E41FE 0000001B 0000001E 00000000 00000011 0000000C 00000014 000000EC 000000F4 003E02D8 003E0864 003E4000 003E0F48 003E5200 711CFFEF
S 19C22 20 196E2 000000C8 00000000 FFFFFFC0 0000001A 00000004 0000000C 0000000D 00000019 003E3672 003E4000 003E1BC6 003E02D8 003E4000 003E02D8 003E5200 55A51F2A
X 19C2E 2
S 19C3C 20 19CBA 000000FF 00000017 00000003 00000000 0000001B 0000001E 00000012 00000007 006C0000 003E367C 003E4000 003E4000 003E1BC6 003E1968 003E5200 7288C55A
X 19C70 19
X 19CCC 7
X 19CD0 5
S 19F3E 20 19F9E 00000060 00000000 00000000 0000001B 00000000 00000001 00000014 00000006 003E4000 003E376E 003E370E 00019CE4 003E02D8 003E1968 003E5200 A6EBAB93
X 1A05A 8
S 1A0CC 20 1359E 00009084 00000002 0000001A 00000016 0000001D 00000010 00000019 0000000E 003C0008 003C07FC 003E1BC6 003E0F48 003E02D8 003E02D8 003E5200 7366C989
X 1A100 14
S 1A14E 20 1A126 00000004 00000000 00000000 0000000C 00000015 0000000A 0000000D 00000018 00019CE4 003E0864 003E4000 003E1BC6 003E02D8 003E1CF6 003E5200 A14FC969
S 1A1CA 20 1A31A 00000000 00000008 00000004 0000001C 00000017 00000008 00000015 00000007 003E1968 0001B69C 003E370E 0001B674 003E0F48 003E1968 003E5200 63834C74
X 1A230 8
X 1A23C 9
X 1A248 10
X 1A256 6
S 1A260 20 1359E 00009084 0000000E 00000010 00000018 0000000E 00000010 0000000D 0000000E 003C0008 003C07FC 003E02D8 003E0864 003E1BC6 003E4000 003E5200 D4EE33DE
X 1A284 15
S 1A2C6 20 1A306 00000000 00000000 00000000 00000000 00000005 0000001F 00000009 00000005 003E370E 003E1BC6 003E0864 003E0F48 003E4000 003E0F48 003E5200 E519A7BD
X 1A318 15
S 1A3E6 20 1A49C 00018658 0000000F 003E3D12 003E3D0E 0000001A 0000000A 00000002 00000005 003E3D0E 003E4000 0000009A 003E3B2E 00018658 003E0864 003E5200 B948344F
X 1A58A 12
X 1A5F0 18
S 1A8C0 20 1A826 0000003E 00000000 00000000 0000003E 00000032 00000004 00000002 0000001A 00000002 003E1BC6 003E0F48 003E1CF6 003E1968 003E1BC6 003E5200 E9380B9D
S 1ACE0 20 1359E 00009084 00000005 0000001F 0000001C 0000000B 0000000F 00000015 0000000A 003C0008 003C07FC 003E1BC6 003E0F48 003E0864 003E1BC6 003E5200 4FEE1272
S 1ACEC 20 1AE5A 00000000 00000000 00000001 00000000 0000003E 0000000C 00000011 00000003 00000001 003E02D8 003E02D8 003E1CF6 003E0864 003E1BC6 003E5200 B31CAFEA
S 1ACF6 20 1AE4E 00000048 00000048 00000000 00000048 000000E7 00000001 0000000C 00000004 000050C7 003E0F48 003E1CF6 003E0F48 003E4000 003E1968 003E5200 E7C80187
S 1AD04 20 1AE4C 00000000 00000000 0000001A 00000000 0000003E 00000006 0000001C 00000009 00000001 003E0F48 003E1BC6 003E4000 003E1968 003E1BC6 003E5200 9CA9A87A
S 1AD20 20 1A83A 00000080 00000080 0000001B 00000080 000000DF 0000000D 00000013 00000006 07070708 003E0864 003E0864 003E1BC6 003E0864 003E02D8 003E5200 082EC4BB
S 1AD42 20 1AE4C 00000048 00000048 00000000 00000048 000000E7 00000006 00000018 00000006 000050C7 003E4000 003E1CF6 003E4000 003E4000 003E1968 003E5200 79CB6554
S 1AD54 20 1AE54 00000000 00000000 0000000A 00000000 0000003E 0000001F 0000000B 0000001A 00000001 003E0864 003E1968 003E1CF6 003E0864 003E4000 003E5200 CD5CA191
S 1AD60 20 1AE4E 00000000 00000000 00000000 00000000 0000003E 00000014 00000000 00000006 00000001 003E02D8 003E1BC6 003E1CF6 003E02D8 003E02D8 003E5200 1606B906
S 1AD6E 20 1359E 00009084 0000000D 00000002 00000010 00000007 00000011 0000000E 0000001C 003C0008 003C07FC 003E0864 003E02D8 003E1BC6 003E1968 003E5200 E72B0F8A
S 1AD82 20 1A5EE 00000007 00000000 00000007 0000000E 00000000 00000000 0000000A 00000000 003E0864 003E1968 003E0864 003E1BC6 003E1BC6 003E1968 003E5200 73731C56
S 1AD9A 20 1AE4C 00000048 00000048 00000016 00000048 000000E7 00000011 0000000A 00000005 000050C7 003E0F48 003E1CF6 003E0F48 003E0864 003E02D8 003E5200 964D1C1A
S 1ADA2 20 1AE4E 00000000 00000000 0000000C 00000000 0000003E 00000013 00000002 0000001F 00000001 003E0F48 003E1968 003E1BC6 003E02D8 003E4000 003E5200 925A45B1
S 1ADB0 20 1ADC0 00000000 00000018 00000005 00000015 00000018 0000001D 0000001F 00000004 003E36AC 003E0864 003E02D8 003E0864 003E0F48 003E1968 003E5200 DC823AAF
S 1ADCC 20 1ADDC 00000000 0000001F 0000001A 00000007 0000001F 00000011 0000000D 0000000A 003E36AC 003E4000 003E02D8 003E02D8 003E0F48 003E02D8 003E5200 7D65BB6E
S 1ADE2 20 1ADF2 00000000 0000000A 0000000E 0000001F 0000000A 0000000F 0000000C 00000012 003E36AC 003E1CF6 003E02D8 003E4000 003E0864 003E1BC6 003E5200 00D5A469
S 1ADF8 20 1AE08 00000000 00000011 0000000B 00000002 00000011 00000016 00000004 00000005 003E36AC 003E1BC6 003E0864 003E02D8 003E0F48 003E1CF6 003E5200 F7A888B8
S 1AE0E 20 1359E 00009084 00000006 00000013 0000001D 00000010 00000007 00000013 0000000C 003C0008 003C07FC 003E1CF6 003E02D8 003E02D8 003E4000 003E5200 89E9ACE9
S 1AE2A 20 1AE48 00000000 00000000 00000004 00000000 0000003E 00000016 00000009 00000002 00000001 003E0F48 003E1968 003E0864 003E0F48 003E4000 003E5200 F0B11AE8
S 1AE3C 20 1AE5A 00000000 00000000 00000000 00000000 0000003E 00000006 00000002 0000001F 00000001 003E0864 003E1968 003E1968 003E0F48 003E0864 003E5200 FEFDBCDC
S 1B06E 20 1B0CE 00000045 00000006 00000000 00000000 00000006 00000015 00000011 0000000D 000000B8 0001EA3C 003E1968 003E4000 003E1968 003E1CF6 003E5200 E20D9123
X 1B11C 17
X 1B166 5
S 1B1D2 20 1B21A 00000100 0000009D 00000622 000000CD 00000004 00000017 00000019 00000018 0001EA90 0001BC96 00460000 00460000 003E1CF6 003E1968 003E5200 A5B47231
S 1B2B2 20 1B2C2 00000000 00000041 00000000 00000001 00000003 0000000E 0000000C 0000001B 0001B674 00460000 003E0F48 003E4000 003E1BC6 003E1CF6 003E5200 86D21DE8
S 1B306 20 1359E 00009084 00000018 00000002 0000000C 0000000B 00000004 00000010 00000013 003C0008 003C07FC 003E1CF6 003E4000 003E0F48 003E1BC6 003E5200 F8150538
S 1B42E 20 1B466 0000001A 00000034 0000001A 00000010 00000001 00000012 00000010 00000008 0B430B57 003E02D8 003E4000 003E0F48 003E1968 003E0F48 003E5200 EAC6E418
S 1B4BE 20 1B4F4 00000001 0000843E 00000001 00480000 00000004 00000002 00000002 0000000F 00480000 00640000 003E4000 003E02D8 003E1BC6 003E0F48 003E5200 F392D90B
S 1B538 20 1A608 00000000 00000000 0000405A 0000003B 00480000 003E36E2 0000000C 00000004 003E0864 003E02D8 003E3706 0000003B 003E36EC 003E0F48 003E4FC8 E5049795
S 1B612 20 1B652 00000051 0000019C 00000000 00000051 00000005 0000000C 00000011 00000000 00019CE4 003E4000 003E4000 003E02D8 003E4000 003E1CF6 003E5200 8AA94CF4
S 1E6B2 20 1E700 00000000 002936BC 00000008 00000009 00000019 00000019 0000000D 00000010 000D2608 003E1CF6 003E1968 003E0F48 003E02D8 003E4000 003E5200 4EF2D4F2
S 1E6DC 20 1E72C 00000088 00000008 00000020 00000000 00000007 0000000B 00000015 00000005 000D37DF 003E40CB 003E02D8 003E1BC6 003E1BC6 003E0864 003E5200 94926644
S 1E720 20 1E7FC 00000000 00000000 00000000 0000001D 00000000 00000005 0000000E 00000005 003E1BC8 003E02DA 003E4000 003E0864 003E02D8 003E4000 003E5200 0467A1EB
S 1E7B8 20 1359E 00009084 00000003 00000017 00000013 00000008 00000000 00000000 00000007 003C0008 003C07FC 003E02D8 003E02D8 003E02D8 003E0F48 003E5200 7B12D80B
S 1E7E4 20 1E7B0 000000FC 0000001F 00000004 00000004 00000010 0000000C 00000005 00000017 003E0F49 003E0866 003E1BC6 003E02D8 003E1CF6 003E0F48 003E5200 66CAE80A
X 1E8D2 0
done 753
S 00118 200 1E7EE 00000093 00000002 00000090 00000000 00000003 00000007 00000015 00000013 000D2E77 00200639 000000EC 003E02D8 003E1CF6 003E4000 003E5200 398CBB33
X 0011E 58
X 00124 197
S 0012A 200 195F0 0000FFED 00004000 00004000 00000001 00000001 00000027 00000010 00000017 003E41DE 00000030 003E1BC6 003E0F48 003E0864 003E02D8 003E5200 AA6374A0
X 00130 23
X 00136 32
X 0013C 52
S 00142 200 1359E 00004A51 0000000B 00000010 0000000F 00000013 00000019 00000014 00000001 003C0062 003C07FC 003E0F48 003E0864 003E1CF6 003E0F48 003E5200 842722F5
X 00148 28
X 0014E 60
S 00154 200 1E74E 00000000 00000000 00000090 00000000 0000FFFF 00000012 00000004 00000002 000D2E78 0020063C 000000F8 003E1968 003E1968 003E1968 003E5200 187689B8
X 0015A 20
S 00160 200 1938E 0000000C 00000024 0000000C 0000001D 00000006 00000017 00000005 0000000F 0020014C 00000004 003E1968 003E4000 003E1968 003E0F48 003E5200 D91555B3
X 00166 21
S 0016C 200 193E8 000000DA 00000000 00000008 00000004 0000001B 00000007 0000001D 00000008 003E3404 003E1BC6 003E4000 003E1968 003E1968 003E02D8 003E5200 25582140
S 00172 200 1359E 00004A51 00000015 00000001 00000000 00000011 0000000F 0000000C 0000000E 003C0062 003C07FC 003E1968 003E0F48 003E4000 003E0864 003E5200 047ABC85
X 00178 23
S 0017E 200 14514 00000000 00000007 003E34CC 00000000 003E34CC 00000016 0000000D 00000002 003E4FBF 003E02D8 003E3536 000143B0 003E34F4 003E0F48 003E4FC0 D979ECD3
X 00184 10
X 0018A 15
X 00190 32
X 00196 33
X 0019C 31
X 001A2 25
X 001A8 62
S 001AE 200 1359E 00004A51 0000001F 00000002 00000006 0000000A 00000015 00000008 00000000 003C0062 003C07FC 003E0864 003E0864 003E1BC6 003E1CF6 003E5200 DDE1F2F2
X 001B4 73
S 001BA 200 14EFC 00000000 000000A3 00000000 00000000 00000001 000000A3 00000000 0000000F 003E3454 003E365C 003E3632 00000000 003E0864 003E0864 003E5200 FBD5A311
S 001C0 200 19390 0000000E 00000024 00000073 00000007 00000015 0000001B 00000014 00000019 00200144 00000004 003E4000 003E02D8 003E02D8 003E4000 003E5200 2241AD38
X 001CA 22
X 001D0 63
S 001D6 200 1E7A8 000000C1 00000019 FFFF00C0 00000000 00000000 00000006 0000001F 0000000D 000D260F 0000088F 000196C2 003E0F48 003E02D8 003E1968 003E5200 81F9687B
S 001DC 200 1E7E8 0000002C 00000002 FFFF00F0 00000000 00000005 0000001A 0000000D 0000000D 000D579A 00000475 00019206 003E1CF6 003E0864 003E1BC6 003E5200 071F7242
S 001E2 200 1359E 00004A51 0000001E 00000017 00000008 0000000A 00000011 00000018 00000018 003C0062 003C07FC 003E0F48 003E0864 003E0864 003E02D8 003E5200 38E89DEC
X 001E8 6
X 001EE 12
S 001F4 200 1359A 000039CD 00000000 00000017 0000000E 0000000E 0000001C 00000019 00000015 003C005A 003C07FC 003E1CF6 003E1968 003E02D8 003E1968 003E5200 B79FF49A
X 001FA 97
X 00200 8
X 00206 16
X 0020C 34
X 00212 75
X 00218 106
X 0021E 35
S 00224 200 1359E 00004A51 00000017 00000002 00000009 0000000B 0000000D 0000000F 00000005 003C0062 003C07FC 003E1BC6 003E02D8 003E4000 003E1BC6 003E5200 E20E4DEF
S 0022A 200 14784 00000016 00000000 00000000 0000015B 00000014 0000000C 0000001E 00000009 003E34F4 003E34CC 003E1968 003E1968 003E1BC6 003E1CF6 003E5200 73E34CDF
S 00230 200 141F2 000000F8 000000F8 00000001 00000063 00000001 0000001F 0000000B 00000012 003E34F4 003E34CC 003E02D8 003E02D8 003E1968 003E1CF6 003E5200 8794FB12
X 00236 14
S 0023C 200 19F9C 000003C0 00000360 00000009 0000000F 00000002 0000000E 00000019 00000009 003E1968 003E370E 003E370E 00019CE4 003E1BC6 003E0F48 003E5200 3E84C9EF
S 00242 200 19390 0000000E 00000024 0000001D 0000001E 00000001 00000007 00000004 00000019 00200144 00000004 003E1BC6 003E1CF6 003E1968 003E0F48 003E5200 198D066B
X 00248 36
S 0024E 200 1965A 0000421D 00000000 80000000 00000013 00000007 0000000F 0000000D 0000000D 003E91F6 003E4FD8 003E1CF6 003E4000 003E0864 003E4000 003E4FE8 7CF19CCC
S 00254 200 1359E 00004A51 0000000E 0000001D 0000000B 00000015 0000000C 0000000A 0000001B 003C0062 003C07FC 003E0F48 003E1968 003E1968 003E02D8 003E5200 8E5220BE
S 0025A 200 1E7F0 00000053 00000002 FFFF0050 00000000 00000002 0000001A 0000000D 00000003 000D48EC 002477FA 00019182 000000B6 000192E6 003E02D8 003E5200 0650BC85
S 00260 200 1965A 000041EB 00000000 80000000 00000018 0000000E 0000000B 00000006 0000000F 003E91C4 003E4FD8 003E1968 003E1968 003E1968 003E1CF6 003E4FE8 3456CCFE
S 00266 200 1960E 0000404B 00000020 00000000 00000004 0000000F 00000007 0000001B 0000001C 003E9023 00000030 003E1CF6 003E0864 003E0F48 003E1CF6 003E4FE8 C18AEBCC
X 0026C 9
X 00272 125
S 00278 200 1495E 00000012 00000006 00000001 00000000 000000B1 00000012 00000003 00000001 003E3508 003E34CC 003E34CC 000143B0 003E3536 003E1CF6 003E4FC0 4AF8AE08
X 0027E 3
S 00286 200 1359E 00004A51 00000007 00000003 0000000A 0000000D 00000016 0000000D 0000000C 003C0062 003C07FC 003E1CF6 003E1968 003E1BC6 003E1CF6 003E5200 8BB2F793
S 0028C 200 196A2 00000001 00000020 00000000 00000001 0000001D 0000001E 00000011 0000001E 003EA62B 003E646F 003E4000 003E0F48 003E02D8 003E1968 003E4FE8 CC0CBE57
X 00292 17
S 00300 200 05D16 00000000 00000010 00000056 0000000F 00000015 00000000 00000019 00000005 003E0078 003E1968 003E1968 003E1968 003E1CF6 003E4000 003E5200 32A7E146
S 00306 200 0F1EA 0000004A 00009455 0000000F 00000000 00008000 00000002 0000004A 00000002 003E3F60 003E20A0 003E0250 003E0368 003E02D8 003E0000 003E5200 40D64061
S 003EA 200 05D1A 00000000 00000010 00000056 0000000F 0000000B 00000016 0000000D 00000015 003E0078 003E0F48 003E0F48 003E1BC6 003E02D8 003E1968 003E5200 F812DF98
S 00402 200 05D0C 00000000 00000011 00000056 00000010 00000007 00000007 00000017 00000000 003E0080 003E1CF6 003E0F48 003E0F48 003E02D8 003E02D8 003E5200 747DD79D
X 00404 5
S 0042A 200 05D1E 00000000 00000011 00000056 00000011 0000000B 0000001A 00000005 0000001A 003E0088 003E0F48 003E4000 003E0F48 003E1CF6 003E0864 003E5200 D11D0969
S 00430 200 00472 00000000 55555555 AAAAAAAA AAAAAAAA 00000010 0000000A 00000015 00000018 003E02D8 003E4000 003E0864 003E1BC6 003E0F48 003E1CF6 003E5200 D6CA25DD
S 00438 200 00474 00000000 00000001 AAAAAAAA FFFFFFFF 00000010 0000001B 0000001B 00000006 003E02D8 003E1CF6 003E02D8 003E0864 003E1968 003E0864 003E5200 8AF097F5
S 00512 200 00520 0000000D 0000001A 00000006 00000002 00000004 00000000 00000008 00000007 003E0F48 003E1BC6 003E0864 003E4000 003E4000 003E1968 003E5200 EDEEA715
X 0052A 1
X 00534 13
S 00580 200 0F1EE 0000004A 00009455 0000000F 00000000 00008000 00000015 0000004A 00000001 003E3F60 003E20A0 003E0250 003E0368 003E02D8 003E0000 003E5200 6145CFC6
X 005B4 30
X 00618 1
S 00620 200 0F160 0000000A 0000FFFF 0000000F 00000000 00008000 0000001B 0000004B 00000005 003E02C0 003E20A0 003E0258 003E02D8 003E02D8 003E0000 003E5200 DEE6BF6C
X 00626 8
X 0062E 0
X 00642 0
X 0064A 2
S 00656 200 0F160 0000000A 0000FFFF 0000000F 00000000 00008000 00000008 0000004B 00000005 003E02C0 003E20A0 003E0258 003E4000 003E02D8 003E0000 003E5200 D764834F
S 00660 200 0066E 003E0DC3 00000017 0000000D 00000014 00000018 00000001 00000016 00000000 003E0886 003E0F48 003E0F48 003E4000 003E1968 003E1968 003E5200 AC74EA15
X 00686 113
X 00778 57
X 008B4 43
S 00A20 200 00AAC FFFFFFE0 FFFFF34A 00000000 003E41F9 00000002 00000002 0000008F 0000000E FFFFF32A 0000FCCA 003E41FA 0000FCCE 0000FCEE 003E1BC6 003E4FE8 141E7EF4
X 00BC2 160
X 00CAC 73
S 00D9A 200 1359E 00004A51 0000001C 00000014 00000011 00000012 0000001A 00000007 0000000D 003C0062 003C07FC 003E4000 003E02D8 003E1968 003E1BC6 003E5200 082692A2
S 00DDA 200 11F2E 00000029 0000FFFF 000000C0 00000000 00000007 00218C04 00000029 00000007 000E56DD 00218204 003E089D 003E087B 003E087D 003E1968 003E4FC8 E0080A16
S 00E4E 200 11F9C 000000B1 00000008 000000B0 00000000 00000007 0024DF14 000000DC 00000019 000D260D 0024D914 003E1512 003E14F0 003E14F2 00011EFE 003E4FE8 08E636E5
X 00FB4 22
S 0122C 200 012A4 00000007 00000001 00000019 00000007 00000019 0000001F 00000008 0000000E 003E1BC6 003E1968 0000FCCA 003E0874 003E1BC6 003E4000 003E4FE8 132416A1
S 012CA 200 01334 00000020 00000000 00000001 00000029 00000001 00000029 00000001 00000003 003E0DC4 003E1BC6 003E4FE6 003E1964 003E097C 003E4000 003E4FE8 529DD214
X 013B2 135
X 0149A 26
S 014DC 200 1359E 00004A51 00000011 00000009 00000001 00000015 0000000E 0000000A 00000001 003C0062 003C07FC 003E1CF6 003E1CF6 003E1CF6 003E0F48 003E5200 7F329960
S 01512 200 0F182 00000028 00009455 0000000F 00000000 00008000 00000016 00000005 00000001 003E3F50 003E0864 003E0028 003E0368 003E02D8 003E0000 003E5200 55AD45FA
X 0156C 2
X 01578 2
X 01584 3
X 01592 3
X 015A0 12
X 015B4 1
S 015BE 200 1359E 00004A51 00000006 0000001D 00000009 0000001F 0000001C 00000012 0000001C 003C0062 003C07FC 003E0F48 003E1968 003E1BC6 003E1BC6 003E5200 3BA343F4
X 015D6 27
S 015FE 200 147CE 00000027 00000027 00000027 00000003 00001800 003E648E 00000000 00000005 0001D616 003E34CC 003E34ED 003E1968 003E1952 003E1BC6 003E4FE8 69414B98
S 01836 200 0EF78 00000004 00006FB4 FFFFFFFF 0000001C 0000001D 00000010 00000004 0000000C 003E1D02 00011AFA 0000EF58 003E0864 003E02D8 003E0864 003E5200 0538CFEB
X 018A6 39
S 018FA 200 014D4 00000000 00000000 00000000 00000040 00000005 00000016 00000011 0000001F 003E0C71 003E4FE8 003E4FE6 003E1968 00011076 003E0864 003E4FE8 FBAD675F
X 01980 67
X 019D8 9
S 019EE 200 1359E 00004A51 00000009 00000014 0000000E 00000000 0000000C 00000001 00000000 003C0062 003C07FC 003E1BC6 003E4000 003E02D8 003E0F48 003E5200 064746D5
X 01A70 52
X 01AEA 86
S 01B46 200 0EF76 00000003 00006FB4 00000000 00000005 00000011 00000001 00000008 00000012 003E1D0E 00011AFA 0000EF58 003E0F48 003E4000 003E02D8 003E5200 281734EB
S 01B96 200 06954 00000040 00000000 003E0867 00000002 003E0866 00000009 00000000 00000004 003E0865 0001170E 003E4FB8 00021BE0 003E1968 003E1968 003E4FC4 21102D79
X 01C34 112
S 01C66 200 157BE 00000000 00000708 00000756 00000000 00000002 00000003 00000000 0000000D 003E3642 003E365C 003E3632 00000756 003E4000 003E02D8 003E4FE8 7B86144A
X 01E74 45
S 01F3A 200 1359E 00004A51 00000006 0000000E 00000007 00000018 0000000C 0000000E 0000000D 003C0062 003C07FC 003E4000 003E1BC6 003E02D8 003E02D8 003E5200 5BE2B021
X 01F60 4
X 01F70 3
S 01F82 200 11F90 000000B1 00000019 000000B0 00000000 00000001 0020FCA4 00000021 00000016 000D260D 0020F0AB 003E0B14 003E0AF2 003E0AF4 00011EFE 003E4FB4 7733F765
X 01FD6 120
X 0200A 103
X 0219A 117
S 0220C 200 0F490 00000007 00000000 0000000A 00000000 00000002 00000002 0000422C 00000013 003E02F8 003E0378 003E02B4 003E0050 003E0000 0001FAE6 003E5200 E9714F5D
S 02248 200 1359E 00004A51 00000007 00000018 00000002 0000001B 00000007 00000011 00000008 003C0062 003C07FC 003E4000 003E1BC6 003E1968 003E0864 003E5200 0CB7A370
S 022BA 200 0F538 0000000A 00000005 0000000A 00000007 00000000 00000003 00000000 00000006 003E3F46 003E0378 003E02B4 003E0050 003E0000 0001F7F0 003E5200 17CE8D45
S 02300 200 02334 0021E004 00200104 00000019 0000001D 00000016 00000000 00000007 00000006 00200104 003E02D8 003E0864 003E1CF6 003E02D8 003E02D8 003E5200 E37A8BF7
S 02338 200 025F2 0023E00C 00000001 00000000 0000003E 00000041 00000001 000000B0 00000015 0000000A 0002063A 000025C2 003E1CF6 000024C8 003E0F48 003E4FE8 101BAE02
X 0255C 37
S 025F4 200 11F40 0000007C 00000011 002300E0 00000000 00000001 00000008 00000001 00000004 000D260A 0023E213 00018604 00011EFE 003E02D8 003E02D8 003E5200 09E4F929
S 02698 200 124E8 0000004E 0000FFFF 00000000 00000000 00000006 000001F8 0000001F 00000011 0000A6FF 002FF005 0003A99E 00011EF2 0000272E 003E02D8 003E5200 03937A62
X 0272E 54
S 027C2 200 1359E 00004A51 00000004 00000014 0000000F 00000013 00000018 00000012 00000017 003C0062 003C07FC 003E4000 003E1BC6 003E1968 003E1BC6 003E5200 A67CD838
X 02988 29
S 02A5C 200 11FF4 000000E5 0000FFFF 002000E0 00000000 00000004 00000015 00000010 00000012 000D6A34 00200407 00021C28 00011EFE 003E0864 003E4000 003E5200 7B2FB239
S 02AAE 200 11F3E 0000007C 00000002 000000E0 00000000 00000002 000000E0 00000007 00000014 000DBC6C 002FF60A 00033F80 00011EF2 003E1CF6 003E1BC6 003E5200 324A2FFC
S 02B74 200 11FDC 0000001F 00000001 002000E0 000000ED 00000007 00000008 00000008 00000013 000D6BE6 00200604 00021C40 00011EFE 003E1968 003E1BC6 003E5200 663B3FD4
S 02B88 200 11F76 000000EC 00000000 002000E0 000000EF 00000007 0000001E 0000000C 00000007 000D6C75 00200605 00011EFE 00021C48 003E4000 003E0F48 003E5200 91A209AA
S 02C5C 200 1253C 00000000 00000017 00000000 00000001 0000FFFF 000001F8 00000013 00000013 0000A701 002FF204 0003AAAF 00011EF2 0000272E 003E02D8 003E5200 62143079
S 02C86 200 11F3C 00000088 00000002 0020001E 0000002A 00000006 00000014 00000012 00000013 000D73ED 00200405 00011EFE 000345D6 003E0F48 003E4000 003E5200 5130CC83
S 02D78 200 1359E 00004A51 0000001B 00000003 0000001D 00000007 0000001A 0000001A 0000000F 003C0062 003C07FC 003E0864 003E0864 003E1968 003E1CF6 003E5200 FC430994
S 02E28 200 11F9E 000000B2 0000001B 002000B0 00000000 00000002 00000001 0000000E 0000001D 000D2614 00200809 00021DE6 003E0864 003E1968 003E0F48 003E5200 B63FD619
S 02EB8 200 11F4C 00000050 0000000D 00000070 00000000 00000007 00000015 0000000A 00000004 000DADDE 00200A04 75752536 003E1BC6 003E0864 003E1BC6 003E5200 96217DA8
S 02F18 200 11F88 000000FE 0000001F 00000000 00000006 00000007 0000000A 00000004 0000000B 000DADE4 0023D804 00000016 00011EF2 003E02D8 003E0864 003E5200 2B1A3180
S 02FB6 200 11BEA 003E0864 00000014 00000000 00000000 000000FC 0000001E 00000006 00000000 000DADDE 0023D005 0001228A 000DAE11 0000272E 000000C0 003E5200 9BFD71E9
S 03194 200 11FE4 0000001D 00000000 00000010 0000001C 00000003 00000008 00000003 00000015 000D6800 00200609 003E0864 003E0864 003E1968 003E1BC6 003E5200 B80EED24
S 031BA 200 11F54 00000015 00000001 000300B0 00000015 00000001 0000001A 00000003 00000013 000DC449 002FF40A 00034040 00011EF2 003E1CF6 003E1CF6 003E5200 A034F2C3
S 03242 200 02986 0000A6FD 0000A6FD 002FF004 000000B0 0000001E 00000015 0000001F 0000000D 00035052 003E0963 00034590 003E0864 003E0864 003E1CF6 003E5200 A86947B6
S 03354 200 1359E 00004A51 0000000F 00000005 00000006 0000001B 00000006 00000019 0000000C 003C0062 003C07FC 003E02D8 003E0864 003E0F48 003E1BC6 003E5200 43C2986A
S 033F4 200 11F9E 000000B2 0000001D 000000B0 00000000 00000004 0000001A 00000008 0000000E 000D2614 00200807 003E0864 003E1968 003E4000 003E1CF6 003E5200 6BBDD7F8
S 034B2 200 11F40 00000044 0000000A 00000080 00000000 00000000 0000001F 00000010 00000006 000DFEA2 002FF80C 0003460C 003E1BC6 003E1CF6 003E02D8 003E5200 F9CFA5BC
X 0357A 20
S 035EE 200 11F24 003E422B 0000001F 00000000 00000000 00000006 00004140 000000A7 00000016 000E5935 003E4A24 00000032 00011EDA 003E1CF6 003E0F48 003E4FC4 A1EEA0A2
S 0362A 200 11F90 00000005 00000004 00000000 00000000 00000002 000041BF 0000009C 0000000B 000DAC12 003E4431 0000005C 00011EFE 003E0864 003E1CF6 003E4FC4 35770851
S 03666 200 11F2A 00000000 003EFFFF 00000000 00000000 00000004 00004188 000000C1 00000004 000FA31C 003E45B8 00000018 00011EE6 003E1CF6 003E1BC6 003E4FC4 7A0F711A
X 036A2 29
S 03726 200 1359E 00004A51 00000000 00000005 0000000B 0000000E 00000003 00000006 00000000 003C0062 003C07FC 003E0F48 003E0F48 003E1968 003E1CF6 003E5200 12758476
S 03728 200 0051A 00000000 00000000 0001F420 00000001 0000000C 00000009 0000000A 00000008 003E20B0 003E20A0 0000450C 003E1968 003E02D8 003E0864 003E5200 32E10A8D
S 037D2 200 12118 00000000 0000000A 00000000 00000000 0000011A 000000B0 00000007 00000015 000BB390 0020003A 003E1BC6 003E1CF6 003E1968 003E02D8 003E5200 2932DF67
S 037E8 200 11FE4 000000C8 00000001 000000C0 00000000 00000004 00200C04 00000029 0000000E 000E4D17 00200208 003E0885 003E0863 003E0865 003E4000 003E4FD0 881F6408
S 03802 200 0EEC0 00000002 00005474 00000000 00000017 00000013 00000008 0000001E 0000000B 003E1D26 00011B1E 003E0DE8 003E0F48 003E1CF6 003E1CF6 003E5200 E5D071AE
X 038B0 8
S 03A08 200 039D6 00000000 00000000 00000001 00000019 00000053 00000000 00000000 0000000E 003E0F48 00000001 003E02D8 003E4000 003E0944 003E1CF6 003E5200 396427DA
S 03A4A 200 039D8 00000000 00000000 0000000B 00000012 00000038 00000000 00000000 00000002 003E02D8 0000000B 003E0F48 003E02D8 003E1A48 003E02D8 003E5200 44FBF135
S 03BA4 200 1359E 00004A51 00000019 00000018 00000004 00000015 00000001 0000000B 0000000D 003C0062 003C07FC 003E4000 003E1BC6 003E1968 003E1CF6 003E5200 6BA9B424
X 03C00 75
X 03CEE 155
X 03DA0 13
X 03DE8 21
X 03E26 51
S 03E3E 200 11F4C 0000007C 00000011 00230000 00000000 00000000 00000005 00000014 00000007 000D260A 0023E213 003E0DF6 00011EFE 0001855A 003E02D8 003E5200 B78FE82C
X 03E84 29
S 03F10 200 1359E 00004A51 00000012 00000019 00000009 00000010 0000001F 00000018 00000011 003C0062 003C07FC 003E1BC6 003E02D8 003E1BC6 003E0F48 003E5200 84648FBA
X 03F1A 1
X 03F22 75
X 03F94 12
S 0404A 200 11F82 00000081 00000000 00000080 00000085 00000005 00000003 00000019 00000005 000DFE97 00A44EDA 003E1968 003E1CF6 003E4000 003E02D8 003E5200 4AB955A7
S 0408E 200 11F90 000000B2 00000014 000000B0 00000000 00000004 00000015 00000018 0000001D 000D2614 00200A08 003E1BC6 003E1968 003E0F48 003E1CF6 003E5200 B2CAF2AF
X 040D2 44
S 041BE 200 11F92 00000007 0000000B 00000004 00000000 00000002 000042C7 0000007E 00000013 000F1D8E 002104B2 00000076 00011EE6 003E0F48 003E0864 003E4F94 6A9800DD
S 0427E 200 1359E 00004A51 00000015 0000001F 00000000 00000007 00000010 00000007 0000000B 003C0062 003C07FC 003E0F48 003E1BC6 003E1968 003E0864 003E5200 6BEE9C21
S 04332 200 11F2E 0000002A 0000FFFF 000000C0 00000000 00000007 0000000F 0000001C 0000000E 000E4D1D 00200604 003E1968 003E1968 003E02D8 003E1968 003E5200 EDA4EB8D
X 0435A 11
X 043C2 16
X 0441C 76
X 044A2 81
S 0450C 200 00520 00001B40 00000000 0000000B 0000000B 0000000F 0000000E 00000018 0000001F 003E20B0 003E20A0 003E0F48 003E02D8 003E4000 003E1BC6 003E5200 26B17D72
S 0452E 200 0051A 00001DC0 003E0200 0000001B 0000000E 00000009 0000001A 0000001E 00000019 003E20B0 003E20A0 003E4000 003E1CF6 003E02D8 003E4000 003E5200 4FAEFE03
S 04552 200 1359E 00004A51 0000000B 00000019 0000000F 0000000A 00000005 00000012 00000002 003C0062 003C07FC 003E0F48 003E02D8 003E4000 003E1CF6 003E5200 E0F33B28
S 045CA 200 00520 00000440 003E0200 0000001A 00000013 00000006 00000004 00000011 00000006 003E20B0 003E20A0 003E0864 003E0F48 003E0864 003E1968 003E5200 D5DEC113
S 045FA 200 0051A 00000080 00000000 0000001A 00000000 00000010 0000000E 00000013 0000001D 003E20B0 003E20A0 0000450C 003E0864 003E0F48 003E0864 003E5200 825DD5A7
S 0463C 200 0051A 00000240 00000000 0000000A 0000000A 0000000C 00000010 0000000D 00000006 003E20B0 003E20A0 0000450C 003E4000 003E0F48 003E1BC6 003E5200 711F5CEC
S 0469E 200 0051A 00000200 00000000 00000014 0000000B 0000001A 00000019 0000000C 0000000E 003E20B0 003E20A0 003E1968 003E02D8 003E0864 003E0F48 003E5200 AFB989A4
S 046B0 200 0051A 00000040 00000000 0000000B 0000000D 00000004 0000001F 00000019 0000000B 003E20B0 003E20A0 003E4000 003E4000 003E1CF6 003E02D8 003E5200 FA3019C2
X 046C2 79
S 046E0 200 0051A 00000200 00000000 0000001B 00000015 0000000B 00000018 00000002 0000001F 003E20B0 003E20A0 0000450C 003E1968 003E1968 003E1CF6 003E5200 C4D81BD8
S 0472A 200 1359E 00004A51 0000000C 00000000 0000001B 00000004 0000000A 0000001E 00000007 003C0062 003C07FC 003E0F48 003E4000 003E0F48 003E0F48 003E5200 D5726CF6
X 04760 164
S 047C6 200 00520 00000000 00000000 00000006 0000FDC2 00000000 00000000 0000001C 00000011 003E20B0 003E20A0 003E1CF6 003E1BC6 003E1BC6 003E02D8 003E5200 81B5F9A7
S 0482E 200 00520 000000C0 00000000 00000000 0001F240 00000015 0000001E 00000009 0000001F 003E20B0 003E20A0 0000450C 0000452E 003E1AE2 003E1BC6 003E5200 0FF87AA1
S 04880 200 0051A 00000080 00000000 00000000 0001F240 00000017 00000002 00000014 00000012 003E20B0 003E20A0 0000450C 0000452E 003E02D8 003E0864 003E5200 6DB32EF8
S 048AE 200 00520 000000C0 00000000 00000000 0001F240 00000013 00000012 00000003 00000007 003E20B0 003E20A0 0000450C 0000452E 003E02D8 003E0F48 003E5200 61175F6E
X 04A6A 119
S 04AB8 200 0051A 00000340 00000000 00000000 00000015 00000018 00000014 00000007 00000013 003E20B0 003E20A0 003E1BC6 003E02D8 003E0864 003E1BC6 003E5200 B556B8BC
S 04B0A 200 1359E 00004A51 0000000F 0000000A 00000004 00000004 00000001 0000001F 0000000E 003C0062 003C07FC 003E0F48 003E1CF6 003E1968 003E02D8 003E5200 0F7AC98A
S 04BFA 200 0C530 003E2114 003E20A8 00000000 003E2114 0001F7D8 00000019 00000012 00000005 003E2114 003E20A8 003E2498 003E1BC6 003E0F48 003E02D8 003E5200 0E0A3203
S 04C80 200 0C52E 003E2114 003E20A8 00000000 003E2114 00000006 0000000C 00000002 0000001D 003E2114 003E20A8 003E2498 003E1968 003E0F48 003E1BC6 003E5200 B8299654
X 04D44 85
X 04D6C 100
X 04D90 196
X 04DD2 121
S 04E20 200 0051A 00000200 00000000 00000002 00000008 00000015 00000006 0000000B 0000000A 003E20E2 003E20A0 0001EE20 003E1968 003E0864 003E4000 003E5200 715249E1
S 04E82 200 1359E 00004A51 00000002 00000002 00000012 0000000A 0000000C 0000001C 00000001 003C0062 003C07FC 003E1CF6 003E1BC6 003E1968 003E4000 003E5200 3E9E2BF3
X 04F8C 8
S 04F9E 200 0C9C0 00000002 00000000 00000000 00000005 00000002 00000003 00000015 00000003 003C0080 003E2114 0000C95E 003E1CF6 003E1968 003E02D8 003E5200 EC60FB13
S 04FEA 200 00520 00000540 003E0200 00000015 00000019 00000018 00000011 00000013 00000000 003E20B0 003E20A0 0000FDE2 003E02D8 003E1CF6 003E1968 003E5200 7E02C614
S 05000 200 0051A 00001300 00000000 0000001C 00000014 00000010 0000001F 00000005 0000000B 003E20B0 003E20A0 003E0F48 003E0864 003E0F48 003E1CF6 003E5200 7F325316
S 05020 200 0051A 00000000 00000000 00000009 0000001F 00000003 00000000 00000013 0000001C 003E20B0 003E20A0 0000FDC2 003E1BC6 003E02D8 003E0F48 003E5200 9CD98378
S 05056 200 0F46C 00000000 00000000 0000000A 19040007 00000000 00000003 00000000 0000000B 003E0308 003E0378 003E02B4 003E0050 003E0000 0001F7F0 003E5200 508A56F5
X 050C6 76
S 0512A 200 1359E 00004A51 0000001F 00000006 00000010 00000004 00000008 00000007 00000009 003C0062 003C07FC 003E0864 003E0F48 003E0864 003E02D8 003E5200 CD009B0B
X 05168 14
X 05192 32
X 0522E 28
X 05280 19
X 052E2 33
X 05346 8
X 053A6 136
S 053F8 200 1359E 00004A51 0000001B 00000001 00000010 0000000F 00000001 00000001 00000013 003C0062 003C07FC 003E1968 003E02D8 003E02D8 003E02D8 003E5200 310EE6B1
X 0545A 6
X 05474 3
S 05488 200 05128 00000004 0000000B 0000001B 00000018 00000000 00000010 0000001B 0000000E 003E1D32 003E4000 003E4000 003E0864 003E0F48 003E02D8 003E5200 807F0B8C
S 054A8 200 0F53A 0000000A 00000003 0000000A 00000001 00000000 00000005 0000004D 0000000D 003E3F5A 003E0378 003E02B6 003E0050 003E0000 0001F7F0 003E5200 60060035
X 0551C 10
X 05622 66
S 056F4 200 058C8 00000029 00000000 00000050 00000200 0000001B 0000000E 00000019 00000010 0020002E 0021E02A 003E0864 003E0F48 003E0864 003E0864 003E4FE8 924367E7
S 05818 200 1359E 00004A51 00000002 00000016 00000014 00000016 0000001E 0000001B 00000006 003C0062 003C07FC 003E1968 003E1CF6 003E0F48 003E1CF6 003E5200 306E43A4
S 05892 200 058CE 0080002D 00000000 000000B0 00000200 0000000E 00000016 0000000C 00000005 00A01CE0 0021E02D 003E0F48 003E1968 003E4000 003E02D8 003E5200 BC57DC72
X 058E6 11
X 05908 11
X 0592A 41
X 05948 77
S 059EE 200 05A78 0000000D 00000004 00000093 00000000 0000000D 00000005 00000010 00000015 003E1ED7 00010005 003E1CF6 003E1BC6 003E02D8 003E0F48 003E5200 C69E9DCC
S 05AB0 200 05AEC 00000064 00398000 00000038 0000008C 00000013 00000011 00000009 00000013 00000052 003E434C 003E1CF6 00000030 003E42AF 003E0F48 003E5200 AED50790
S 05AFC 200 1359E 00004A51 00000011 00000010 0000001C 00000001 0000000F 00000017 0000000C 003C0062 003C07FC 003E1BC6 003E1CF6 003E1CF6 003E0F48 003E5200 4F25D8EF
X 05B16 8
X 05B40 48
X 05C60 12
S 05C80 200 00656 00000010 00000006 00000010 00000036 00000000 0000001A 00000017 00000001 003E1968 003E0864 003E03C8 003E1968 003E02D8 003E02D8 003E5200 731F4E78
X 05CB0 7
S 05CCE 200 05D22 00000000 00000012 00000056 00000011 00000011 00000007 00000007 0000000C 003E0088 003E4000 003E1968 003E1968 003E02D8 003E1968 003E5200 000B2984
X 05D8C 4
S 05DEA 200 1359E 00004A51 00000015 00000009 00000007 00000018 00000010 0000001D 00000014 003C0062 003C07FC 003E4000 003E1CF6 003E1968 003E0F48 003E5200 48265182
X 05DEC 1
X 05DFE 0
X 05E00 0
X 05E02 1
X 05E08 0
X 05E0A 17
X 05E38 73
S 05EA2 200 1359E 00004A51 0000000D 00000018 0000001E 00000004 00000012 00000003 00000001 003C0062 003C07FC 003E4000 003E4000 003E0F48 003E02D8 003E5200 2414432C
S 05FA6 200 12010 00000029 00000002 00000020 00000005 00000040 003E0863 00000041 00000000 003E0864 0020040A 0071003E 00011748 00021BE0 003E0864 003E4FE8 0C688681
S 060BE 200 0C224 0000000A 00000000 00000011 00000007 00000017 0000000E 0000001D 0000000D 003E4FEC 003E4FE2 003E4FEA 003E1C6E 003E1CF6 003E0F48 003E4FE2 3FE28803
S 06166 200 12008 00000000 00000004 00000000 00000004 0000000F 0000001A 00000015 00000014 0000001B FFFFF603 003E0864 003E02D8 003E0F48 0000001B 003E5200 43CE31FA
S 061C2 200 11FE4 000000E0 00000002 002000E0 00000000 00000002 00000000 0000001D 0000001E 000D6A32 0020020A 00021C28 00011EFE 003E02D8 00000001 003E5200 D1538AFC
S 062A6 200 12012 0000002A 00000003 00000020 00000005 003E0866 00000040 00000041 00000009 003E0865 00201409 0053003E 00011748 00021BE0 003E0865 003E4FE8 3CD71892
S 063CA 200 0C224 0000000A 00000000 0000001A 00000012 0000001B 0000001E 00000014 0000001D 003E4FEC 003E4FE2 003E4FEA 003E1C6E 003E0864 003E0864 003E4FE2 498811A8
S 06460 200 11F6E 000000EC 00000000 002000E0 000000CF 00000007 00000011 00000006 0000001C 000D6C75 00200604 00011EFE 00021C48 003E1BC6 003E1CF6 003E5200 BD7AD161
S 065AA 200 1359E 00004A51 00000001 00000010 00000001 00000006 00000015 00000004 0000001E 003C0062 003C07FC 003E0864 003E1BC6 003E0864 003E02D8 003E5200 DACB9265
X 0661A 10
X 0663C 3
S 06648 200 0669E 00000007 0000000F 000000B0 000000C0 00000007 00214004 00000007 00000002 00000076 003E0878 003E0F48 003E02D8 003E0F48 003E1BC6 003E4FE8 FCBDAC6A
S 066C8 200 066D4 00000012 00000002 0000000F 0000001A 00000012 0001601C 0000001D 0000000D 003E4000 003E1BDD 003E1CF6 003E1968 003E4000 003E0F48 003E5200 725D1AC9
S 066CC 200 0669E 00000012 00000001 00000008 00000011 00000012 0001600F 00000007 0000001C 003E4000 003E087A 003E4000 003E4000 003E02D8 003E0864 003E5200 0072CFD4
S 066CE 200 066D4 00000005 00000010 0000000B 0000001A 00000005 0001600C 00000010 00000012 003E4000 003E02EF 003E1968 003E1968 003E1BC6 003E0864 003E5200 BF0FFF1D
S 066D2 200 066D6 00000014 0000000C 00000004 0000000C 00000014 00016010 0000000A 00000017 003E1BC6 003E4017 003E0F48 003E0F48 003E4000 003E1BC6 003E5200 0DDAB3DC
S 066D4 200 1359E 00004A51 00000011 0000001E 00000011 00000002 00000001 0000000E 00000017 003C0062 003C07FC 003E1968 003E0864 003E1BC6 003E0864 003E5200 E6C7A913
X 0670E 49
S 0672E 200 06784 00000005 0000003F 00000001 003E0A28 00000005 0000001D 00000019 00000001 003E0A28 003E4FE8 003E1960 003E1968 003E1968 003E4000 003E4FE8 B74A6FCF
S 067F6 200 0687E 00000040 00000000 003E086A 00000002 003E0869 00000009 00000001 00000016 003E0869 003E1CF6 003E4FDC 00021BE0 000000D9 003E0864 003E4FE8 EC9A8E42
X 06988 19
S 069AE 200 069D8 00000000 0000001A FFFFFFFF 0000001A 00000029 0000001C 0000001D 00000004 003E1BC6 003E1CF6 003E1442 003E0F48 003E0F48 003E0F48 003E5200 D6BD2B53
X 069E2 13
X 06B10 18
S 06BC0 200 1359E 00004A51 0000000B 00000013 0000000E 00000002 00000016 0000001B 00000012 003C0062 003C07FC 003E0864 003E4000 003E1BC6 003E1968 003E5200 D0E3D4B4
X 06C20 7
X 06CAE 63
X 06EF8 47
X 06F80 125
X 06FB4 43
S 07004 200 073C8 00000059 00000008 000128AC 0001F900 0001F8D8 0001F8EC 0001F910 0000001D 003E02D8 003E1968 003E126E 00000000 00009150 003E0864 003E4FE8 74B7C050
X 071DC 15
S 073DC 200 1359E 00004A51 00000001 00000012 0000001C 0000001B 0000001C 00000014 00000003 003C0062 003C07FC 003E1CF6 003E1BC6 003E0864 003E0864 003E5200 75254D37
S 0744E 200 0746A 0000003E 0000000D 0000001F 0000000D 00000006 0000001B 00000000 00000009 003E4FF4 86580223 003E1968 003E4000 003E0F48 003E0864 003E5200 74F85664
S 0747A 200 03028 00000000 FFFF0000 000000B0 002CB42C 00000000 000000B0 00000003 00000007 FFFFEE28 003E18CF 00033DCE 00011EF2 0000272E 003E1BC6 003E5200 AEF64377
X 074FA 13
S 07578 200 0435A 000001A0 00000010 0000003F 00000001 00000009 00000000 00000000 0000000C 003E08A1 003E08A1 000345A4 003E1BC6 003E4000 003E0864 003E5200 217EA2E5
X 076EE 29
S 0778A 200 0795C 00000003 00000000 00000003 00000020 003E086A 003E0889 00000000 00000010 0001000A 0000007D 003E0869 003E0869 003E0F46 003E4000 003E4FD8 0968AD13
S 077C8 200 079B4 00000000 00000001 00000060 00000020 003E0868 003E0887 00000001 00000011 0001000A 003E4000 00007954 003E0867 003E0F46 003E1968 003E4FCC 23B9D152
S 07800 200 1359E 00004A51 0000000B 00000006 0000000A 0000000D 00000003 00000002 00000015 003C0062 003C07FC 003E1CF6 003E02D8 003E1BC6 003E1CF6 003E5200 AEE89440
S 07870 200 07968 0000006A 00004282 0000006A 00000000 003E086A 003E0889 00004282 00000011 003E1CF6 003E02D8 003E0869 003E0869 003E0F46 003E0864 003E4FE8 8FA2B77B
S 079B6 200 1E79A 000000F4 00000006 FFFF00F0 00000000 00000002 00000004 0000000F 0000000B 000D4AD3 00201212 000191A6 003E4F95 000192E6 003E1CF6 003E4FA4 DC5B72E5
S 079CE 200 1E7A8 000000F4 00000007 FFFF00F0 00000000 00000003 00000016 00000019 0000000F 000D4A63 00201210 0001919E 003E4F91 000192E6 003E4000 003E4FA0 130F28B9
X 07A02 70
X 07A12 22
S 07A24 200 1E79C 000000F4 00000008 FFFF00F0 00000000 00000001 0000001E 0000000F 00000001 000D4925 00201213 00019186 003E4F9D 000192E6 003E1968 003E4FAC 78684467
S 07A88 200 1E79C 000000F4 00000002 FFFF00F0 00000000 00000006 00000018 0000001C 0000001D 000D4A2C 0020140E 0001919A 003E4FB1 000192E6 003E0864 003E4FC0 81388EE2
S 07B14 200 1359E 00004A51 0000001B 0000001D 0000001D 0000000E 0000001C 0000000A 0000000E 003C0062 003C07FC 003E0864 003E4000 003E02D8 003E1BC6 003E5200 DB34C47C
S 07B3E 200 11F9E 0000009B 0000001A 00000090 00000000 00000001 00010008 0000000B 00000005 000E5932 0020E012 00035424 00011EDA 000214AA 0001178B 003E4F80 0306CD40
X 07C04 16
S 07C72 200 053D4 0001FB34 00000000 00000006 FFFFFFF0 0001FB36 00000100 00000004 0000000D 0000FE3E 003E0EC2 003E02F8 003E0ED6 003E1968 003E1CF6 003E5200 B4900FB2
S 07CB0 200 11F4C 0000007C 0000000C 00000000 00000000 00000003 00000008 0000000B 0000000B 000FB934 00200408 00039E92 00011EE6 003E0864 003E1BC6 003E4F78 1ED0F689
X 07CF0 200
X 07D50 110
S 07D80 200 11FEE 00000028 00000000 00000020 00000000 00000007 00000006 0000000B 0000000A 000F3053 002104AC 000384E2 00011EE6 003E1BC6 003E4000 003E4F60 2B8C45F3
S 07DCE 200 1359E 00004A51 0000000F 00000001 0000000D 00000007 0000000E 0000001C 0000001F 003C0062 003C07FC 003E1BC6 003E0864 003E1968 003E1CF6 003E5200 E7E40936
X 07E7A 10
S 07EA4 200 18F1A 00000004 00001EF0 00000000 00000000 00000000 00000006 00000015 00000007 003E4FB0 0021203F 00019182 003E4FAD 000192E6 003E02D8 003E4FBC 0AFCC9E7
X 07F5A 8
X 08008 66
X 08200 24
S 08326 200 0843A 00000020 003E0D1E 00000020 0000001A 00000002 002FA194 00000086 0000001E 003E4FE6 003E0EBF 000000E8 003E0E9E 003E1BC6 003E0F48 003E4FE8 7EB393C9
S 0848E 200 083E6 00000020 003E08A4 00000020 00011B5A 00000042 00200054 00000000 00000006 003E4FC6 003E09C5 003E1968 003E09A4 003E1968 003E4000 003E4FC8 DAC4F63F
S 084DA 200 1359E 00004A51 0000000E 00000006 0000001D 00000016 0000000B 00000012 0000001A 003C0062 003C07FC 003E1CF6 003E0F48 003E1968 003E0864 003E5200 46840D14
S 08536 200 0051A 00000006 00000015 00000011 00000009 00000015 00000007 00000001 00000007 003E1CF6 003E1968 003E1CF6 003E1968 003E1CF6 003E1968 003E5200 D604FACD
S 08576 200 11F90 000000F5 0000001C 000000F0 00000000 00000004 0000001D 00000029 00000007 000D2623 00200808 000333F8 00011EFE 003E1CF6 003E1CF6 003E4FAC 344C4C55
S 08598 200 00520 00000040 00000000 00000003 00000001 00000006 0000001A 00000012 00000017 003E20B0 003E20A0 003E1AE2 003E0864 003E1968 003E0F48 003E5200 13A8B64D
X 08606 8
X 0865E 8
X 086AE 45
X 0875E 190
S 08878 200 1359E 00004A51 00000001 00000013 00000002 0000000E 0000001C 00000015 00000005 003C0062 003C07FC 003E1968 003E0864 003E02D8 003E0864 003E5200 B45D285B
S 08A70 200 08978 00000003 00000000 00000001 00008A24 0000000F 00000027 00000005 00000018 003E4FD8 003E4FD6 003E4FD6 003E4FD4 00000000 00008A24 003E4FDA 0F1689A2
X 08A9C 76
S 08B0C 200 08AA8 FFFF0200 00000000 0000FCE2 003E0000 00000001 FFFFFFFF 00000001 00000004 003E4FF2 00000000 003E4FF0 001C0042 0000FCDA 003E4FE0 003E4FAE AD271C49
X 08BB2 9
X 08C7A 12
X 08D0E 9
S 08F2E 200 11F2C 00000000 0000FFFF 002300E0 00000000 00000003 0000001C 0000001E 00000004 000D6C73 0023E408 00011EFE 00021C48 003E1BC6 003E1968 003E5200 E7A5500E
S 08FC8 200 1359E 00004A51 0000001F 0000000C 00000019 0000000B 00000009 00000017 00000000 003C0062 003C07FC 003E1CF6 003E1BC6 003E4000 003E02D8 003E5200 304F3449
X 0900A 198
X 09034 6
X 09080 6
X 090BE 10
X 090E6 19
X 090FE 17
X 0910E 31
S 09150 200 1359E 00004A51 0000000B 00000002 00000005 00000002 00000002 0000001D 00000002 003C0062 003C07FC 003E0864 003E4000 003E02D8 003E1CF6 003E5200 B6ACD1FD
S 09208 200 087DE 00000000 00011072 003E1960 00000006 0000000D 00000002 0000001F 0000000D 00011072 00011070 00000000 003E4FBA 003E4FAE 003E0864 003E4FB2 EB23B311
S 09266 200 0DC64 00000007 0021A004 0000000C 00070001 0000000C 0000001A 0021A064 0000001B 003E1922 003E1968 003E194C 003E194A 003E1CF6 003E4000 003E4FBC 4FB78BA1
X 09D80 51
X 0A000 57
X 0A7E4 0
X 0A7E6 46
S 0A80C 200 0A858 FFFFFFFF 00000005 00000004 0000000D 003E1964 00000003 00000017 0000000C 003E1BFC 003E0864 003E02D8 003E1CF6 003E1CF6 003E02D8 003E5200 CEF0DB26
S 0A90E 200 1359E 00004A51 0000001D 0000001B 0000001C 0000001C 00000009 0000000E 0000001A 003C0062 003C07FC 003E02D8 003E0864 003E02D8 003E1CF6 003E5200 A702D079
S 0A9BE 200 0EE98 00000001 0000001D 00000007 00000007 00000011 0000001D 00000011 00000018 003E1A64 00011B60 0000EE90 003E02D8 003E1BC6 003E0864 003E5200 63FA0010
S 0AA86 200 04C88 0000000F 00000004 00000005 00000000 00000004 0000001E 00000015 0000001F 003E1D56 003E0864 0000C832 003E4000 003E1BC6 003E0864 003E5200 E47BFA14
X 0AB12 185
X 0AB58 85
X 0AC4C 45
X 0AD5A 66
X 0AF72 38
S 0B032 200 1359E 00004A51 00000001 00000000 00000008 00000000 0000001A 0000001E 0000000C 003C0062 003C07FC 003E0864 003E1CF6 003E1CF6 003E02D8 003E5200 5C164980
X 0B2E8 7
X 0B53A 11
X 0B5B8 20
X 0B5E4 19
X 0B738 9
S 0B7FA 200 0B880 003E1900 00000003 00000000 00000041 00000000 00000000 0000000E 0000001B 0000FCCE 003E192B 0000006E 003E0864 003E194B 003E02D8 003E4FE8 1C2DBECF
X 0B958 39
S 0B9C8 200 1359E 00004A51 0000001D 00000003 00000006 0000000B 00000008 0000000A 00000003 003C0062 003C07FC 003E1968 003E4000 003E02D8 003E4000 003E5200 EC763E0C
X 0BB38 25
S 0BB7C 200 11F92 000000B2 00000000 002000B0 00000000 00000000 00000006 00000008 0000001C 000D2612 0020060C 000354FA 003E0864 003E0F48 003E4000 003E5200 6588F374
X 0C150 197
X 0C1EE 5
S 0C206 200 0C22A 0000000A 00000000 0000001F 0000000A 0000000F 00000006 00000003 00000006 003E4FF2 003E4FE8 003E4FF0 003E1C6E 003E0864 003E0864 003E4FE8 6356653C
S 0C240 200 0C222 0000000A 00000000 00000007 00000002 00000007 00000009 00000013 00000001 003E4FE4 003E4FDA 003E4FE2 003E1C6E 003E1BC6 003E4000 003E4FDA FC7FC441
X 0C2BC 9
S 0C2DC 200 1359E 00004A51 00000003 0000000C 00000017 00000011 0000000F 0000001D 00000002 003C0062 003C07FC 003E1968 003E0864 003E0864 003E0F48 003E5200 1E7F9235
X 0C3E8 38
X 0C436 30
X 0C4AE 12
X 0C4CA 10
X 0C4E8 8
X 0C504 23
X 0C538 14
S 0C568 200 1359E 00004A51 0000000E 00000001 00000003 00000015 00000012 00000017 0000000A 003C0062 003C07FC 003E1CF6 003E4000 003E02D8 003E1968 003E5200 FA7D80C9
X 0C5CA 90
X 0C688 76
X 0C724 74
X 0C7BC 65
X 0C832 72
X 0C8DE 68
X 0C95E 66
S 0C9D2 200 1359E 00004A51 00000015 0000000F 0000001F 00000012 00000016 00000005 0000000B 003C0062 003C07FC 003E1CF6 003E0F48 003E4000 003E0F48 003E5200 A93B5A59
X 0CA52 9
X 0CA88 11
X 0CAE2 9
S 0CB24 200 0EFD2 00000005 0000427E 003E1A64 00011B06 00011B0C 00000002 0000001C 00000012 003E1D3E 00011B06 003E1A64 003E1968 003E0F48 003E0864 003E5200 6043027E
X 0CBAE 45
X 0CC18 37
S 0CC3A 200 11F40 0000007C 0000000E 00000020 00000000 00000006 00000007 0000000B 00000016 000F7237 002104AE 00038DE2 00011EE6 00038DE0 003E0864 003E4F6C 2BD1644C
S 0CCB2 200 1359E 00004A51 0000000F 0000000E 00000016 00000001 00000013 00000018 0000001E 003C0062 003C07FC 003E1BC6 003E02D8 003E1968 003E1CF6 003E5200 E3E0237E
S 0CCE6 200 0F332 0000000A 0000FE00 0000000A 003E0001 00000000 00000038 00000001 00000001 0001FB5E 003E0378 0000FD46 003E0050 003E0050 0001F7F0 003E4FB2 87CE3569
X 0CD4A 70
S 0CDAE 200 0F3B2 0000000A 00000000 0000000A 003E0007 00000000 00000038 00000001 00000019 0001FB5E 003E0378 0000FD46 003E0050 003E0050 0001F7F0 003E4FBA EB0A1F5A
S 0CDC0 200 0EF8C 00000004 00007A24 00000009 0000001A 00000001 0000001E 0000001F 0000000A 003E1D02 003E1D0E 000000FC 003E1BC6 003E1BC6 003E0F48 003E4FD8 15672BE9
X 0CDF6 180
X 0CE48 4
X 0CE76 56
S 0CEE8 200 1359E 00004A51 00000003 00000006 00000009 0000000C 0000001F 00000016 0000000C 003C0062 003C07FC 003E4000 003E0F48 003E02D8 003E02D8 003E5200 14A50ED6
X 0CF40 92
S 0CFDA 200 0DC68 00000007 0021A004 0000000C 00070001 0000000C 0000001A 0021A064 0000000E 003E1922 003E1CF6 003E194C 003E194A 003E0F48 003E02D8 003E4FC0 74D41519
S 0D030 200 0DACC 00000017 00000529 00000001 0003A92A 0000000A 00000008 003E0DCA 00000005 003E087B 0003AFED 0003A92A 003E1BC6 003E1CF6 003E1CF6 003E4FDC 4AD23F93
S 0D04E 200 0C4F4 00000003 003E20A8 00000000 003E20B0 00000001 00000013 00000014 00000000 003E20B0 003E20E2 003E2498 003E02D8 003E1BC6 003E0864 003E5200 A2303D1E
S 0D696 200 0EF4C 00000004 000050C6 00000000 0000FFFF 0000BFFF 00000014 00000012 0000000B 003E1D32 003E1D3E 003E0EDA 003E0864 003E0864 003E1BC6 003E5200 62732D40
X 0D7A0 46
X 0DB66 1
S 0DB6C 200 1359E 00004A51 00000010 00000000 00000015 00000018 0000001E 0000000A 0000001C 003C0062 003C07FC 003E0F48 003E1CF6 003E1BC6 003E0864 003E5200 447AD742
X 0DB72 1
X 0DB78 1
S 0DB7E 200 035CA 0000079F 0021A064 00000F70 00030011 0000000C 00000003 00210011 00000006 003E1922 003E1CF6 000354FC 003E1968 003E0F48 003E1BC6 003E4F78 FF699CB3
X 0DBE6 80
X 0DC10 74
S 0DC3A 200 11FE2 000000FA 00000004 000000F0 00000000 00000001 00000003 00210011 0000001A 000E60D6 0021A46B 000354FC 00011EDA 003E1BC6 003E1968 003E4F8C 2AAABE37
X 0DE1A 186
S 0DEC8 200 1359E 00004A51 00000019 00000006 00000019 00000007 00000002 00000009 0000000B 003C0062 003C07FC 003E4000 003E1BC6 003E1968 003E1968 003E5200 B20B8D24
S 0E000 200 143FA FFFFFFFF FFFFFFFF 00000006 FFFFFFFF 003E34E0 0000000D 00000003 00000014 0001D64A 003E4000 003E3536 003E3528 003E3536 003E02D8 003E4FDC 980D9C9E
S 0E020 200 14BFC 00000002 00000203 00000052 00000001 00000203 00001387 00000012 00000006 003E3450 003E3558 003E3556 003E02D8 003E0864 003E02D8 003E5200 E95F0BEA
S 0E0EE 200 00520 00000200 00000000 0000000C 00000001 0000001E 00000058 0000002D 0000000C 003E20B0 003E20A0 0000450C 003E4050 003E0864 003E1CF6 003E4FE8 42CFE797
S 0E332 200 1E724 00000063 0000FFFF FFFF00F0 00000000 00000006 00000017 0000001A 0000001F 000D5474 00219295 000191EE 003E1CD7 000192E6 003E1CF6 003E5200 58C61897
X 0E3B0 69
X 0E516 92
S 0E546 200 143EE 00000003 00000014 00000002 003E34E0 003E34E0 0000000B 00000001 0000000B 0001D64A 003E0864 003E3536 003E3528 003E3536 003E1968 003E4FDC CAFEE70D
S 0E554 200 1359E 00004A51 0000000B 00000007 00000016 0000000F 0000000B 0000001F 00000005 003C0062 003C07FC 003E0864 003E0864 003E1CF6 003E0864 003E5200 78C5EA2E
X 0E7A8 60
S 0E824 200 12558 000000A9 00000019 000000A0 00000000 00000001 000001F8 00000000 00000003 000C2980 0020080B 00055280 003E1CB4 003E0DD4 003E1BC6 003E4FD0 D7604565
X 0E98C 35
X 0EA46 15
X 0EA68 12
S 0EABA 200 0C338 00000006 0000000F 00000001 00000000 00000009 00000017 0000001A 0000000C 003E1C72 003E4FE0 003E4FDE 003E1C72 003E1968 003E02D8 003E4FE0 A5C7D1AE
X 0EAC8 5
S 0EBBA 200 1359E 00004A51 00000005 00000000 00000004 00000008 00000001 00000003 00000003 003C0062 003C07FC 003E1BC6 003E1BC6 003E1968 003E1968 003E5200 8A85A6A0
S 0EC3A 200 11F4C 0000007C 00000004 00000080 00000000 00000003 00000008 0000000B 0000000E 000F25CB 00201608 0003827E 00011EE6 003E0864 003E1CF6 003E4F8A 3BCC7440
S 0ECB0 200 11F2E 00000000 0020FFFF 00000080 00000000 00000005 00000008 0000000B 00000005 00101D94 00200206 00E50040 00011EE6 003E1CF6 003E1BC6 003E4FA4 36DAF5FB
X 0EDEA 12
X 0EE22 4
X 0EE3A 1
X 0EE44 61
X 0EE90 41
S 0EEEE 200 1359E 00004A51 00000017 0000001D 00000005 00000003 00000012 0000001A 00000016 003C0062 003C07FC 003E1968 003E02D8 003E0864 003E4000 003E5200 58A594B4
X 0EF58 33
X 0EFBA 10
X 0EFFA 33
X 0F000 92
S 0F13E 200 0F26C 00000050 00000000 0000001A 00000015 00000005 00000013 00000005 00000001 003E3F50 003E4000 003E0028 003E0328 003E02D8 003E0000 003E5200 F225ABB1
X 0F1FA 38
X 0F26A 25
S 0F2CC 200 1359E 00004A51 00000010 00000016 00000006 00000015 00000013 0000001C 00000000 003C0062 003C07FC 003E1968 003E02D8 003E0864 003E1968 003E5200 CDF7D111
X 0F2EE 2
X 0F2FA 2
S 0F306 200 0F43C 00000002 00000007 0000004C 00000007 00000049 00000048 00000407 0000001E 003E0308 003E0750 003E02C2 003E0260 003E0000 003E0738 003E5200 E71199BD
X 0F3B2 54
X 0F4CA 41
X 0F52C 20
X 0F540 28
S 0F5F6 200 1359E 00004A51 0000001A 00000013 00000018 0000000C 0000001C 00000018 0000000B 003C0062 003C07FC 003E0864 003E1968 003E1968 003E0F48 003E5200 6779E591
S 0F630 200 196D0 00000000 00000000 FFFFFFC0 003E0258 0000004C 0000004B 0000004B 00000007 003E3672 003E02C2 003E0348 003E0358 003E0750 003E074C 003E4FE8 228D1535
S 0F79E 200 0F7C4 00000008 00000000 00000000 00000049 00000049 00000000 0000000C 00000004 003E02F8 003E02BC 003E02F8 003E0308 003E0000 003E0744 003E4FE8 9C7F84EF
X 0F922 4
S 0F936 200 0FAB0 0000004C 00000018 00000007 00000007 00000000 00000000 00000008 00000000 003E3F40 003E4000 003E0038 003E02B4 003E0348 003E0750 003E4FE8 F089BB64
X 0FB74 1
S 0FB80 200 0FBB0 57C136E7 00000006 00000006 00000010 0000001B 0000001D 0000001C 00000000 000102AE 0001027E 00011E92 003E4000 003E0F48 003E0864 003E5200 E3A07344
X 0FBC6 7
X 0FBE2 5
X 0FBE4 10
X 0FC06 1
X 0FC0E 0
S 0FC10 200 1359E 00004A51 00000006 0000001E 0000000F 00000012 00000007 00000009 0000001A 003C0062 003C07FC 003E1BC6 003E02D8 003E0864 003E02D8 003E5200 FE14018F
X 0FC1E 9
X 0FC32 4
X 0FC3A 2
X 0FC46 10
X 0FC4A 10
X 0FC74 9
X 0FC88 4
S 0FC9C 200 1359E 00004A51 00000009 00000017 00000005 00000014 0000000F 0000000C 0000001F 003C0062 003C07FC 003E1968 003E1968 003E02D8 003E4000 003E5200 F95C499C
X 11BD8 5
X 11BEC 7
X 11C04 8
X 11CE2 8
X 11CF8 25
X 11D5C 15
S 11D96 200 11DC8 000000B3 003E4104 000029D4 00000040 00000042 003E41BD 0000001B 00000010 0021E015 00000025 003E0864 0000000A 003E0864 003E1BC6 003E5200 BAEA84FF
S 11E10 200 1359E 00004A51 00000008 00000016 00000013 00000019 0000000A 00000011 0000001C 003C0062 003C07FC 003E1BC6 003E1968 003E0864 003E1968 003E5200 877127A1
X 11E58 13
S 11EDA 200 11F90 000000C1 0000000E 000000C0 000000CB 00000005 00000005 00000009 00000004 000E5A34 003E4AD2 003E1BC6 003E02D8 003E1BC6 003E0F48 003E5200 30AA7E72
S 11EF2 200 11FF0 000000D2 00000000 000000D0 000000DA 00000006 00000008 00000015 00000000 000DAE27 003E47D7 003E0864 003E02D8 003E0864 003E0864 003E5200 EE4C5926
X 11EFE 141
X 11F2A 104
S 11FF8 200 12010 000042C5 00000003 000042B6 00000003 00000001 00000006 00000019 00000012 003E4000 00000873 003E4000 003E1BC6 003E0F48 003E1BC6 003E5200 FE1C4E24
X 12026 94
S 1204C 200 1359E 00004A51 0000001B 00000000 0000001A 00000008 0000000E 00000002 00000011 003C0062 003C07FC 003E1968 003E0864 003E1968 003E4000 003E5200 1F26573F
X 12066 41
S 12078 200 120BC 00000000 00000000 00000000 00000000 000085E3 FFFF7C00 00000002 00000011 0000007D 003E4258 003E1CF6 003E02D8 003E0F48 003E4000 003E5200 95C36BE9
S 120A2 200 120A4 00000000 0000FFFF 000000A0 0000009E 000001C0 00000019 0000001F 00000012 003E4007 003E08B7 003E02D8 003E1CF6 003E02D8 003E02D8 003E5200 2FC5DD2E
S 1217E 200 1219E 00000000 000000AE 00000000 003E4189 0000001B 00000015 00000007 00000008 003E432D 0000011A 003E1BC6 003E1968 003E02D8 003E1968 003E5200 38816A0C
S 121C4 200 12202 0000466D 0000000A 00004243 000042A3 00000050 0000000C 00000007 00000000 000DAE09 00000200 0001229E 000DADDE 0001232C 0000420D 003E5200 32FF80A4
X 12222 6
X 122C6 6
S 12306 200 1359E 00004A51 0000000C 00000009 0000000B 0000001B 00000006 0000000E 00000018 003C0062 003C07FC 003E0864 003E1CF6 003E0F48 003E02D8 003E5200 066BA138
X 1231A 7
X 12354 2
S 1238C 200 12478 00000000 00000000 0000001C 00000000 00000003 0000000B 00000006 0000000A 003E02E3 003E086F 0003A392 003E0864 003E02D8 003E1BC6 003E5200 38066066
S 124BE 200 124E6 00000000 0000FFFF 00000000 00000000 00000000 000001F8 00000014 0000000A 0000006B 003E48F7 0003A438 003E1BC6 003E0864 003E1CF6 003E5200 F911683B
S 124E2 200 1259E 00000000 00000000 00000003 00000000 00000012 00000017 0000001C 0000001A 003E02E5 003E1975 0003A3AD 003E1968 003E4000 003E1CF6 003E5200 B33E5A59
S 12574 200 1259C 00000000 00000000 0000001D 00000000 000001AF 0000001B 00000014 00000019 003E02DE 003E08BB 0003A3B8 003E02D8 003E0864 003E1CF6 003E5200 8DB08AFC
X 1259C 24
S 125DA 200 1359E 00004A51 0000000F 0000001E 0000000C 00000003 0000001F 00000015 00000009 003C0062 003C07FC 003E1968 003E0864 003E1968 003E1968 003E5200 D1E96530
X 1262A 33
X 128BC 22
S 13000 200 13014 0000000D 000003BE 00000008 00000013 00000008 00000016 00000008 0000001D 00200084 0021FFFE 003E1CF6 003E4000 003E0864 003E0F48 003E5200 C2963EA6
X 130B0 8
S 130EE 200 13814 00000000 00000007 00000009 00000000 00000006 00000017 00000000 0000000B 003E0048 003E0000 003E07FE 0072FFFE 000135D6 0001326C 000137A0 9D3062E1
S 130F8 200 136AE 000008BD 00000849 FFF0000F 00000FDC 00000000 00000000 00000010 0000000A 00000048 003E02D8 00013328 003E0864 003E1BC6 00013300 003E5200 EF0C1BB5
S 13350 200 19F98 0000000A 00000360 00000009 00000011 00000013 0000000D 0000001F 00000014 003E4000 003E3A6E 003E370E 00019CE4 003E1968 003E4000 003E5200 CFD2D071
S 133B2 200 0F166 0000000A 0000FFFF 0000000F 00000000 00008000 0000001C 0000004B 00000005 003E02BE 003E20A0 003E0258 003E1CF6 003E02D8 003E0000 003E5200 AB245D9C
S 133EC 200 0F1E2 0000004A 00009455 0000000F 00000000 00008000 0000001D 0000004A 00000002 003E3F60 003E20A0 003E0250 003E0368 003E02D8 003E0000 003E5200 6733236C
X 1354C 8
S 1357C 200 135A0 00004A51 00000007 00000000 00000008 0000001C 0000000C 0000001D 0000000D 003C0062 003C07FC 003E1CF6 003E1BC6 003E0864 003E1968 003E5200 5A71109C
S 1378E 200 1381A 00000000 0000001D 0000000B 0000001E 00000018 0000001F 00000000 00000019 003E19B4 003E1968 003E1CF6 0072FFFE 003E0F48 003E4000 000137A0 B258166A
S 1397A 200 139F8 00000000 00000018 0000000A 00000010 00000009 00000019 00000000 00000012 003E0324 003E02D8 003E1BC6 0072FFFE 003E1CF6 003E0864 0001398C D4976E65
X 13CDA 16
S 13D1E 200 19668 00000001 00010037 80000000 00000011 00000002 0000001C 00000013 00000014 0000004D 0000004C 003E4000 003E4000 003E1968 003E4000 003E5200 076D3AC6
X 13E0A 126
S 13E6A 200 19668 00000001 00000031 80000000 00000001 00000002 0000000C 00000018 00000010 003E4FD5 003E4FD4 003E1968 003E1CF6 003E0F48 003E4000 003E4FE8 4EC8A2B3
X 13E94 51
X 13F40 96
X 13F98 15
S 13FCE 200 1359E 00004A51 00000004 00000019 0000000B 0000001A 00000005 00000006 00000005 003C0062 003C07FC 003E0F48 003E1BC6 003E4000 003E0F48 003E5200 88FE5962
X 14044 74
X 14138 34
S 141D4 200 1478C 00000000 00000000 00000000 0000015B 00000015 00000009 0000000C 00000008 003E34F4 003E34CC 003E1CF6 003E1BC6 003E4000 003E02D8 003E5200 56D8EB3A
X 1425C 11
X 143B0 11
X 14492 88
X 144AE 8
S 144D0 200 1359E 00004A51 0000001B 00000018 00000010 0000001E 0000001B 00000000 0000000B 003C0062 003C07FC 003E02D8 003E0864 003E1BC6 003E02D8 003E5200 17A8E182
S 14578 200 14510 00000000 00000007 003E34CC 00000000 003E34CC 0000001D 0000000A 0000001B 003E4FBF 003E1BC6 003E3536 000143B0 003E34F4 003E0F48 003E4FC0 812D5E21
X 14772 9
X 1485C 14
X 14A36 22
X 14B2C 10
X 14C3C 32
S 14DD2 200 14514 00000008 00000000 003E3554 00000008 00000000 00000000 00000004 0000001C 003E4FBF 003E3586 003E3536 003E1BC6 003E1968 003E0864 003E4FC0 A3C0DA5E
S 14E5C 200 14514 0000000E 0000000E 003E3454 0000000E 00000000 00000004 0000001D 00000003 003E4FBF 003E3468 003E3536 003E0F48 003E0F48 003E02D8 003E4FC0 6BC3F9D9
X 14ECA 6
X 14EF8 9
X 14F7A 7
X 14FF2 7
X 15064 24
X 15100 6
S 1520E 200 17508 00000007 00000000 0000001A 00000015 0000001D 0000000C 0000001A 0000000D 00200104 003E1968 0001D762 003E361E 003E1968 003E1968 003E5200 006EC87D
S 155A0 200 1359E 00004A51 00000015 00000011 0000000F 00000003 00000005 00000006 00000004 003C0062 003C07FC 003E1BC6 003E1968 003E1CF6 003E0864 003E5200 FDDFA9E1
X 15672 71
X 1568E 72
S 156AC 200 14EFC 00000001 00000017 00000001 00000000 00000001 00000017 00000001 00000009 003E3468 003E365C 003E3632 00000000 003E0864 003E1BC6 003E5200 17028B69
X 15830 124
S 160BA 200 1938E 0000000D 00000024 00000034 00000007 0000000F 00000012 0000000F 00000019 00200148 00000004 003E4000 003E0864 003E02D8 003E0864 003E5200 2A62EF17
S 1684C 200 1938E 0000000D 00000024 0000007E 0000001D 0000001E 0000000C 00000019 0000001A 00200148 00000004 003E0864 003E1BC6 003E1CF6 003E1968 003E5200 95B55EFA
S 168F8 200 1938E 0000000C 00000024 00000009 00000003 00000010 00000014 00000005 0000000C 0020014C 00000004 003E1BC6 003E0864 003E1BC6 003E4000 003E5200 D7C93F53
S 16BC8 200 1359E 00004A51 0000001D 0000001B 0000000C 00000010 0000000F 00000003 00000002 003C0062 003C07FC 003E0F48 003E1BC6 003E1968 003E0864 003E5200 952F0F6B
S 16BDA 200 14514 00008000 00000010 003E34CC 00000000 003E34CC 00000007 00000013 0000000A 003E4F97 003E1CF6 003E3536 000143B0 003E34F4 003E1CF6 003E4F98 CF6DA3CD
S 16D3E 200 1938E 0000000E 00000024 00000001 00000013 00000006 0000000D 0000000F 0000000D 00200144 00000004 003E02D8 003E0864 003E02D8 003E02D8 003E5200 16B06173
S 16D4E 200 182A6 00000033 00000033 00007BC0 00000030 3DE07BC0 00007800 000003C0 00000001 003C00C6 003E02D8 0001829C 003E1968 003E1CF6 003E4000 003E4FD8 C40974B3
S 16D60 200 182A6 00000033 00000033 00007BC0 00000030 3DE07BC0 00007800 000003C0 00000009 003C00C6 003E1CF6 0001829C 003E1968 003E0F48 003E02D8 003E4FD8 6D4A167B
S 16D6E 200 17510 00000019 00000006 00000000 00000019 00000005 00000001 00000009 00000016 00200100 003E02D8 0001D762 003E361E 003E1CF6 003E02D8 003E5200 1033A8E6
S 16D78 200 174B4 00000008 00000095 00000101 00000017 00000010 0000000C 00000017 0000000A 00200026 00200026 003E02D8 0001851C 003E4000 003E1BC6 003E4FE4 A6CD5F1B
S 16D80 200 17508 00000009 00000015 00000001 00000000 0000000D 00000010 0000000B 0000000B 002000F8 003E1CF6 00018B76 0001851C 00017EDE 003E4000 003E4FE4 D8A19574
S 16D88 200 174BC 00000008 00000095 00000101 00000000 00000006 00000001 0000000E 00000003 00200026 00200026 003E02D8 003E02D8 003E02D8 003E02D8 003E5200 BD3A1F3C
S 16E14 200 1359E 00004A51 00000017 00000019 0000000C 00000011 0000001E 00000016 0000000E 003C0062 003C07FC 003E1968 003E1968 003E0F48 003E1CF6 003E5200 663DD591
S 16E1C 200 1750A 0000000D 0000000F 0000001E 00000012 0000000B 00000000 00000002 0000000E 00200100 003E1968 003E4000 003E0000 00018B5C 003E02D8 003E4FE4 C5EA4D6B
S 16E24 200 17510 00000006 0000000B 00000017 0000000C 00000019 0000001F 00000015 0000000E 00200100 003E0864 0001829C 00016958 003E02D8 003E4000 003E5200 9E31F4C5
S 16E2C 200 1750A 00000019 0000001A 00000007 00000000 00000000 0000001F 0000001D 00000005 002000FC 003E02D8 003E1968 003E0F48 003E4000 003E0F48 003E5200 C6825389
S 16EEC 200 1750A 0000000D 00000003 00000010 00000000 00000000 00000007 00000000 0000000B 002000FC 003E0864 003E1968 003E4000 003E1BC6 003E1968 003E5200 051EA1D0
S 16FF0 200 1750A 00000014 0000000C 00000001 00000000 0000001B 00000016 0000000C 00000013 002000F8 003E0864 00018B76 0001851C 00017EDE 003E0864 003E4FE8 7C70B432
S 17330 200 1E7FC 00002003 00000001 00002000 00000000 00000002 00000001 00000004 00000010 000D2D2E 00209481 003E4000 003E0864 003E0864 003E1CF6 003E5200 0599E1ED
S 173D8 200 17508 00000002 00000012 000041E5 00000081 00000017 0000000F 00000001 0000001E 00200104 003E02D8 003E02D8 003E02D8 003E4000 003E0864 003E5200 E1A5C280
S 174A2 200 1359E 00004A51 0000000D 00000012 00000019 0000000D 00000003 0000001E 0000001E 003C0062 003C07FC 003E0864 003E02D8 003E1CF6 003E1968 003E5200 D1ABB54F
S 17500 200 1750A 00000009 00000017 0000000A 0000001F 00000012 00000019 00000000 00000016 00200108 003E0864 003E1BC6 003E1BC6 003E1CF6 003E02D8 003E5200 3E4AB4E3
S 1753C 200 17556 000040F7 000040F6 0000009D 0000001B 0000001D 00000000 0000000D 00000006 00000E0C 003E1968 003E1BC6 003E0864 003E1968 003E1BC6 003E5200 6414EF8C
S 175DE 200 174B6 00000008 00000095 00000101 0000000D 00000006 00000018 00000016 00000011 00200028 00200026 00018B76 000190DA 003E4000 003E0F48 003E5200 7FEE04BC
S 177E8 200 1E800 00000033 0000FFFF FFFF0030 00000000 00000005 00000014 0000000D 00000008 000D5364 0020043E 000191E6 0001E15B 000192E6 003E1968 003E5200 92D81494
S 17800 200 174B6 00000008 00000095 00000101 00000016 00000016 00000013 0000000E 0000000E 00200028 00200026 003E02D8 0001851C 003E0864 003E02D8 003E4FE8 15B32F65
X 1796E 19
S 1798C 200 17510 00000014 00000006 00000010 0000001D 0000001D 00000011 0000001F 00000002 00200100 003E02D8 003E02D8 003E0000 00018B5C 003E4000 003E4FE8 12DEFD4C
S 17EDE 200 1359E 00004A51 00000001 00000010 00000007 0000000E 0000001E 0000000F 0000000D 003C0062 003C07FC 003E1968 003E1BC6 003E02D8 003E1968 003E5200 150A2E54
S 17EF4 200 17510 0000001E 00000003 0000003D 000000F5 000041EA 00000004 00000001 00000008 00200100 003E0F48 003E1968 003E1CF6 003E0F48 003E02D8 003E5200 3C8F5B4A
S 17F42 200 1E7EE 00002043 00000001 00002040 00000000 00000006 0001DFB2 00000007 0000000A 000D2EB2 0021B256 003E0F48 003E02D8 003E02D8 003E1BC6 003E5200 04411D46
S 17F70 200 1E7F0 00002043 00010000 00002040 00000000 00000001 0001DF8A 00000008 00000014 000D2EB0 0021B01B 003E0864 003E1CF6 003E1BC6 003E02D8 003E5200 57BAA43F
S 17FCC 200 1E732 00000010 00000004 000000D0 000000D1 00000003 00000066 00000014 00000011 000D33CC 0024F590 003E4000 003E0864 003E02D8 003E02D8 003E5200 28D632D6
S 18000 200 1E73A 00000028 00000001 00000000 00000000 00000000 0000001D 00000011 00000018 000D61DD 00210213 003E02D8 003E0F48 003E1BC6 003E1968 003E5200 98931CA3
S 18040 200 182B2 0000425F 00000204 0000425F 0000007E 003E425F 00004000 00000240 0000001E 003C0204 003E02D8 0001829C 003E1CF6 003E1CF6 003E02D8 003E4FE8 5002263F
S 1815A 200 182A2 00000003 00000003 0000001C 00000000 00005254 00005000 00000240 00000018 003C0006 003E1BC6 0001829C 003E02D8 003E1CF6 003E1968 003E4FD8 C2BA7367
S 1829C 200 1359E 00004A51 00000003 00000017 0000000D 00000004 00000015 00000008 00000015 003C0062 003C07FC 003E0864 003E1968 003E1CF6 003E0F48 003E5200 9565FCF4
X 183F2 8
S 18418 200 143FC 00000000 FFFFFFFF 00000006 FFFFFFFF 003E34E0 0000000D 00000003 00000012 0001D64A 003E0F48 003E3536 003E3528 003E3536 003E0F48 003E4FDC 9BD68FB5
X 1851C 12
X 18544 5
X 18548 4
X 18556 4
X 18564 4
S 18576 200 1359E 00004A51 00000002 00000003 00000016 00000015 00000014 00000019 0000000A 003C0062 003C07FC 003E1968 003E1BC6 003E1CF6 003E1BC6 003E5200 E5CB579E
X 18588 4
X 18598 4
X 185AA 4
X 185B6 4
X 185CC 4
X 185DC 4
X 185EE 4
S 18600 200 1359E 00004A51 0000001B 00000013 00000018 00000008 00000018 0000000E 00000019 003C0062 003C07FC 003E1BC6 003E0F48 003E4000 003E1BC6 003E5200 25B2AA2A
X 18614 4
X 18626 4
X 1863E 4
X 18652 3
X 18658 1
X 1865E 7
X 1866C 7
S 1867C 200 1359E 00004A51 00000002 0000001A 0000000F 0000001C 00000006 0000000E 0000001D 003C0062 003C07FC 003E0864 003E0864 003E1CF6 003E0F48 003E5200 4B4B372A
X 1868C 9
X 1869E 8
X 18764 19
S 1884A 200 1E7A8 00001002 00000015 00001000 00000000 00000004 00000016 0000001A 00000003 000D2A26 00226E37 00018601 003E1BC6 003E02D8 003E1CF6 003E5200 CEEBB59C
X 1885A 13
X 1888C 9
X 188AA 13
S 188EC 200 1359E 00004A51 0000001F 00000004 0000000E 00000007 0000000E 00000001 00000009 003C0062 003C07FC 003E02D8 003E0F48 003E1CF6 003E0864 003E5200 86F0A0FF
S 188F8 200 189E6 00000012 0000B3B3 00000008 00000010 00000004 0000001B 00000011 00000019 53204552 00206424 003E1BC6 003E0F48 003E0864 003E02D8 003E5200 BF1AE5E3
X 1890C 11
S 18A5E 200 1E72C 000000A1 00000001 00000030 00000031 00000004 0000001D 00000018 0000000B 000D2CB0 00201207 00000052 003E0F48 003E02D8 003E0F48 003E5200 C3E1AF86
X 18A66 58
S 18AFE 200 196A4 00000001 00000020 00000000 00000008 0000001B 00000004 00000018 00000018 003EA655 003E647A 003E02D8 003E4000 003E1968 003E0864 003E4FE8 8B82AF43
S 18B26 200 19682 000042DF 00000000 80000000 0000001A 00000006 0000000B 00000012 0000000A 003E92B8 003E4FD8 003E0F48 003E1BC6 003E1BC6 003E0864 003E4FE8 9FBA16FA
S 18B5C 200 1960C 000040E8 00000020 00000000 00000004 0000000F 00000007 00000000 00000003 003E90C1 00000030 003E4000 003E4000 003E0F48 003E0864 003E4FE8 8EE197D7
S 18B76 200 1359E 00004A51 00000019 00000013 00000006 00000005 00000006 0000000E 00000018 003C0062 003C07FC 003E0F48 003E02D8 003E0F48 003E1CF6 003E5200 5F9CBA9F
S 18B92 200 1E73E 00000010 00000001 00000010 00000013 00000000 00000003 00000009 00000004 000D3647 00200220 003E1CF6 003E0F48 003E0F48 003E02D8 003E5200 63A4AEB1
X 18C3C 14
S 18C48 200 1E7EE 0000001D 00000001 0000001A 00000000 00000002 00000004 00000011 0000001D 000D269A 00200972 003E0F48 003E1CF6 003E1968 003E02D8 003E5200 18734F99
S 18CAA 200 1E74A 0000007C 0000000B 00000001 00000000 00000003 00000005 00000007 00000006 000D268F 00207539 003E1968 003E1968 003E1CF6 003E0F48 003E5200 82EB6B8A
S 18CCE 200 1E78C 0000007C 00000005 00000070 0000007A 00000005 0000000F 0000000F 00000011 000D2A49 002CDB0E 003E0F48 003E1BC6 003E0864 003E1BC6 003E5200 59927EA5
S 18CDE 200 1E72A 00000081 00000001 0000001B 00000000 00000000 00000017 00000019 00000012 000D2965 002698EB 003E1BC6 003E4000 003E4000 003E0F48 003E5200 D703DB48
X 18D18 20
S 18D88 200 1359E 00004A51 00000014 00000010 00000014 00000002 0000001A 0000001A 00000011 003C0062 003C07FC 003E4000 003E4000 003E4000 003E0F48 003E5200 377557A8
S 18DC4 200 1E72C 00000082 00000002 00000030 00000000 00000000 00000002 00000005 0000000E 000D34C0 0022643B 00000044 003E1BC6 003E4000 003E0F48 003E5200 DD50D88E
X 18DEA 31
X 18DF6 52
X 18DFC 52
X 18E06 25
S 18E66 200 1E7FC 000000E3 00000001 FFFF00E0 00000000 00000000 00000006 0000001F 0000000F 000D5248 002B947E 000191DE 00018653 000192E6 003E1CF6 003E5200 8D21A127
S 18F10 200 1E7E4 00000013 00000013 FFFF0000 00000000 00000004 00000000 00000014 00000009 000D49CA 003E216B 00019192 003E1968 003E4000 003E1968 003E5200 F74ABB7B
S 19010 200 1359E 00004A51 00000004 0000001C 00000001 00000010 00000015 0000000A 00000001 003C0062 003C07FC 003E1968 003E1BC6 003E0864 003E0F48 003E5200 7A7855D6
S 19032 200 1E7FC 000000F4 00000005 FFFF00F0 000000FB 00000001 00000002 0000000E 0000000E 000DB7B2 000004A6 00019A4A 003E0F48 003E1CF6 003E0864 003E5200 4014107F
S 19054 200 196A4 00000001 00000020 00000000 0000000D 00000002 00000004 0000001B 00000007 003EA6FE 003E64A2 003E02D8 003E02D8 003E4000 003E0F48 003E4FE8 F06C9C9D
S 190C0 200 1960E 00004102 00000020 00000000 00000004 0000000F 00000007 00000011 00000019 003E90DA 00000030 003E1968 003E1BC6 003E4000 003E1968 003E4FE8 A84264E2
X 190DA 36
S 19366 200 19390 0000000C 00000024 0000001B 00000013 00000004 00000008 00000000 0000000F 0020014C 00000004 003E1BC6 003E1CF6 003E1CF6 003E1BC6 003E5200 65E8C41F
X 1939C 20
X 193F2 4
S 19404 200 1359E 00004A51 0000001F 0000000D 0000000D 00000005 0000001C 00000010 00000012 003C0062 003C07FC 003E0F48 003E0864 003E0F48 003E4000 003E5200 2E7BE694
S 1940A 200 19422 0000079F 00000000 00000015 0000000D 00000019 0000000F 0000000B 0000000A 003E1CF6 002F4188 003E0864 003E1968 003E0864 003E1BC6 003E5200 289799DB
S 1942A 200 1945E 000B03DA 21212121 0F0F0F0F 00000000 0000001D 00000007 0000000E 00000015 003E4000 002B0098 003E0864 003E4000 003E4000 003E4000 003E5200 89673C83
S 1946E 200 195F2 0000FFED 00002000 00000000 00000001 00000001 00000027 00000015 00000015 003E41CC 00000030 003E1CF6 003E4000 003E0864 003E4000 003E5200 1F393430
X 19552 88
S 195B4 200 1960E FFFF0083 00000020 00000000 00000004 0000000F 00000007 0000000C 00000003 003E427A 00000030 003E4000 003E1968 003E02D8 003E0864 003E5200 5B454AC5
X 1960A 20
X 19614 47
S 196AC 200 1359E 00004A51 0000001F 0000001F 0000000A 00000008 00000012 00000010 00000012 003C0062 003C07FC 003E0F48 003E02D8 003E1CF6 003E1BC6 003E5200 E87C46C9
X 19786 18
X 1978E 20
X 197D8 59
X 198C0 9
X 1997A 53
S 19A24 200 19AB6 00000000 FFFFFF01 00000000 00000000 00000000 00000000 00000000 00000006 003E1CF5 003E1D8C 003E0864 003E1CF6 0001996D 003E0F48 003E5200 2938B420
S 19BB8 200 19BC8 00000001 0000006D 00000008 00000014 0000000A 0000001F 0000000E 00000004 003E40B3 00000063 003E4000 003E1CF6 003E0864 003E0F48 003E5200 78D1323D
S 19BD8 200 1359E 00004A51 00000018 00000018 00000012 00000010 00000007 00000012 0000000F 003C0062 003C07FC 003E1CF6 003E4000 003E02D8 003E1968 003E5200 5FECD00A
S 19C00 200 19C10 00000022 003E41FE 0000001B 0000001E 00000000 00000011 0000000C 00000014 000000EC 0000014E 003E02D8 003E0864 003E4000 003E0F48 003E5200 711CFFEF
S 19C22 200 0F154 00000005 0000FFFF 0000000F 00000000 00008000 0000000C 0000004B 00000005 003E02C0 003E20A0 003E0258 003E02D8 003E02D8 003E0000 003E5200 A34AF887
X 19C2E 2
X 19C3C 71
X 19C70 19
X 19CCC 7
X 19CD0 5
S 19F3E 200 19F9E 000003C0 00000360 00000009 0000001B 00000000 00000001 00000014 00000006 003E4000 003E3ACE 003E370E 00019CE4 003E02D8 003E1968 003E5200 A6EBAB93
X 1A05A 8
S 1A0CC 200 1359E 00004A51 00000002 0000001A 00000016 0000001D 00000010 00000019 0000000E 003C0062 003C07FC 003E1BC6 003E0F48 003E02D8 003E02D8 003E5200 7366C989
X 1A100 14
S 1A14E 200 1A62C 00000001 00000000 00000003 003E3D1E 00480000 003E36E2 003E36DA 00000018 003E3D1E 003E0864 003E382E 003E3D1E 003E36EC 003E1CF6 003E4F9C 06189BE4
X 1A1CA 174
X 1A230 8
X 1A23C 9
X 1A248 10
X 1A256 6
S 1A260 200 1359E 00004A51 0000000E 00000010 00000018 0000000E 00000010 0000000D 0000000E 003C0062 003C07FC 003E02D8 003E0864 003E1BC6 003E4000 003E5200 D4EE33DE
X 1A284 15
X 1A2C6 34
X 1A318 15
S 1A3E6 200 1A530 003E32FE 00000001 003E3D12 003E3D0E 003E32FE 00002704 00000002 00000005 003E32FE 003E4000 0000009A 003E3B2E 00018658 003E3D12 003E5200 4240F85A
X 1A58A 12
X 1A5F0 18
X 1A8C0 166
S 1ACE0 200 1359E 00004A51 00000005 0000001F 0000001C 0000000B 0000000F 00000015 0000000A 003C0062 003C07FC 003E1BC6 003E0F48 003E0864 003E1BC6 003E5200 4FEE1272
X 1ACEC 160
S 1ACF6 200 1B04C 000000CD 000000CD 00019E66 000070CD 000000CD 00000001 0000000C 00000004 86868686 003E0F48 0097FF00 003E0F48 003E4000 003E1968 003E5200 2DB30FA3
X 1AD04 105
X 1AD20 161
S 1AD42 200 1B048 000000CD 000000CD 00019E66 000070CD 000000CD 00000006 00000018 00000006 86868686 003E4000 0097FF00 003E4000 003E4000 003E1968 003E5200 65E1EF51
X 1AD54 155
X 1AD60 104
S 1AD6E 200 1359E 00004A51 0000000D 00000002 00000010 00000007 00000011 0000000E 0000001C 003C0062 003C07FC 003E0864 003E02D8 003E1BC6 003E1968 003E5200 E72B0F8A
X 1AD82 182
S 1AD9A 200 1B048 000000CD 000000CD 00019E66 000070CD 000000CD 00000011 0000000A 00000005 86868686 003E0F48 0097FF00 003E0F48 003E0864 003E02D8 003E5200 50C40932
X 1ADA2 156
X 1ADB0 182
X 1ADCC 149
X 1ADE2 148
X 1ADF8 137
S 1AE0E 200 1359E 00004A51 00000006 00000013 0000001D 00000010 00000007 00000013 0000000C 003C0062 003C07FC 003E1CF6 003E02D8 003E02D8 003E4000 003E5200 89E9ACE9
X 1AE2A 158
X 1AE3C 152
X 1B06E 31
X 1B11C 17
X 1B166 5
X 1B1D2 46
X 1B2B2 69
S 1B306 200 1359E 00004A51 00000018 00000002 0000000C 0000000B 00000004 00000010 00000013 003C0062 003C07FC 003E1CF6 003E4000 003E0F48 003E1BC6 003E5200 F8150538
X 1B42E 139
X 1B4BE 198
X 1B538 30
S 1B612 200 1A5F8 00000100 00000000 00000006 003E3E6E 00480000 0000000C 00000011 00000000 003E3D12 003E4000 003E3706 003E370A 003E36EC 003E1CF6 003E4FB4 50E2C756
S 1E6B2 200 1E73A 00000000 00000000 0000406F 00000000 00000007 00000019 0000000D 00000010 000D3976 00293CBC 003E1968 003E0F48 003E02D8 003E4000 003E5200 4480F7C0
S 1E6DC 200 1E7EC 00000023 00000000 00000020 00000000 00000006 0000000B 00000015 00000005 000D37E5 003E46CC 003E02D8 003E1BC6 003E1BC6 003E0864 003E5200 1CB08010
S 1E720 200 1E7FC 00000000 00000000 00000000 0000001D 00000000 00000005 0000000E 00000005 003E1BD8 003E06DA 003E4000 003E0864 003E02D8 003E4000 003E5200 0467A1EB
S 1E7B8 200 1359E 00004A51 00000003 00000017 00000013 00000008 00000000 00000000 00000007 003C0062 003C07FC 003E02D8 003E02D8 003E02D8 003E0F48 003E5200 7B12D80B
X 1E7E4 22
X 1E8D2 0
done 753
S 00118 3 18E02 00000002 0000001C 00000013 0000000E 00000010 00000007 00000015 00000013 003E0864 003E1CF6 003E1BC6 003E02D8 003E1CF6 003E4000 003E5200 2533E0EA
S 0011E 3 1961A 000000A7 00000005 00000012 00000018 00000011 00000004 00000016 00000003 003E1CF6 003E1BC6 003E1CF6 003E4000 003E02D8 003E02D8 003E5200 51B053DF
S 00124 3 195BA 00000000 000000E6 00000000 00000011 00000018 00000004 00000002 0000000D 003E1BC6 003E02D8 003E1968 003E1968 003E1BC6 003E1CF6 003E5200 248B83BF
S 0012A 3 19476 00000015 000000FB 00000001 0000000A 00000009 0000000F 00000010 00000017 003E41F0 003E1CF6 003E1BC6 003E0F48 003E0864 003E02D8 003E5200 ABF17A69
S 00130 3 18D90 0000000C 00000013 00000004 0000001A 00000007 00000005 0000001E 0000000D 003E02D8 003E3444 003E3400 003E1BC6 003E1968 003E0F48 003E5200 2A1A421A
S 00136 3 18DF0 00000004 0000409C 0000000D 0000000A 00000006 00000014 00000017 00000007 003E1BC6 003E1CF6 003E1BC6 003E4000 003E1968 003E4000 003E5200 372B828B
S 0013C 3 18DBC 00000006 000000C6 00000002 00000014 0000000D 00000001 00000000 00000012 003E1CF6 003E1968 003E1968 003E0F48 003E1CF6 003E02D8 003E5200 ABCC2BC9
S 00142 3 13586 00000004 0000000B 00000010 0000000F 00000013 00000019 00000014 00000001 003E1BC6 003E02D8 003E0F48 003E0864 003E1CF6 003E0F48 003E5200 842722F5
S 00148 3 18E06 00000003 00000022 00000017 00000000 0000001F 0000001E 0000000D 00000009 003E02D8 003E1BC6 003E02D8 003E1968 003E0F48 003E0F48 003E5200 2E8A3F2A
S 0014E 3 18DCA 00000007 000000D3 00000012 0000001D 0000000A 00000012 0000000B 0000001F 003E02D8 003E02D8 003E1968 003E4000 003E0864 003E4000 003E5200 FAE62708
S 00154 3 18A66 0000000A 0000409E 00000012 0000000E 0000000D 00000012 00000004 00000002 000000F2 003E0F48 003E1BC6 003E1968 003E1968 003E1968 003E5200 D86F3823
S 0015A 3 1876E 00000005 0000001B 00000003 0000001C 00000001 0000001B 00000019 00000005 003E1968 003E1CF6 003E3400 003E02D8 003E1BC6 003E02D8 003E5200 90500FA3
S 00160 3 1936C 00000000 0000000B 0000000C 0000001D 00000006 00000017 00000005 0000000F 003E0864 003E4000 003E1968 003E4000 003E1968 003E0F48 003E5200 BB7AD2A5
S 00166 3 193A6 0000001B 00000010 00000003 00000006 00000004 00000008 00000018 00000017 003E3418 003E1BC6 003E0864 003E0864 003E1968 003E0F48 003E5200 28FC22E1
S 0016C 3 193E4 000000DB 00000003 00000008 00000004 0000001B 00000007 0000001D 00000008 003E3404 003E1BC6 003E4000 003E1968 003E1968 003E02D8 003E5200 25582140
S 00172 3 13586 00000015 00000015 00000001 00000000 00000011 0000000F 0000000C 0000000E 003E4000 003E0864 003E1968 003E0F48 003E4000 003E0864 003E5200 047ABC85
S 00178 3 14A3E 0000000D 0000000E 0000002E 0000001E 00000002 0000000A 00000003 00000014 003E4000 003E1968 003E1CF6 003E1CF6 003E1CF6 003E0F48 003E5200 8466E9B9
S 0017E 3 14582 0000000E 00000007 0000000E 00000010 00000001 00000016 0000000D 00000002 003E4000 003E02D8 003E3536 003E1CF6 003E0864 003E0F48 003E5200 8C609ABB
S 00184 3 1477A 00000008 000000DE 00000001 00000002 00000001 0000001E 0000001D 00000009 003E4000 003E0F48 003E1BC6 003E02D8 003E0864 003E4000 003E5200 40AB85B9
S 0018A 3 14864 00000002 00000013 00000013 0000001C 0000001D 00000011 0000001D 0000001F 003E1BC6 003E1BC6 003E1BC6 003E1CF6 003E1CF6 003E1CF6 003E4FE8 CC1E0C6E
S 00190 3 14B92 00000019 00000011 00000020 00000013 00000012 0000000A 0000000A 00000006 003E4000 003E0864 003E1CF6 003E1968 003E4000 003E1968 003E5200 7CA9BF9A
S 00196 3 14C44 0000001D 0000001F 0000000B 00000004 00000004 00000008 00000002 0000000D 003E1BC6 003E1CF6 003E4000 003E0864 003E4000 003E0864 003E4FE8 05881755
S 0019C 3 14D50 00000010 0000001A 00000006 00000013 00000000 0000000F 00000018 00000016 003E1968 003E1968 003E1968 003E02D8 003E1968 003E0F48 003E4FE8 45373270
S 001A2 3 1506C 00000016 00000017 00000018 0000001F 0000000E 0000000B 0000001D 0000000A 003E1CF6 003E1BC6 003E4000 003E1BC6 003E1CF6 003E1968 003E5200 F067D833
S 001A8 3 155A8 00000000 0000000B 000000A8 00000017 00000018 00000013 00000006 00000003 003E1CF6 003E1BC6 003E0F48 003E02D8 003E1BC6 003E4000 003E5200 77CCBDFE
S 001AE 3 13586 0000001E 0000001F 00000002 00000006 0000000A 00000015 00000008 00000000 003E0F48 003E1BC6 003E0864 003E0864 003E1BC6 003E1CF6 003E5200 DDE1F2F2
S 001B4 3 15694 00000001 0000004A 0000001C 00000012 00000006 0000001E 00000012 00000018 003E4000 003E4000 003E02D8 003E02D8 003E4000 003E4000 003E5200 0FCF2322
S 001BA 3 156B4 00000004 00000007 00000003 00000071 00000006 0000000F 00000019 0000000F 003E1CF6 003E0864 003E0864 003E0F48 003E0864 003E0864 003E5200 821DCC86
S 001C0 3 160C0 00000019 0000000D 00000073 00000007 00000015 0000001B 00000014 00000019 003E0864 003E1CF6 003E4000 003E02D8 003E02D8 003E4000 003E5200 191E4D03
S 001CA 3 18E6E 00000019 0000000E 0000001E 00000003 0000000D 00000002 0000001E 00000005 003E1BC6 003E4000 000000AB 003E0F48 000192E6 003E4000 003E5200 18421C98
S 001D0 3 190FE 0000001E 00000014 00000001 00000001 00000013 0000001B 00000017 00000009 003E1BC6 003E0864 000000C6 003E0F48 000192E6 003E1BC6 003E5200 3766F542
S 001D6 3 1903A 00000004 000000C0 00000019 00000009 00000002 00000006 0000001F 0000000D 003E1968 003E4000 003E1CF6 003E0F48 003E02D8 003E1968 003E5200 A417C9F5
S 001DC 3 19018 0000001F 000000F0 0000001E 00000002 00000011 0000001A 0000000D 0000000D 003E4000 003E1BC6 003E1CF6 003E1CF6 003E0864 003E1BC6 003E5200 8A9C0822
S 001E2 3 13586 00000014 0000001E 00000017 00000008 0000000A 00000011 00000018 00000018 003E0F48 003E0F48 003E0F48 003E0864 003E0864 003E02D8 003E5200 38E89DEC
S 001E8 3 193D0 00000064 0000000C 00000019 00000003 00000017 00000004 0000001E 0000001A 00200064 003E4000 003E1CF6 003E4000 003E1CF6 003E0F48 003E5200 F8476147
S 001EE 3 18914 0000001A 00000000 00000016 0000000D 0000000B 00000007 00000012 0000000D 003E4000 003E1BC6 003E1CF6 003E1BC6 003E1CF6 003E1968 003E5200 6E37865B
S 001F4 3 144B0 0000000E 00000001 00000017 0000000E 0000000E 0000001C 00000019 00000015 003E0F48 003E1BC6 003E1CF6 003E1968 003E02D8 003E1968 003E5200 38FA5D90
S 001FA 3 14772 0000001D 0000000F 00000000 00000010 0000001A 0000000B 0000001A 00000011 003E4000 003E1968 003E1BC6 003E1968 003E4000 003E1CF6 003E5200 8F6303D5
S 00200 3 13F6C 00000016 00000006 00000017 00000016 00000012 00000011 0000000F 0000001A 003E02D8 003E1968 003E0F48 003E1BC6 003E1BC6 003E0F48 003E5200 FE764F03
S 00206 3 13FA4 0000000E 00000007 00000019 00000000 00000003 0000000D 0000000A 00000012 003E1BC6 003E1968 003E02D8 003E1CF6 003E4000 003E4000 003E5200 8A72558C
S 0020C 3 14190 00000004 00000007 0000003F 0000001C 0000001C 00000001 00000007 00000000 003E1CF6 003E0864 003E02D8 003E0864 003E0F48 003E0F48 003E5200 BDDBE8FA
S 00212 3 1404E 00000009 0000000F 00000015 0000001F 0000001D 00000012 0000000C 00000012 003E0F48 003E1CF6 003E3448 003E4000 003E02D8 003E4000 003E5200 684298B7
S 00218 3 1410C 00000005 0000000E 00000007 00000011 0000000C 00000006 00000011 0000001D 003E02D8 003E0F48 003E1968 003E0864 003E0864 003E1BC6 003E5200 AC075A27
S 0021E 3 14140 0000001C 00000001 000000BB 00000010 00000012 00000014 0000000E 00000014 003E1BC6 003E0864 003E1CF6 003E1968 003E1BC6 003E1BC6 003E5200 77027E4F
S 00224 3 13586 00000018 00000017 00000002 00000009 0000000B 0000000D 0000000F 00000005 003E0F48 003E02D8 003E1BC6 003E02D8 003E4000 003E1BC6 003E5200 E20E4DEF
S 0022A 3 141DE 00000006 0000000C 00000019 00000006 00000014 0000000C 0000001E 00000009 003E1CF6 003E02D8 003E1968 003E1968 003E1BC6 003E1CF6 003E5200 16E410B3
S 00230 3 1423C 00000011 00000011 00000002 00000004 00000001 0000001F 0000000B 00000012 003E0F48 003E0864 003E02D8 003E02D8 003E1968 003E1CF6 003E5200 DE554764
S 00236 3 1A0D2 00000020 00000012 00000010 00000015 0000001B 00000016 00000003 00000009 003E1BC6 003E1968 003E0F48 003E1CF6 003E0F48 003E0864 003E5200 8E80E9AF
S 0023C 3 19F48 00000016 00000010 00000019 0000000F 00000002 0000000E 00000019 00000009 003E1968 003E02D8 003E370E 000102D8 003E1BC6 003E0F48 003E5200 3E84C9EF
S 00242 3 16852 00000013 00000015 0000001D 0000001E 00000001 00000007 00000004 00000019 003E1BC6 003E0864 003E1BC6 003E1CF6 003E1968 003E0F48 003E5200 14B423AC
S 00248 3 18B7C 00000000 00000046 00000019 00000003 00000011 00000012 00000007 00000014 003E0F48 003E1968 003E0F48 003E1BC6 003E4000 003E4000 003E5200 29A3AF7E
S 0024E 3 18B2E 0000001F 0000000B 00000019 00000013 00000007 0000000F 0000000D 0000000D 003E0864 003E1CF6 003E1CF6 003E4000 003E0864 003E4000 003E4FE8 0A02FBEC
S 00254 3 13586 00000015 0000000E 0000001D 0000000B 00000015 0000000C 0000000A 0000001B 003E0864 003E0F48 003E0F48 003E1968 003E1968 003E02D8 003E5200 8E5220BE
S 0025A 3 190E4 0000001C 00004150 0000001C 00000017 00000001 0000001A 0000000D 00000003 003E1968 003E4000 003E0864 003E1CF6 003E02D8 003E02D8 003E5200 9D21F552
S 00260 3 19092 00000011 00000003 00000009 00000018 0000000E 0000000B 00000006 0000000F 003E1BC6 003E1968 003E1968 003E1968 003E1968 003E1CF6 003E4FE8 9BD7D72A
S 00266 3 190C8 00000019 00000009 00000014 0000001B 00000003 00000016 0000001B 0000001C 003E0F48 003E4000 003E1CF6 003E0864 003E0F48 003E1CF6 003E4FE8 ED1EC6A8
S 0026C 3 183FC 00000001 00000019 0000000D 0000001C 00000005 00000002 00000008 00000005 003E3D8E 003E02D8 003E1CF6 003E1BC6 003E02D8 003E0864 003E5200 4276114B
S 00272 3 15838 00000007 00000053 00000014 00000014 00000003 00000015 00000004 0000001B 003E1968 003E1968 003E02D8 003E0864 003E0864 003E02D8 003E5200 D8CFF59A
S 00278 3 15860 00000008 00000013 00000012 0000000D 00000015 00000013 00000013 00000001 003E1BC6 003E1BC6 003E1968 003E0F48 003E1BC6 003E1CF6 003E5200 C55BA0A2
X 0027E 3
S 00286 3 13586 0000000B 00000007 00000003 0000000A 0000000D 00000016 0000000D 0000000C 003E4000 003E0F48 003E1CF6 003E1968 003E1BC6 003E1CF6 003E5200 8BB2F793
S 0028C 3 1905C 00000002 0000001C 0000001C 00000001 0000001D 0000001E 00000011 0000001E 003E02D8 003E1BC6 003E4000 003E0F48 003E02D8 003E1968 003E4FE8 353FA9FD
S 00292 3 13CE2 00000007 00000013 00000015 00000016 0000000E 00000002 00000007 00000006 003E0864 003E0F48 003E1BC6 003E1BC6 003E0F48 003E4000 003E5200 B2DA4FD2
S 00300 3 0061E 00000004 00000017 00000018 00000000 00000015 00000000 00000019 00000005 003E0F48 003E1968 003E1968 003E1968 003E1CF6 003E4000 003E5200 B34FBB64
S 00306 3 0058C 00000013 0000000A 00000016 0000001F 00000014 00000002 00000017 0000000A 003E1968 003E4000 003E4000 003E0864 003E4000 003E02D8 003E5200 0926D404
S 003EA 3 003F0 00000013 0000001E 0000001E 00000010 0000000B 00000016 0000000D 00000015 003E0864 003E0F48 003E0F48 003E1BC6 003E02D8 003E1968 003E5200 06C28EA0
S 00402 3 00416 0000001C 0000000A 00000009 0000001F 00000007 00000007 00000017 00000000 003E4002 003E1CF6 003E0F48 003E0F48 003E02D8 003E02D8 003E5200 D05D695E
S 00404 3 19C2E 00000000 0000000B 00000008 00000006 00000017 00000017 00000005 00000017 003E1968 003E1968 003E02D8 003E1968 003E4000 003E1CF6 003E5200 A672E2C9
S 0042A 3 05CD2 00000007 00000013 00000056 00000019 0000000B 0000001A 00000005 0000001A 003E0864 003E0F48 003E4000 003E0F48 003E1CF6 003E0864 003E5200 0323ED6D
S 00430 3 00440 55555555 AAAAAAAA FFFFFFFF 0000000C 00000010 0000000A 00000015 00000018 003E02D8 003E4000 003E0864 003E1BC6 003E0F48 003E1CF6 003E5200 72A8491D
S 00438 3 00442 00000001 AAAAAAAA FFFFFFFF 00000000 00000010 0000001B 0000001B 00000006 003E02D8 003E1CF6 003E02D8 003E0864 003E1968 003E0864 003E5200 35F31B74
S 00512 3 0051A 0000000D 0000001A 00000006 00000002 00000004 00000000 00000008 00000007 003E0F48 003E1BC6 003E0864 003E4000 003E4000 003E1968 003E5200 EDEEA715
X 0052A 1
S 00534 3 0053C 00000096 0000000F 00000004 00000016 0000001D 00000003 00000008 00000015 003E4000 003E02D8 003E02D8 003E4000 003E1CF6 003E1BC6 003E5200 11EED8B4
S 00580 3 00594 0000000F 0000000A 00000012 00000016 00000018 00000015 00000011 00000007 003E0864 003E02D8 003E02D8 003E0F48 003E1BC6 003E0864 003E5200 517C3FD7
S 005B4 3 005C0 0000001A 000000C2 0000001F 00000003 0000000D 00000002 0000000F 0000000F 003E4000 003E0836 003E02D8 003E1BC6 003E1CF6 003E0864 003E5200 7E14CE19
X 00618 1
S 00620 3 196AC 00000010 0000001E 0000001D 00000013 00000010 0000001B 0000000F 0000001C 003E1BC6 003E1CF6 003E4000 003E02D8 003E1BC6 003E1968 003E5200 5C79CA8F
S 00626 3 3E3446 00002700 00000010 0000000C 00000019 0000001E 0000001B 0000000C 00000015 003E0864 003E1968 003E0864 003E1CF6 003E1CF6 003E02D8 003E5200 36863D06
X 0062E 0
X 00642 0
X 0064A 2
S 00656 3 196AC 0000000F 00000010 00000017 0000000C 00000015 00000008 00000015 00000011 003E1BC6 003E0864 003E0864 003E4000 003E4000 003E1CF6 003E5200 79882AD9
S 00660 3 00670 003E0DC3 00000017 0000000D 00000014 00000018 00000001 00000016 00000000 003E0844 003E0F48 003E0F48 003E4000 003E1968 003E1968 003E5200 AC74EA15
S 00686 3 00692 00000013 0000001A 0000001D 00000007 00000017 00000003 0000001B 0000001D 003E1AE2 003E1BC6 003E1960 003E0864 003E1CF6 003E4000 003E5200 3CF942FD
S 00778 3 00786 00000003 00000003 00000008 00000017 00000017 0000001E 00000002 00000005 003E4000 003E1AE2 003E1960 003E0864 003E1CF6 003E02D8 003E4FE8 79416531
S 008B4 3 008C0 00000000 00000006 0000000D 0000000A 00000002 0000001A 00000012 00000007 003E1BC6 003E4000 003E1BC6 0020003E 003E0F48 003E02D8 003E4FE8 1386CE21
S 00A20 3 00A2C 0000001C 00000003 00000011 0000000F 00000002 00000010 00000010 0000000E 003E1BC6 003E1968 003E41F6 003E0864 003E1BC6 003E1BC6 003E4FE8 B199D97F
S 00BC2 3 00BCE 00000014 0000001E 00000007 000000F5 00000009 00000004 00000012 00000008 003E0864 003E1CF6 003E1968 003E1968 003E0864 003E0864 003E4FE8 7927AEAF
S 00CAC 3 00CBA 00000015 00000001 00000001 00000005 00000016 00000001 00000010 00000014 003E4000 003E02D8 0000FCCA 003E1BC6 003E1CF6 003E0864 003E4FE8 DCB04A12
S 00D9A 3 13586 0000000E 0000001C 00000014 00000011 00000012 0000001A 00000007 0000000D 003E1968 003E1BC6 003E4000 003E02D8 003E1968 003E1BC6 003E5200 082692A2
S 00DDA 3 00DE8 0000000F 0000000C 000000D5 00000005 00000006 00000017 0000000C 00000007 003E0864 003E0F48 003E0DC4 003E0864 003E4000 003E1968 003E5200 6DC8419E
S 00E4E 3 00E5A 00000017 0000000C 00000003 0000001E 00000062 00000014 0000000A 00000019 003E4000 003E1BC6 003E4000 003E1BC6 003E02D8 003E1BC6 003E4FE8 104B6F5B
S 00FB4 3 00FBE 0000000D 00000000 0000001C 00000000 00000011 00000005 0000001B 00000002 003E1968 003E0F48 003E1968 003E0F48 003E0F48 003E1968 003E5200 C64B5EBA
S 0122C 3 0123A 00000012 00000000 00000019 0000001B 00000019 0000001F 00000008 0000000E 003E1BC6 003E1968 003E1CF6 003E0864 003E1BC6 003E4000 003E4FE8 A44D9392
S 012CA 3 012D6 0000001E 00000001 00000015 00000019 00000017 00000029 0000000C 00000003 003E02D8 003E1BC6 003E4000 003E1CF6 003E1CF6 003E4000 003E4FE8 D7462BC1
S 013B2 3 013BE 0000000F 0000000E 00000003 0000003E 00000018 00000008 0000001D 00000019 003E4000 003E02D8 003E1BC6 003E0F48 003E1CF6 003E1BC6 003E4FE8 32971BBF
S 0149A 3 014A4 00000000 00000000 00000000 0000000F 00000007 00000004 00000000 00000005 000000FB 003E1CF6 003E1BC6 003E02D8 003E0F48 003E1BC6 003E5200 B489E6E2
S 014DC 3 13586 0000001C 00000011 00000009 00000001 00000015 0000000E 0000000A 00000001 003E1CF6 003E0F48 003E1CF6 003E1CF6 003E1CF6 003E0F48 003E5200 7F329960
S 01512 3 0151E 0000000C 00000000 0000000F 00000000 00004000 00000016 00000001 00000011 003E4000 003E0864 003E02D8 003E0F48 003E1968 003E0864 003E5200 0BEF8184
X 0156C 2
X 01578 2
X 01584 3
X 01592 3
S 015A0 3 01596 00009FFF 00000000 00000010 00000004 00000005 00000004 00000000 0000001B 003E1CF6 003E0F48 003E4000 003E1968 003E1BC6 003E4000 003E5200 05A15D68
X 015B4 1
S 015BE 3 13586 00000007 00000006 0000001D 00000009 0000001F 0000001C 00000012 0000001C 003E1CF6 003E02D8 003E0F48 003E1968 003E1BC6 003E1BC6 003E5200 3BA343F4
S 015D6 3 015E0 00000015 00000003 00006BFF 0000001A 00000010 0000001C 0000001C 00000005 003E4000 003E0864 003E1968 003E0864 003E0864 003E1CF6 003E5200 02D5DDDC
S 015FE 3 0160C 00000016 0000000C 00000000 00000008 00000003 003E0DD2 0000000B 00000005 003E1CF6 003E0864 003E4000 003E1CF6 003E0F48 003E1BC6 003E4FE8 BDDDAF3E
S 01836 3 01B46 00000004 00000016 FFFFFFFF 0000001C 0000001D 00000010 00000004 0000000C 003E0864 003E0864 003E4000 003E0864 003E02D8 003E0864 003E5200 03FB3722
S 018A6 3 018B4 00009C00 00000000 00000004 0000001D 00000018 00000019 00000019 0000000B 003E1BC6 003E1968 003E0F48 003E0F48 003E0864 003E1968 003E5200 58304E18
S 018FA 3 01908 00000018 0000000C 00000000 00000009 00000005 00000016 00000011 0000001F 003E1CF6 003E0F48 003E4000 003E1968 003E1BC6 003E0864 003E4FE8 54DA9F01
S 01980 3 0198A 000000FE 0000000C 00000003 00000003 00000007 00000016 00000018 0000001D 003E4000 003E1CF6 003E1BC6 003E0F48 003E1CF6 003E0864 003E5200 170C5F68
S 019D8 3 019E4 00000008 00000018 00000016 00000013 0000000D 0000000D 00000001 00000013 00018764 000000FE 003E02D8 003E1CF6 003E1CF6 003E02D8 003E5200 0C84C727
S 019EE 3 13586 00000011 00000009 00000014 0000000E 00000000 0000000C 00000001 00000000 003E4000 003E1BC6 003E1BC6 003E4000 003E02D8 003E0F48 003E5200 064746D5
S 01A70 3 01A7C 00000001 00000003 00000003 00000000 0000001B 00000009 0000001F 00000006 003E1968 003E1BC6 003E4000 003E02D8 003E0864 003E02D8 003E5200 913B03A2
S 01AEA 3 01AF6 00000015 0000000D 00000008 0000030C 00000005 00000002 0000000E 0000001A 003E1CF6 003E0864 003E4000 003E02D8 003E02D8 003E1BC6 003E5200 1B7918F9
S 01B46 3 01B54 0000001B 0000001A 00000000 00000005 00000011 00000001 00000008 00000012 003E0864 003E0864 0000EF58 003E0F48 003E4000 003E02D8 003E5200 BC270687
S 01B96 3 01BA2 0000000E 0000001D 00000010 003E1968 00000000 00000004 00000007 00000004 003E02D8 003E1BC6 003E1968 003E02D8 003E0864 003E1CF6 003E5200 961386B1
S 01C34 3 01C40 00000017 00000019 00000003 00000000 00000001 00000014 00000002 00000012 003E1BC6 003E1BC6 003E1968 003E1968 003E0864 003E4000 003E5200 FFE4DD35
S 01C66 3 01C74 00000002 00000003 0000000E 00000005 00000009 00000000 00000000 0000000D 003E1968 003E0864 003E02D8 003E1954 003E4000 003E02D8 003E4FE8 65D2DCE2
S 01E74 3 01E82 00000007 00000003 00000017 00000070 003E1954 0000001D 00000011 00000016 003E0864 003E02D8 003E02D8 003E4000 003E4000 003E1968 003E5200 527E87F3
S 01F3A 3 13586 0000001F 00000006 0000000E 00000007 00000018 0000000C 0000000E 0000000D 003E02D8 003E1968 003E4000 003E1BC6 003E02D8 003E02D8 003E5200 5BE2B021
S 01F60 3 01F6A 00000019 00000015 0000001D 0000001F 0000001E 0000000C 00000015 00000019 000000E4 003E02D8 003E1968 003E02D8 003E0F48 003E0864 003E5200 25781BFB
X 01F70 3
S 01F82 3 01F8E 00000007 000042EF 00000000 00000012 00000003 00000006 0000001E 00000016 003E4000 003E0F48 000000E9 003E0864 003E02D8 003E4000 003E5200 B87C53F6
S 01FD6 3 01FE0 00000010 00000010 00000018 0000000A 00000000 0000001F 0000000C 00000000 003E0864 003E1BC6 003E0F48 003E02D8 003E0864 003E1BC6 003E5200 1E706C81
S 0200A 3 02016 00000006 00000015 00000006 0000001E 000000EF 0000000F 0000001B 00000007 003E1968 003E02D8 003E0F48 003E1BC6 003E1BC6 003E4000 003E4FE8 DF63CB05
S 0219A 3 021A6 00000017 00000006 0000000E 00000004 0000001D 0000001C 0000000F 0000000B 003E1968 003E0864 003E0DE0 003E0F48 003E1968 003E1968 003E5200 4F01BED3
S 0220C 3 02216 000000F7 0000422C 0000000B 00000017 0000001F 0000001B 00000009 00000013 003E1968 003E02D8 003E0864 003E1968 003E1968 003E1BC6 003E5200 C26C6B0E
S 02248 3 13586 00000001 00000007 00000018 00000002 0000001B 00000007 00000011 00000008 003E0F48 003E0F48 003E4000 003E1BC6 003E1968 003E0864 003E5200 0CB7A370
S 022BA 3 022C6 0000001B 00000005 00000015 00000003 00000000 00000015 00000018 00000006 003E4000 003E1CF6 003E1BC6 003E1968 003E1BC6 003E1BC6 003E5200 9B852925
S 02300 3 0230E 0000000E 00200004 00000019 0000001D 00000016 00000000 00000007 00000006 003C0000 003E02D8 003E0864 003E1CF6 003E02D8 003E02D8 003E5200 E37A8BF7
S 02338 3 02344 0000001A 0000000E 00000011 0000001C 00000041 00000011 00000008 00000015 003E02D8 003E02D8 003E1BC6 003E1CF6 003E0864 003E0F48 003E4FE8 3ED94DBA
S 0255C 3 02566 00000015 0000000B 00000000 00000001 00000015 00000009 00000011 00000019 003E02D8 00000088 003E1CF6 003E4000 003E1BC6 003E0864 003E5200 E94A8A18
S 025F4 3 02602 0000000F 00000014 0000001C 00000009 0000001F 00000008 00000001 00000004 003E1CF6 003E02D8 00000058 00011EFE 003E02D8 003E02D8 003E5200 4EFDD0CD
S 02698 3 026A4 0000001D 00000001 00000016 0000003E 00000004 00000000 0000001F 00000011 003E1CF6 003E1CF6 003E1968 003E4000 003E02D8 003E02D8 003E5200 D9ED64FC
S 0272E 3 0273A 0000000C 0000000B 00000002 0000003E 0000001A 0000001B 00000018 0000000C 003E4000 003E1968 003E02D8 003E0F48 003E1968 003E02D8 003E5200 47DFD649
S 027C2 3 13586 0000001E 00000004 00000014 0000000F 00000013 00000018 00000012 00000017 003E02D8 003E1968 003E4000 003E1BC6 003E1968 003E1BC6 003E5200 A67CD838
S 02988 3 11BDA 00000000 00000010 00000004 0000000B 00000019 0000001D 00000018 00000009 003E0864 003E02D8 003E1CF6 003E1968 003E4000 003E0864 003E5200 90E818D5
S 02A5C 3 02A6A 0000000B 0000001E 0002065A 00000012 00000008 00000015 00000010 00000012 003E0864 003E1CF6 003E0F48 003E1968 003E0864 003E4000 003E5200 7B5B375C
S 02AAE 3 11BD8 00000000 00000018 0000001A 0000000B 00000006 00000001 00000007 00000014 003E1968 003E0864 003E1CF6 003E02D8 003E1CF6 003E1BC6 003E5200 FC68B703
S 02B74 3 02B80 0002064A 00000005 0000001A 00000016 00000013 00000008 00000008 00000013 003E4000 003E0F48 003E1CF6 003E1BC6 003E1968 003E1BC6 003E5200 151645C0
S 02B88 3 02B96 00000010 00000009 0000000B 00000000 00000010 0000001E 0000000C 00000007 003E4000 003E02D8 00011EFE 003E1CF6 003E4000 003E0F48 003E5200 DF8B6DB5
S 02C5C 3 02C6C 0000003C 00000003 0000000E 00000015 00000012 00000004 00000013 00000013 003E02D8 003E1968 003E0864 003E0F48 003E02D8 003E02D8 003E5200 BDFEF7DF
S 02C86 3 02C94 0000000E 0000000E 00000012 0000001E 0000001A 00000014 00000012 00000013 003E0864 003E4000 00011EFE 003E1BC6 003E0F48 003E4000 003E5200 475909AD
S 02D78 3 13586 00000019 0000001B 00000003 0000001D 00000007 0000001A 0000001A 0000000F 003E1CF6 003E0864 003E0864 003E0864 003E1968 003E1CF6 003E5200 FC430994
S 02E28 3 11BD8 00000000 0000000F 00000000 00000002 0000000A 00000001 0000000E 0000001D 003E0F48 003E4000 003E1CF6 003E0864 003E1968 003E0F48 003E5200 D5C2AF76
S 02EB8 3 11BD8 00000000 00000012 0000000D 00000014 0000001C 00000015 0000000A 00000004 003E1968 003E1968 003E0F48 003E1BC6 003E0864 003E1BC6 003E5200 7ABB6548
S 02F18 3 02F24 00000007 00000017 00000000 00000002 0000000A 0000000A 00000004 0000000B 003E02D8 003E0F48 00000014 00011BC6 003E02D8 003E0864 003E5200 C9A86E6E
S 02FB6 3 02FC2 00000003 00000005 00000000 00000019 0000001F 00000004 00000003 00000018 003E0F48 003E1CF6 00000044 003E1BC6 0000272E 003E1968 003E5200 135D350C
S 03194 3 11BEE 00000000 0000001C 00000005 00000019 0000001F 00000008 00000003 00000015 003E1968 003E02D8 003E0864 003E0864 003E1968 003E1BC6 003E5200 C1D0E394
S 031BA 3 031C4 0000001E 00000019 0000003E 0000001C 00000005 0000001A 00000003 00000013 003E0864 003E02D8 003E0F48 003E0F48 003E1CF6 003E1CF6 003E5200 A680E6DA
S 03242 3 03354 0000001F 0000001F 00000012 00000001 0000001E 00000015 0000001F 0000000D 003E4000 003E1968 003E0F48 003E0864 003E0864 003E1CF6 003E5200 90FEBC89
S 03354 3 13586 00000000 0000000F 00000005 00000006 0000001B 00000006 00000019 0000000C 003E0864 003E1BC6 003E02D8 003E0864 003E0F48 003E1BC6 003E5200 43C2986A
S 033F4 3 11BD8 00000000 00000003 00000015 00000012 00000010 0000001A 00000008 0000000E 003E1968 003E0864 003E0F48 003E1968 003E4000 003E1CF6 003E5200 751E3A21
S 034B2 3 11BD8 00000000 00000006 0000000C 00000013 00000015 0000001F 00000010 00000006 003E0864 003E02D8 003E1968 003E1BC6 003E1CF6 003E02D8 003E5200 F1BEA601
S 0357A 3 03586 00000009 00000002 00000002 00000009 0000001F 0000001B 00000017 00000017 003E0864 003E1CF6 003E4256 003E1968 003E1CF6 003E1CF6 003E4FE8 89D28D89
S 035EE 3 035FA 00000004 00000012 003E4223 00000030 0000001B 00000002 0000001A 00000016 003E1CF6 003E0864 003E0F48 003E1968 003E1CF6 003E0F48 003E5200 42E8455B
S 0362A 3 03636 0000001B 0000000C 003E402B 0000005A 0000001B 0000000C 0000000D 0000000B 003E0864 003E02D8 003E02D8 003E1BC6 003E0864 003E1CF6 003E5200 A8BBDD9A
S 03666 3 03672 00000014 00000000 003E41B5 00000016 00000017 00000009 0000000B 00000004 003E4000 003E1BC6 003E1CF6 003E0F48 003E1CF6 003E1BC6 003E5200 847A0759
S 036A2 3 036AE 0000001E 00000003 0000001B 00000014 00000010 0000001D 00000018 00000003 003E02D8 003E0F48 00000019 003E1CF6 003E1968 003E1BC6 003E4FE8 CAFD9577
S 03726 3 13586 0000000D 00000000 00000005 0000000B 0000000E 00000003 00000006 00000000 003E4000 003E0F48 003E0F48 003E0F48 003E1968 003E1CF6 003E5200 12758476
S 03728 3 0472A 00000009 00000000 000000CA 00000001 0000000C 00000009 0000000A 00000008 003E1BC6 003E1CF6 003E1CF6 003E1968 003E02D8 003E0864 003E5200 BBB46EDD
S 037D2 3 12078 0000001D 00000019 00000004 00000013 0000001A 00000011 00000007 00000015 003E0F48 003E1BC6 003E1BC6 003E1CF6 003E1968 003E02D8 003E5200 907DA488
S 037E8 3 037F4 00000009 0000000F 00000011 00000016 00000017 00000004 0000001C 0000000E 003E1BC6 003E0F48 003E1BC6 003E1968 003E1BC6 003E4000 003E5200 3A084F03
S 03802 3 03812 0000001A 00000018 00000017 00000017 00000013 00000008 0000001E 0000000B 00010040 003E4000 003E0DE8 003E0F48 003E1CF6 003E1CF6 003E5200 6D696F93
S 038B0 3 038BC 00000001 0000001E 00000008 00000009 00000011 0000001B 00000006 00000009 003E0864 003E1BC6 003E0864 00000093 003E1968 003E1BC6 003E4FE8 BF3D37C3
S 03A08 3 03A14 0000000E 0000001F 00000001 00000019 0000001B 0000000D 00000013 0000000E 003E0F48 003E0F48 003E02D8 003E4000 003E0864 003E1CF6 003E5200 E40A3804
S 03A4A 3 03B3C 0000001D 0000001D 0000000B 00000012 00000000 00000000 0000000D 00000002 003E02D8 003E02D8 003E0F48 003E02D8 003E1968 003E02D8 003E5200 407B3F47
S 03BA4 3 13586 00000014 00000019 00000018 00000004 00000015 00000001 0000000B 0000000D 003E1CF6 003E02D8 003E4000 003E1BC6 003E1968 003E1CF6 003E5200 6BA9B424
S 03C00 3 03DEC 00000009 0000001B 00000012 00000003 00000011 00000010 00000010 00000018 003E0864 003E02D8 003E0F48 003E1BC6 003E02D8 003E1CF6 003E5200 4F97BC7F
S 03CEE 3 11BD8 00000000 0000000C 0000000D 0000001C 0000000D 00000002 00000010 0000001C 003E1BC6 003E0864 003E4000 003E4000 003E1BC6 003E1968 003E5200 8AAF134E
S 03DA0 3 03DAC 0000001E 000000BE 0000000E 00000007 00000017 00000014 0000001F 00000012 003E1CF6 000000FE 003E02D8 003E0F48 003E1968 003E4000 003E5200 F664A777
S 03DE8 3 03DF4 00000017 000000ED 00000018 00000019 00000005 00000015 00000005 0000000E 003E1CF6 000000B0 003E02D8 003E4000 003E1BC6 003E02D8 003E5200 C4827365
S 03E26 3 03E30 0000000F 0000000F 00000001 0000000C 00000012 00000007 00000002 00000004 003E0DFE 003E1CF6 003E1CF6 003E0864 003E0F48 003E02D8 003E5200 1B5B4885
S 03E3E 3 03E48 00000000 00000008 00000009 00000008 00000001 00000005 00000014 00000007 003E1BC6 003E4000 003E1968 003E1968 003E02D8 003E02D8 003E5200 23A9E405
S 03E84 3 03E92 0000000B 00000001 0000001D 00000006 0000001D 00000002 00000000 00000014 003E02D8 003E1BC6 000000EC 00011EFE 003E02D8 003E4000 003E5200 D6816AE5
S 03F10 3 13586 0000000F 00000012 00000019 00000009 00000010 0000001F 00000018 00000011 003E1CF6 003E1CF6 003E1BC6 003E02D8 003E1BC6 003E0F48 003E5200 84648FBA
X 03F1A 1
S 03F22 3 03F30 00000013 00000058 00000012 00000000 00000011 0000000B 00000003 00000004 003E1BC6 003E1BC6 003E0DF6 003E0864 003E1BC6 003E4000 003E5200 189B95E0
S 03F94 3 03FA0 00000015 00000008 00000003 00000008 00000014 00000009 00000012 0000001B 000000B3 003E0864 000000AF 003E02D8 003E4000 003E4000 003E4FE8 F716A3B0
S 0404A 3 04054 00000000 00004228 000000D8 00000017 0000000D 00000003 00000019 00000005 003E1CF6 003E02D8 003E1968 003E1CF6 003E4000 003E02D8 003E5200 7A7F7718
S 0408E 3 11BEE 00000000 0000000B 00000012 0000000B 00000012 00000015 00000018 0000001D 003E0F48 003E0864 003E1BC6 003E1968 003E0F48 003E1CF6 003E5200 675EDA0F
S 040D2 3 040DE 00000019 00000007 0000003E 00000016 0000000E 00000013 00000006 00000008 003E1CF6 003E1968 003E02D8 003E4000 003E0864 003E1BC6 003E4FE8 CFD4AB95
S 041BE 3 041CA 00000007 00000005 0000000C 00000016 00000074 00000008 00000012 00000013 003E02D8 003E02D8 003E1CF6 003E1968 003E0F48 003E0864 003E4FE8 CAA7FF74
S 0427E 3 13586 00000003 00000015 0000001F 00000000 00000007 00000010 00000007 0000000B 003E1968 003E02D8 003E0F48 003E1BC6 003E1968 003E0864 003E5200 6BEE9C21
S 04332 3 11BEE 00000000 0000001A 0000000A 0000000E 00000006 0000000F 0000001C 0000000E 003E0864 003E0864 003E1968 003E1968 003E02D8 003E1968 003E5200 3BCF384D
S 0435A 3 04364 00000000 00000017 00000011 0000001C 0000000C 00000016 00000017 00000015 003E4000 003E02D8 003E1CF6 003E02D8 003E0F48 003E0F48 003E5200 4F44398E
S 043C2 3 043CE 0000000D 00000004 0000001E 000000CF 0000000A 00000007 0000000E 00000002 003E1BC6 003E02D8 003E0864 003E02D8 003E4000 003E02D8 003E4FE8 ED70DF57
S 0441C 3 04428 00000014 00000005 00000016 00000012 00000017 00000003 00000001 00000005 003E4000 0000008A 0000004E 003E0864 003E02D8 003E0864 003E4FE8 1BF3D8EB
S 044A2 3 044AC 00000082 0000000B 00000082 00000018 00000013 0000000F 0000000C 00000007 003E1968 003E4000 003E0864 003E1968 003E02D8 003E4000 003E4FE8 1FCAE20B
S 0450C 3 04516 003E426D 00000009 0000000B 0000000B 0000000F 0000000E 00000018 0000001F 003E1968 003E4000 003E0F48 003E02D8 003E4000 003E1BC6 003E5200 111E8191
S 0452E 3 04538 003E4367 000000B4 0000001B 0000000E 00000009 0000001A 0000001E 00000019 003E0864 003E1968 003E4000 003E1CF6 003E02D8 003E4000 003E5200 C9063B30
S 04552 3 13586 00000017 0000000B 00000019 0000000F 0000000A 00000005 00000012 00000002 003E1BC6 003E0F48 003E0F48 003E02D8 003E4000 003E1CF6 003E5200 E0F33B28
S 045CA 3 0452E 0000000A 0000000C 0000001A 00000013 00000006 00000004 00000011 00000006 003E02D8 003E02D8 003E0864 003E0F48 003E0864 003E1968 003E5200 97EA5C6F
S 045FA 3 04604 0000001A 0000001C 0000001A 00000000 00000010 0000000E 00000013 0000001D 003E02D8 003E02D8 0000450C 003E0864 003E0F48 003E0864 003E5200 31EB646C
S 0463C 3 04646 00000002 00000004 0000000A 0000000A 0000000C 00000010 0000000D 00000006 003E02D8 003E4000 0000450C 003E4000 003E0F48 003E1BC6 003E5200 274B02B0
S 0469E 3 0450C 00000012 00000001 00000014 0000000B 0000001A 00000019 0000000C 0000000E 003E02D8 003E1BC6 003E1968 003E02D8 003E0864 003E0F48 003E5200 59BB204A
S 046B0 3 0450C 00000016 0000000F 0000000B 0000000D 00000004 0000001F 00000019 0000000B 003E1BC6 003E1968 003E4000 003E4000 003E1CF6 003E02D8 003E5200 3D8AD3D8
S 046C2 3 046CE 00000017 0000000B 0000001D 0000001A 00000006 00000003 0000000F 0000001A 003E1968 003E4000 003E02D8 003E4000 003E1968 003E1CF6 003E5200 E516F45C
S 046E0 3 046EA 0000000E 00000011 0000001B 00000015 0000000B 00000018 00000002 0000001F 003E0864 003E1BC6 0000450C 003E1968 003E1968 003E1CF6 003E5200 7AF948E4
S 0472A 3 13586 0000000E 0000000C 00000000 0000001B 00000004 0000000A 0000001E 00000007 003E1968 003E0864 003E0F48 003E4000 003E0F48 003E0F48 003E5200 D5726CF6
S 04760 3 04768 0000000E 00000010 000000CE 00000008 00000016 0000000D 0000000E 00000018 00000F48 003E1968 003E0F48 003E1BC6 003E0F48 003E1BC6 003E5200 70610228
S 047C6 3 047CE 00000005 00000013 00000006 0000000A 00000000 00000000 0000001C 00000011 003E4000 003E02D8 003E1CF6 003E1BC6 003E1BC6 003E02D8 003E5200 D0EA8EA7
S 0482E 3 0483A 0000001A 00000000 00000000 00000007 00000015 0000001E 00000009 0000001F 003E1CF6 003E1CF6 003E1CF6 003E1968 003E1968 003E1BC6 003E5200 2601CD3D
S 04880 3 0489E 00000005 0000001F 00000002 00000008 00000017 00000002 00000014 00000012 003E4000 003E02D8 003E0864 003E02D8 003E02D8 003E0864 003E5200 5316A07C
S 048AE 3 048BA 00000009 0000001E 00000003 00000007 00000013 00000012 00000003 00000007 003E1BC6 003E1968 0000450C 0000452E 003E02D8 003E0F48 003E5200 AEAB0A24
S 04A6A 3 04A72 0000001C 00000019 00000004 0000000D 00000003 0000001C 0000000E 00000000 003E02D8 003E1CF6 003E1968 003E02D8 003E1BC6 003E1CF6 003E5200 F2C723B5
S 04AB8 3 0450C 00000012 0000000C 00000000 00000015 00000018 00000014 00000007 00000013 003E1968 003E1CF6 003E1BC6 003E02D8 003E0864 003E1BC6 003E5200 10D3F269
S 04B0A 3 13586 0000001E 0000000F 0000000A 00000004 00000004 00000001 0000001F 0000000E 003E0864 003E0864 003E0F48 003E1CF6 003E1968 003E02D8 003E5200 0F7AC98A
S 04BFA 3 04C06 0000000E 0000000C 00000018 00000016 00000010 00000019 00000012 00000005 003E1CF6 003E0F48 0000C724 003E1BC6 003E0F48 003E02D8 003E5200 5036D426
S 04C80 3 04C8C 00000014 0000001D 00000019 0000001F 0000001B 0000000C 00000002 0000001D 003E1968 003E1CF6 0000C832 003E1968 003E0F48 003E1BC6 003E5200 70647CA2
S 04D44 3 04D50 0000000F 00000001 0000000E 00000004 00000010 00000000 00000006 00000019 003E1968 003E1968 003E1CF6 003E0F48 003E1CF6 003E4000 003E5200 D3ACAD75
S 04D6C 3 04D74 00000009 00000006 00000004 00000009 0000000D 0000001B 0000001E 0000000C 003E1CF6 003E1968 003E1BC6 003E0F48 003E02D8 003E0864 003E5200 E2177C19
S 04D90 3 04D98 000000F9 000000F4 0000000A 00000012 00000003 00000019 0000000D 00000018 003E1968 003E0F48 003E0864 003E1BC6 003E1BC6 003E0864 003E5200 F26E5D2B
S 04DD2 3 04DDA 0000000D 0000000D 00000001 00000003 00000004 0000000D 0000001A 00000016 003E0F48 003E4000 003E1BC6 003E4000 003E02D8 003E0F48 003E5200 54D6BC0A
S 04E20 3 04E2C 00000000 00000000 00000002 00000008 00000015 00000006 0000000B 0000000A 003E1CF6 003E1968 003E4000 003E1968 003E0864 003E4000 003E5200 A6D1770B
S 04E82 3 13586 00000003 00000002 00000002 00000012 0000000A 0000000C 0000001C 00000001 003E0F48 003E0F48 003E1CF6 003E1BC6 003E1968 003E4000 003E5200 3E9E2BF3
S 04F8C 3 04F96 0000000F 00000006 0000000F 00000007 0000000A 00000012 00000003 0000001F 003E4285 0000002B 003E1968 003E1968 003E1CF6 003E02D8 003E5200 B14D5CAD
S 04F9E 3 04FA8 00000001 00000016 0000001D 0000000F 0000001C 00000003 00000015 00000003 003E1968 003E4000 0000C95E 003E1CF6 003E1968 003E02D8 003E5200 DFAC4CD5
S 04FEA 3 04FF6 0000000C 00000008 00000015 00000019 00000018 00000011 00000013 00000000 003E4000 003E1CF6 0000FDE2 003E02D8 003E1CF6 003E1968 003E5200 54BDA0CC
S 05000 3 04514 0000004C 003E6000 0000001C 00000014 00000010 0000001F 00000005 0000000B 003E4000 003E1968 003E0F48 003E0864 003E0F48 003E1CF6 003E5200 268FED19
S 05020 3 0502A 00000003 0000001D 00000009 0000001F 00000003 00000000 00000013 0000001C 003E02D8 003E4000 0000FDC2 003E1BC6 003E02D8 003E0F48 003E5200 7B385C82
S 05056 3 05060 000000E0 000000E0 0000000F 00000009 0000000F 00000016 0000001D 0000000B 003E4000 003E4000 003E1BC6 003E0864 003E0864 003E1CF6 003E5200 AEE57B81
S 050C6 3 050D0 00000014 00000009 000000EF 00000006 00000004 0000001C 00000017 00000017 003E4000 003E02D8 003E0864 003E1BC6 003E1BC6 003E02D8 003E5200 C520E727
S 0512A 3 13586 0000000B 0000001F 00000006 00000010 00000004 00000008 00000007 00000009 003E02D8 003E0864 003E0864 003E0F48 003E0864 003E02D8 003E5200 CD009B0B
S 05168 3 05174 00000017 0000000E 00000006 00000003 0000000B 00000000 00000011 00000004 003E1AE2 003E02D8 00000000 003E1BC6 003E1CF6 003E0F48 003E5200 A77986A6
S 05192 3 051A2 0000001A 0000001E 00000019 0000000F 00000015 00000012 00000006 0000000A 003E1AE2 0000F2FA 003E1960 003E0864 003E1968 003E1CF6 003E5200 9CAC7009
S 0522E 3 0523A 00000019 00000001 0000000C 0000000C 00000000 00000004 00000004 00000012 003E1AE2 003E1CF6 003E1BC6 003E1960 003E0F48 003E0864 003E5200 CE41568F
S 05280 3 0528E 0000000B 00000001 0000001D 0000001B 00000006 00000005 0000000B 00000003 003E1AE2 003E1960 003E1968 003E4000 003E1BC6 003E0F48 003E5200 2CA42B08
S 052E2 3 052EE 00000018 00000006 00000008 00000005 00000013 00000018 0000000D 00000007 003E1AE2 003E0864 003E0864 003E4000 003E02D8 003E0864 003E4FE8 F622B371
S 05346 3 05352 00000006 0000000F 00000019 00000002 0000000F 00000015 0000000E 00000016 003E4000 003E0F48 000000D7 003E02D8 003E02D8 003E02D8 003E4FE8 0061B73E
S 053A6 3 053B0 00000002 00000014 00000006 FFFFFFF0 000000DC 00000017 00000018 00000019 003E1BC6 003E0F48 003E02D8 003E4000 003E1CF6 003E1BC6 003E5200 445A8A02
S 053F8 3 13586 00000004 0000001B 00000001 00000010 0000000F 00000001 00000001 00000013 003E02D8 003E1BC6 003E1968 003E02D8 003E02D8 003E02D8 003E5200 310EE6B1
S 0545A 3 05468 00000000 0000000B 00000000 0000001D 00000006 00000011 0000000D 0000001F 003E0328 003E1968 003E1CF6 003E1BC6 003E0F48 003E4000 003E5200 7289CF6A
X 05474 3
S 05488 3 050C6 00000014 0000000B 0000001B 00000018 00000000 00000010 0000001B 0000000E 003E1BC6 003E4000 003E4000 003E0864 003E0F48 003E02D8 003E5200 10334A4F
S 054A8 3 054B0 0000001D 00000015 0000001E 00000019 00000008 00000016 00000014 0000000D 003E02D8 003E1CF6 003E1BC6 003E0864 003E0F48 003E1968 003E5200 2DC8F880
S 0551C 3 0552A 0000000F 0000000E 00000018 00000002 0000001E 0000001A 0000001E 00000019 003E0864 00000094 000090E6 003E0F48 003E0F48 003E1968 003E5200 FCC5D00C
S 05622 3 0562E 0000001E 00000014 0000000D 0000000E 0000000F 0000006B 00000000 00000018 003E4000 003E0F48 003E1968 003E1968 003E0864 003E0864 003E4FE8 69C4F42C
S 056F4 3 05700 00000017 0000001A 0000000A 00000008 0000001B 0000000E 00000019 00000010 003E0864 003E1CF6 003E0864 003E0F48 003E0864 003E0864 003E4FE8 F4482ADC
S 05818 3 13586 0000000F 00000002 00000016 00000014 00000016 0000001E 0000001B 00000006 003E1CF6 003E0864 003E1968 003E1CF6 003E0F48 003E1CF6 003E5200 306E43A4
S 05892 3 0589E 0000400E 000000AF 00000006 0000000A 0000000E 00000016 0000000C 00000005 003E1968 003E0F48 003E0F48 003E1968 003E4000 003E02D8 003E5200 BC57DC72
S 058E6 3 058EE 00000001 0000000D 0000000F 0000000C 0000000F 0000001A 00000009 00000004 003E1BC6 003E1BC6 003E1CF6 003E02D8 003E02D8 003E1CF6 003E5200 6ACB4747
S 05908 3 05910 00000018 00000005 000000F1 0000000B 00000006 0000001E 00000011 00000012 003E1968 003E4000 003E0864 003E1968 003E0F48 003E0864 003E5200 4A3B5E92
S 0592A 3 05938 0000000A 0000000D 00000016 0000001E 00000013 00000000 00000003 00000011 0000009C 003E1BC6 003E0864 003E0864 003E1BC6 003E02D8 003E5200 1211B9B9
S 05948 3 05952 00000001 0000001C 00000017 00000003 0000001A 0000001D 00000015 00000001 003E1968 003E1BC6 00000074 003E1BC6 003E0F48 003E1CF6 003E5200 C6A1CC31
S 059EE 3 059FA 00000002 00004340 00000093 0000000E 0000000A 00000005 00000010 00000015 003E1BC6 003E0F48 003E1CF6 003E1BC6 003E02D8 003E0F48 003E5200 C69E9DCC
S 05AB0 3 05ABC 0000001F 00000018 000000E6 00000011 00000013 00000011 00000009 00000013 003E1CF6 003E4000 003E1CF6 003E0F48 003E429E 003E0F48 003E5200 D1ADE367
S 05AFC 3 13586 00000008 00000011 00000010 0000001C 00000001 0000000F 00000017 0000000C 003E1968 003E1968 003E1BC6 003E1CF6 003E1CF6 003E0F48 003E5200 4F25D8EF
S 05B16 3 05B20 0000001D 00000007 00000016 0000000D 0000000F 00000012 0000001C 0000000D 0000000F 003E1968 003E4000 003E1CF6 003E1968 003E02D8 003E5200 73226C60
S 05B40 3 05B4C 0000000B 0000000C 00000011 0000424B 00000006 00000010 0000001D 00000004 003E1968 003E02D8 00000098 003E02D8 003E1CF6 003E1CF6 003E5200 2EE671BB
S 05C60 3 0064A 00000004 00000012 0000000C 00000007 00000008 00000005 00000008 00000001 003E1CF6 003E02D8 00000085 003E02D8 003E0864 003E02D8 003E5200 E497563E
S 05C80 3 05C8C 00000007 00000006 00000010 00000045 00000000 0000001A 00000017 00000001 003E1968 003E0864 003E02D8 003E1968 003E02D8 003E02D8 003E5200 C97BDAB2
S 05CB0 3 05CBC 0000407C 00000001 00000008 00000014 00000017 00000010 00000001 00000012 00000050 003E0864 003E1968 003E02D8 003E1968 003E0864 003E5200 77712DE2
S 05CCE 3 0064A 00000007 0000001F 00000056 00000008 00000011 00000007 00000007 0000000C 003E1BC6 003E4000 003E1968 003E1968 003E02D8 003E1968 003E5200 000B2984
S 05D8C 3 05D94 00000001 00000019 0000001D 0000000E 0000000D 00000018 0000001E 0000000C 003E02D8 003E0F48 003E0F48 003E0864 003E1CF6 003E4000 003E5200 66D22313
S 05DEA 3 13586 00000018 00000015 00000009 00000007 00000018 00000010 0000001D 00000014 003E02D8 003E4000 003E4000 003E1CF6 003E1968 003E0F48 003E5200 48265182
X 05DEC 1
X 05DFE 0
X 05E00 0
X 05E02 1
X 05E08 0
S 05E0A 3 05E16 00000000 00000016 00000003 00000011 0000001E 0000001E 00000017 00000017 003E1CF6 00000077 003E209C 003E1968 003E0F48 003E02D8 003E5200 DECF78F1
S 05E38 3 05E42 00000011 00000084 0000000E 0000001E 0000000C 00000016 00000006 0000001F 003E02D8 003E02D8 003E1CF6 003E02D8 003E1968 003E1968 003E4FE8 053E7F89
S 05EA2 3 13586 0000001B 0000000D 00000018 0000001E 00000004 00000012 00000003 00000001 003E1968 003E4000 003E4000 003E4000 003E0F48 003E02D8 003E5200 2414432C
S 05FA6 3 05FB2 00000004 0000001D 00000006 0000001C 00000008 00000019 0000000E 0000001F 003E0F48 003E4000 0071003E 003E1968 003E4000 003E0864 003E4FE8 98F61E6C
S 060BE 3 0C20A 0000001C 00000017 00000011 00000007 00000017 0000000E 0000001D 0000000D 003E4000 003E0864 003E0F48 003E1968 003E1CF6 003E0F48 003E4FE2 BEB9D57F
S 06166 3 0616C 00000020 0000003D 00000006 0000001C 0000000F 0000001C 00000015 00000014 003E1BC6 003E1CF6 003E0864 003E02D8 003E0F48 003E1BC6 003E5200 143BC918
S 061C2 3 06BC0 00000015 00000019 00000004 00000017 0000000C 00000001 0000001D 0000001E 003E1BC6 003E0864 003E1CF6 003E1968 003E02D8 003E1CF6 003E5200 B86BCD9F
S 062A6 3 062B2 00000000 00000009 0000000D 0000000E 00000012 00000014 00000013 00000009 003E0864 003E0F48 0053003E 003E1BC6 003E1BC6 003E1CF6 003E4FE8 4267D230
S 063CA 3 0C20A 00000016 00000004 0000001A 00000012 0000001B 0000001E 00000014 0000001D 003E02D8 003E1968 003E4000 003E0864 003E0864 003E0864 003E4FE2 E0278C10
S 06460 3 02B88 0000001F 00000018 00000011 0000001B 00000009 00000011 00000006 0000001C 003E1CF6 003E4000 003E0F48 003E1BC6 003E1BC6 003E1CF6 003E5200 7BC6DA4D
S 065AA 3 13586 00000001 00000001 00000010 00000001 00000006 00000015 00000004 0000001E 003E0F48 003E1BC6 003E0864 003E1BC6 003E0864 003E02D8 003E5200 DACB9265
S 0661A 3 0662A 00000001 00000008 00000015 00000001 00000013 0000000E 00000016 00000005 003E209C 003E201C 003E1F1A 003E1968 003E0F48 003E0864 003E5200 05899266
X 0663C 3
S 06648 3 06654 00000005 0000000F 00000013 00000009 00000000 0000000D 00000007 00000002 00000076 003E1968 003E0F48 003E02D8 003E0F48 003E1BC6 003E4FE8 139FA856
S 066C8 3 066D6 00000012 00000002 0000000F 0000001A 00000000 0000001C 0000001D 0000000D 003E4000 003E1BC7 003E1CF6 003E1968 003E4000 003E0F48 003E5200 72EB9AB3
S 066CC 3 066D4 00000012 00000001 00000008 00000011 00000012 0000000F 00000007 0000001C 003E4000 003E0865 003E4000 003E4000 003E02D8 003E0864 003E5200 01014FBE
S 066CE 3 066D6 00000005 00000010 0000000B 0000001A 00000006 0000000C 00000010 00000012 003E4000 003E02D9 003E1968 003E1968 003E1BC6 003E0864 003E5200 BF9E7F07
S 066D2 3 066DC 00000014 0000000C 00000004 0000000C 00000005 00001010 0000000A 00000017 003E1BC6 003E4001 003E0F48 003E0F48 003E4000 003E1BC6 003E5200 86880C0A
S 066D4 3 13586 00000016 00000011 0000001E 00000011 00000002 00000001 0000000E 00000017 003E1CF6 003E02D8 003E1968 003E0864 003E1BC6 003E0864 003E5200 E6C7A913
S 0670E 3 0671C 0000001E 00000016 00000012 00000019 00000018 00000005 00000003 00000004 003E1968 003E1BC6 003E0864 003E0F48 003E1CF6 003E02D8 003E5200 2D0019E2
S 0672E 3 0673C 00000010 00000001 00000008 0000000E 0000000D 0000001D 00000019 00000001 003E1BC6 003E1CF6 003E0F48 003E02D8 003E1968 003E4000 003E4FE8 5B56A30F
S 067F6 3 06802 0000001A 00000011 00000009 00000008 0000000B 0000001D 00000001 00000016 003E1BC6 003E1CF6 003E02D8 003E1BC6 000000D9 003E0864 003E4FE8 3905DE22
S 06988 3 11BDA 00000000 0000000B 00000008 00000011 00000003 00000018 0000000B 0000000F 003E0F48 003E4000 003E0F48 003E1968 003E1CF6 003E0864 003E5200 638F9EAE
S 069AE 3 069B6 0000000F 0000001A FFFFFFFF 0000001A 0000000A 0000001C 0000001D 00000004 003E1BC6 003E1CF6 003E0F48 003E0F48 003E0F48 003E0F48 003E5200 D6BD2B53
S 069E2 3 069EE 0000000B 0000001C 0000001F 00000012 0000000E 00000013 00000008 00000018 003E0F48 003E1BC6 00000045 003E02D8 003E0864 003E0F48 003E4FE8 A2380B3C
S 06B10 3 06B18 00000018 00000001 0000001C 00000013 0000000B 0000001E 00000016 00000005 003E1968 003E1BC6 00000043 003E1CF6 003E1CF6 003E02D8 003E5200 AC782F3B
S 06BC0 3 13586 0000001C 0000000B 00000013 0000000E 00000002 00000016 0000001B 00000012 003E4000 003E4000 003E0864 003E4000 003E1BC6 003E1968 003E5200 D0E3D4B4
S 06C20 3 18564 00000014 00000015 00000014 00000016 00000016 00000008 00000006 0000001D 003E02D8 003E0864 0000002F 003E0864 003E1968 003E1968 003E5200 24819038
S 06CAE 3 06CBA 00000002 0000001D 00000019 0000001D 0000000A 0000001A 0000000B 00000014 003E02D8 003E1968 000000AE 003E0864 003E0864 003E02D8 003E4FE8 51725C70
S 06EF8 3 06F00 00000005 00000000 00000008 0000000B 00000011 0000001F 00000003 0000001E 0000009F 0000007F 003E1CF6 003E02D8 003E1968 003E1BC6 003E5200 02412CE0
S 06F80 3 06F8A 00000017 00000014 00000018 0000000F 00000002 0000000E 00000000 0000001D 003E1AE2 003E1AE2 003E1960 003E1968 003E02D8 003E1968 003E5200 0D60CD69
S 06FB4 3 06FC0 0000001A 00000008 00000003 00000018 00000017 00000009 0000000C 00000016 003E4000 003E0F48 000000C6 00018DEA 003E1BC6 003E02D8 003E5200 B2509ABA
S 07004 3 07012 0000000C 00000008 00000007 00000015 00000018 0000000B 00000007 0000001D 003E02D8 003E1968 003E0F48 003E1968 00009150 003E0864 003E4FE8 0F823C4D
S 071DC 3 071E4 00000000 00000000 0000001A 00000008 00000000 00000019 00000010 00000012 003E02D8 003E1BC6 003E1968 003E0864 003E02D8 003E1BC6 003E5200 1D7AB23A
S 073DC 3 13586 00000016 00000001 00000012 0000001C 0000001B 0000001C 00000014 00000003 003E1CF6 003E0F48 003E1CF6 003E1BC6 003E0864 003E0864 003E5200 75254D37
S 0744E 3 0745A 00000005 0000000D 0000001F 0000000D 00000006 0000001B 00000000 00000009 003E4FF4 86580001 003E1968 003E4000 003E0F48 003E0864 003E5200 74F85664
S 0747A 3 07484 00000017 00000009 0000001C 00000015 00000016 00000007 00000003 00000007 003E02D8 003E1968 00000026 003E1CF6 003E1968 003E1BC6 003E5200 E2811EBC
S 074FA 3 07506 00000000 00000003 0000001D 0000001E 00000010 00000015 00000015 0000001B 003E02D8 003E4000 0000767C 003E1BC6 003E1968 003E1968 003E5200 EFE4D676
S 07578 3 07584 00000001 00000003 00000015 00000018 00000009 00000008 00000009 0000000C 003E4000 003E0F48 003E1CF6 003E1BC6 003E4000 003E0864 003E5200 6278A171
S 076EE 3 076F8 0000000C 00000003 00000005 00000002 00000018 00000006 00000003 00000003 003E1AE2 003E1AE2 003E1960 003E1CF6 003E1BC6 003E0F48 003E5200 DB7DF52E
S 0778A 3 07792 00000000 00000008 00000012 0000001D 0000001E 00000007 00000000 00000010 003E0864 0000007D 003E1CF6 003E1BC6 003E0F48 003E4000 003E5200 B0085C22
S 077C8 3 077D4 00000005 00000011 00000003 00000000 00000004 0000001A 00000012 00000011 003E4000 003E4000 00000018 003E1BC6 003E0864 003E1968 003E4FE8 584DE2A6
S 07800 3 13586 0000000B 0000000B 00000006 0000000A 0000000D 00000003 00000002 00000015 003E02D8 003E0864 003E1CF6 003E02D8 003E1BC6 003E1CF6 003E5200 AEE89440
S 07870 3 0787C 00000010 00000007 0000006A 00000006 0000000E 00000000 00000017 00000011 003E1CF6 003E02D8 003E4000 003E1968 003E1CF6 003E0864 003E4FE8 2DDFD506
S 079B6 3 079C2 0000005A 00000016 00000016 00000006 0000001A 00000004 0000000F 0000000B 003E02D8 003E1CF6 003E02D8 003E0F48 003E02D8 003E1CF6 003E5200 C3F59238
S 079CE 3 079D8 000000BF 00000009 000042C8 0000000D 00000015 00000016 00000019 0000000F 003E0F48 003E4000 003E02D8 003E4000 003E4000 003E4000 003E5200 A88B5826
S 07A02 3 0EF5C 00000008 00000004 0000001D 00000008 00000002 00000001 00000017 0000000D 003E0F48 003E1BC6 003E1968 003E0864 003E1CF6 003E0864 003E5200 A9B72F94
S 07A12 3 0EE90 00000006 00000018 0000001C 0000000B 00000008 00000019 0000000E 00000004 003E0F48 003E1968 003E1CF6 003E0864 003E1CF6 003E0864 003E5200 EF5D0794
S 07A24 3 07A32 00000000 0000000A 000000C7 0000001E 00000002 0000001E 0000000F 00000001 003E02D8 003E4000 003E1870 003E0864 003E0F48 003E1968 003E5200 AEC7F200
S 07A88 3 07A92 0000001D 00000010 000000A3 00000017 0000000A 00000018 0000001C 0000001D 003E4000 003E0F48 003E1CF6 003E1CF6 003E02D8 003E0864 003E4FE8 D4E2F93A
S 07B14 3 13586 00000014 0000001B 0000001D 0000001D 0000000E 0000001C 0000000A 0000000E 003E0F48 003E0864 003E0864 003E4000 003E02D8 003E1BC6 003E5200 DB34C47C
S 07B3E 3 07B4C 00000010 00000017 00000000 00000006 003E1968 0000001F 00000007 00000005 003E1BC6 003E1BC6 003E1BC6 003E1BC6 003E0864 003E1CF6 003E4FE8 FEDCFAF4
S 07C04 3 07C0E 003E4087 00000011 000000B4 00000007 00000011 00000006 00000001 00000000 003E02D8 003E4000 003E1CF6 003E02D8 003E1CF6 003E0F48 003E5200 86106E8B
S 07C72 3 0EE90 0000000C 00000003 00000007 0000000C 0000000D 00000006 00000014 0000000D 003E1968 003E1BC6 003E0F48 003E0864 003E1968 003E1CF6 003E5200 BF7F7459
S 07CB0 3 07CBA 00000000 00000010 0000430B 0000000D 00000014 00000014 00000013 0000000B 003E02D8 003E02D8 003E1CF6 003E0F48 003E0864 003E1BC6 003E5200 CEF2315F
S 07CF0 3 07CFC 000041AE 00000013 0000004E 0000000D 00000000 0000000B 00000013 00000013 003E02D8 003E1968 003E1CF6 003E02D8 003E4000 003E1968 003E5200 58B3FEAD
S 07D50 3 07D5C 00000019 0000003A 00000008 0000000F 00000014 00000018 0000001E 0000001B 003E4000 003E1CF6 003E0864 003E1CF6 003E1BC6 003E1BC6 003E5200 3374A921
S 07D80 3 07D88 00000003 00000008 00000012 00000001 00000007 0000000C 00000007 0000000A 003E4000 003E0F48 003E1968 003E1968 003E1BC6 003E4000 003E5200 3E869158
S 07DCE 3 13586 0000000E 0000000F 00000001 0000000D 00000007 0000000E 0000001C 0000001F 003E0F48 003E1968 003E1BC6 003E0864 003E1968 003E1CF6 003E5200 E7E40936
S 07E7A 3 07E86 00000000 0000001B 00000018 00000010 00000005 00000011 00000006 00000002 003E02D8 003E0F48 003E02D8 003E0864 003E0F48 003E1BC6 003E5200 907196EB
S 07EA4 3 07EB0 00000015 00000014 00000013 86580001 00000003 00000006 00000015 00000007 003E1BC6 003E0864 0000008A 003E4000 003E1BC6 003E02D8 003E5200 B69D379A
S 07F5A 3 07F66 00000012 0000001C 00000000 00000019 00000016 0000001F 00000002 0000001A 003E1CF6 003E0F48 00000003 003E1CF6 003E1BC6 003E4000 003E5200 894D414D
S 08008 3 08014 00000013 00000006 000000FE 0000001C 0000000B 00000019 0000001E 00000015 003E1BC6 003E1CF6 003E02D8 003E1CF6 003E0F48 003E0F48 003E4FE8 D47683A0
S 08200 3 0820A 0000000D 0000000B 00000008 00000013 00000012 00000010 0000001F 0000000F 003E02D8 003E1968 0000008F 003E0F48 003E0864 003E0864 003E4FE8 636A4608
S 08326 3 08332 00000009 00000013 00000016 00000012 0000000B 00000000 0000000A 0000001E 00000118 003E0F48 000000E8 003E1CF6 003E1BC6 003E0F48 003E4FE8 E9620EF3
S 0848E 3 0849A 0000000E 00000011 00000003 00000016 00000000 00000009 00000005 00000006 003E4000 003E0864 003E1968 003E0864 003E1968 003E4000 003E5200 9B7FEB42
S 084DA 3 13586 0000001D 0000000E 00000006 0000001D 00000016 0000000B 00000012 0000001A 003E0F48 003E1BC6 003E1CF6 003E0F48 003E1968 003E0864 003E5200 46840D14
S 08536 3 00512 00000006 00000015 00000011 00000009 00000015 00000007 00000001 00000007 003E1CF6 003E1968 003E1CF6 003E1968 003E1CF6 003E1968 003E5200 D604FACD
S 08576 3 08582 0000000C 00000004 0000000C 00000017 00000011 00000019 0000001C 00000007 003E1BC6 003E1CF6 003E1968 003E4000 003E1CF6 003E1CF6 003E5200 EA173ADA
S 08598 3 085A4 00009C00 00000011 00000000 00000001 00000006 0000001A 00000012 00000017 003E0864 003E0F48 003E1968 003E0864 003E1968 003E0F48 003E5200 BD4ABC27
S 08606 3 08610 00000000 00000006 0000001B 0000001D 0000001B 00000000 00000016 00000018 86580001 003E1BC6 0000007C 003E0F48 003E0F48 003E02D8 003E5200 CDBFAF92
S 0865E 3 08668 00000014 0000000A 00000015 0000000C 00000000 0000001C 00000004 00000002 003E1BC6 003E02D8 000000C5 003E0F48 003E1BC6 003E02D8 003E5200 C89C010D
S 086AE 3 086BA 00000010 00000006 0000001D 00000013 0000000C 00000011 00000011 00000016 003E1968 003E1AE2 003E1960 003E1968 003E0F48 003E1BC6 003E4FE8 7D56CEC8
S 0875E 3 0876A 00000019 00000015 00000009 00000011 0000001C 0000001F 00000018 00000007 003E1CF6 003E1968 0009003E 003E1CF6 003E0F48 003E0F48 003E4FE8 2F14C62F
S 08878 3 13586 0000000E 00000001 00000013 00000002 0000000E 0000001C 00000015 00000005 003E4000 003E02D8 003E1968 003E0864 003E02D8 003E0864 003E5200 B45D285B
S 08A70 3 08A7A 00000001 0000001A 00000012 0000000E 00000004 0000001B 00000017 00000018 003E0864 003E1CF6 002E003E 003E0F48 003E4000 003E02D8 003E5200 BDBCA4EE
S 08A9C 3 08AA8 00000001 00000011 0000001F 00000000 00000003 0000001B 00000008 0000001D 003E4000 00000012 003E0864 003E02D8 003E0F48 003E1CF6 003E4FE8 37B73C0E
S 08B0C 3 08B18 00000001 00000000 00000009 0000001F 00000001 00000013 00000019 00000004 003E02D8 003E0F48 003E1CF6 001C003E 003E1BC6 003E4000 003E4FE8 C26A7199
S 08BB2 3 08BBE 0000000F 0000001D 00000005 0000001A 0000001B 00000019 00000010 0000001F 003E0F48 003E1BC6 003E1CF6 000000D1 003E4000 003E4000 003E4FE8 B87B407B
S 08C7A 3 08C86 00000005 00000003 00000019 00000003 0000000B 00000004 00000004 00000000 000000D3 003E0F48 0000008D 003E02D8 003E0F48 003E1BC6 003E4FE8 453093E1
S 08D0E 3 08D1C 0000001E 0000001D 00000011 0000000C 0000001C 0000000A 00000013 0000000E 003E0F48 003E1CF6 003E1CF6 003E1CF6 003E1960 003E1CF6 003E4FE8 F64A490B
S 08F2E 3 08F3A 00000010 0000000E 0000001C 00000008 00000009 0000001C 0000001E 00000004 003E1AE2 003E1CF6 003E1960 003E1968 003E1BC6 003E1968 003E5200 CBDC0745
S 08FC8 3 13586 00000009 0000001F 0000000C 00000019 0000000B 00000009 00000017 00000000 003E0F48 003E02D8 003E1CF6 003E1BC6 003E4000 003E02D8 003E5200 304F3449
S 0900A 3 09014 0000000E 00000005 0000000A 0000001D 0000000D 00000015 0000000C 00000002 000000D6 003E4000 003E4000 003E4000 003E0F48 003E1BC6 003E5200 3B329B58
S 09034 3 0903E 00000002 00000010 0000000F 00000009 00000001 00000009 00000010 0000001D 003E1AE2 003E4000 003E1960 003E1968 003E02D8 003E0F48 003E5200 8923BB74
S 09080 3 0908A 00000006 00000009 00000009 00000011 00000015 00000006 00000005 00000019 003E1968 003E4000 003E1944 003E1CF6 003E1968 003E0F48 003E5200 060D5BE7
S 090BE 3 090C6 00000000 00000070 0000000D 00000003 00000001 00000000 0000000E 00000002 003E1BC6 003E1BC6 003E02D8 003E1CF6 003E0864 003E0F48 003E5200 1F533C71
S 090E6 3 090F2 00000000 00000083 0000001A 00000017 00000006 00000014 00000016 00000016 003E1968 003E1BC6 003E0F48 003E1BC6 003E1CF6 003E1BC6 003E5200 6D2C3876
S 090FE 3 09106 000000D2 000000D2 00000005 0000001F 00000016 0000000A 00000008 00000011 003E4000 003E1968 003E1CF6 003E02D8 003E02D8 003E1968 003E5200 1FB3E465
S 0910E 3 0911A 00000019 000000DF 00000057 00000019 0000001A 0000001D 00000004 00000016 003E4000 003E0864 003E0F48 003E0F48 003E1BC6 003E02D8 003E5200 40B95498
S 09150 3 13586 00000009 0000000B 00000002 00000005 00000002 00000002 0000001D 00000002 003E02D8 003E0864 003E0864 003E4000 003E02D8 003E1CF6 003E5200 B6ACD1FD
S 09208 3 09216 00000010 0000001F 00000017 00000017 00000007 00000006 0000001F 0000000D 003E4000 003E1968 003E0F48 003E0F48 003E1960 003E0864 003E4FE8 4C364A11
S 09266 3 0CFE4 00000014 00000015 00000003 0000001F 0000000E 0000001F 00000000 0000001B 003E0864 003E1968 003E194C 003E4000 003E1CF6 003E4000 003E5200 CCB9605C
S 09D80 3 09E82 0000001B 00000016 00000002 00000013 0000000B 0000001D 00000009 0000000D 003E4000 003E0F48 003E1BC6 003E1CF6 003E02D8 003E4000 003E5200 0E5D13B5
S 0A000 3 0A00E 0000001A 00000015 00000010 00000003 00000013 00000004 0000001B 00000008 003E1BC6 003E0864 003E02D8 003E1CF6 003E1CF6 003E1BC6 003E5200 FA8B1B70
X 0A7E4 0
S 0A7E6 3 0A7F0 00000000 0000002A 0000009B 00000016 00000010 00000008 00000005 00000006 003E02D8 003E02D8 003E0F48 003E4000 003E0F48 003E4000 003E5200 46BEC1DC
S 0A80C 3 0EAC8 00000007 00000005 0000000A 0000000D 003E1964 00000003 00000017 0000000C 003E02D8 003E0864 003E02D8 003E1CF6 003E1CF6 003E02D8 003E5200 CEF0DB26
S 0A90E 3 13586 00000009 0000001D 0000001B 0000001C 0000001C 00000009 0000000E 0000001A 003E1CF6 003E1BC6 003E02D8 003E0864 003E02D8 003E1CF6 003E5200 A702D079
S 0A9BE 3 0A9CE 00000004 0000001D 00000007 00000007 00000011 0000001D 00000011 00000018 003E1BC6 003E1CF6 0000EE90 003E02D8 003E1BC6 003E0864 003E5200 0D100408
S 0AA86 3 0AA98 0000000C 00000004 00000005 00000000 00000004 0000001E 00000015 0000001F 003E02D8 003E0864 0000EE90 003E4000 003E1BC6 003E0864 003E5200 9B03A3D7
S 0AB12 3 0EF5C 00000007 00000016 00000013 00000001 00000006 00000005 0000000D 00000005 003E1BC6 003E02D8 003E1CF6 003E02D8 003E4000 003E1968 003E5200 A5C773A5
S 0AB58 3 0AB6A 00000012 0000000C 00000017 003E1C9A 00000001 00000008 00000004 00000011 003E1CF6 003E0864 003E0864 003E4000 003E02D8 003E0864 003E5200 1A371FF5
S 0AC4C 3 0AC5C 00000010 00000000 0000000E 0000000C 00000019 0000000D 00000000 00000007 003E0864 003E1CF6 003E1CB2 003E1CAA 003E1968 003E1968 003E5200 1B84B64A
S 0AD5A 3 0AD66 0000001B 00000017 000000ED 00000018 000000ED 00000004 0000000F 0000000F 003E02D8 003E4000 003E0F48 003E0864 003E0864 003E1BC6 003E4FE8 687400C7
S 0AF72 3 0AF7A 00000019 0000000E 00000020 00000012 00000001 0000001B 00000000 0000000B 003E1BC6 003E0864 003E0F48 003E02D8 003E1BC6 003E0864 003E5200 C6F71E6A
S 0B032 3 13586 0000000C 00000001 00000000 00000008 00000000 0000001A 0000001E 0000000C 003E02D8 003E0864 003E0864 003E1CF6 003E1CF6 003E02D8 003E5200 5C164980
S 0B2E8 3 18564 0000000C 0000001A 00000010 00000015 00000003 00000004 00000012 00000002 003E1968 003E0F48 000000A1 003E02D8 003E4000 003E1CF6 003E5200 86D31F01
S 0B53A 3 0B546 0000000E 00000011 00000012 00000015 00000002 00000002 0000001E 0000001F 00000062 003E0864 003E1CF6 003E0F48 003E1BC6 003E02D8 003E4FE8 1891E86D
S 0B5B8 3 0B5C4 0000001C 00000005 00000000 0000003E 00000003 00000011 00000016 0000000C 003E1BC6 003E4000 003E1968 003E0F48 003E1968 003E02D8 003E5200 7D318D13
S 0B5E4 3 0B5F0 0000001B 00000018 0000000D 00000019 0000001A 00000004 00000002 00000006 003E0864 003E0864 000000F0 003E1CF6 003E0864 003E1BC6 003E4FE8 4FF6E8DF
S 0B738 3 0B744 00000011 0000001E 00000005 00000011 00000005 00000015 00000016 00000015 003E1BC6 003E4000 000000AD 003E4000 003E0864 003E0F48 003E4FE8 36993D27
S 0B7FA 3 0B806 00000008 00000012 00000014 00000007 00000017 0000000B 00000014 0000001B 003E1CF6 003E4000 0000006E 003E0864 003E0F48 003E02D8 003E4FE8 B9B22111
S 0B958 3 0B964 0000001D 0000428F 000000D4 00000003 00000002 0000000B 00000015 00000007 003E0864 003E4000 003E0864 003E02D8 003E0F48 003E1CF6 003E5200 3603A585
S 0B9C8 3 13586 00000005 0000001D 00000003 00000006 0000000B 00000008 0000000A 00000003 003E4000 003E1968 003E1968 003E4000 003E02D8 003E4000 003E5200 EC763E0C
S 0BB38 3 0BB46 0000000D 00000009 00000008 00000019 0000000B 0000001C 00000000 00000019 003E0864 003E1968 003E1CF6 003E1AE6 003E1CF6 003E0F48 003E4FE8 C981DACF
S 0BB7C 3 0C1EE 00000006 00000005 0000003E 00000019 0000001D 00000006 00000008 0000001C 003E0F48 003E02D8 003E02D8 003E4000 003E0F48 003E4000 003E5200 9B8B4DEE
S 0C150 3 0C15E 0000001B 00000019 0000001C 0000000B 00000015 0000000B 00000007 00000015 003E0F48 003E1BC6 003E1968 003E1BC6 003E1900 003E4000 003E4FE8 F783CA58
S 0C1EE 3 0C1F8 0000001F 00000019 00000009 00000002 0000001B 00000014 00000010 00000012 003E1C44 003E4000 003E4000 003E4000 003E1968 003E1968 003E5200 F166431B
S 0C206 3 0C214 0000001F 0000001A 0000001F 0000000A 0000000F 00000006 00000003 00000006 003E1968 003E4000 003E1968 003E1C44 003E0864 003E0864 003E4FE8 6356653C
S 0C240 3 0C206 00000008 0000000B 00000007 00000002 00000007 00000009 00000013 00000001 003E1968 003E1CF6 003E1BC6 003E0864 003E1BC6 003E4000 003E5200 8C0ADDF2
S 0C2BC 3 0C2C4 00000011 0000000C 0000001E 00000000 0000001D 0000001F 00000010 00000010 003E1CF6 003E0864 00000037 003E4000 003E02D8 003E0864 003E5200 DEF8D8DD
S 0C2DC 3 13586 00000006 00000003 0000000C 00000017 00000011 0000000F 0000001D 00000002 003E0F48 003E0864 003E1968 003E0864 003E0864 003E0F48 003E5200 1E7F9235
S 0C3E8 3 0C3F4 0000000A 00000006 000000D1 00000004 00000014 00000010 00000004 0000000E 003E0864 003E1CF6 003E02D8 003E0864 003E0F48 003E02D8 003E5200 1E2876A3
S 0C436 3 0C446 00000013 00000013 00000014 00000046 00000018 00000009 00000003 00000007 003E1968 003E0864 003E1964 003E0864 003E0F48 003E0F48 003E5200 2806F9A3
S 0C4AE 3 0C4B8 00000002 00000014 0000001C 00000007 00000001 00000008 00000008 00000008 003E434A 000000CE 003E1968 003E1968 003E0864 003E1CF6 003E5200 8EE4053F
S 0C4CA 3 0C4D4 00000016 00000015 0000000C 00000000 00000016 0000000C 00000009 0000000A 003E4317 000000FC 003E1968 003E4000 003E0F48 003E0F48 003E5200 9285A538
S 0C4E8 3 0C4F4 0000001E 00000015 0000000E 00000009 00000016 0000001C 0000000D 00000011 00000038 00018614 003E02D8 003E0F48 003E0864 003E0F48 003E5200 98E5FB4F
S 0C504 3 0C514 00000007 003E20A8 00000001 00000011 00000017 00000014 00000018 00000017 003E1968 003E0864 003E2498 003E02D8 003E1CF6 003E4000 003E5200 49B0A620
S 0C538 3 0C546 00000010 00000003 00000042 00000000 0000000F 00000015 0000001D 0000000C 003E0864 003E1CF6 003E2498 003E02D8 003E4000 003E0864 003E5200 D75A305E
S 0C568 3 13586 00000002 0000000E 00000001 00000003 00000015 00000012 00000017 0000000A 003E02D8 003E1CF6 003E1CF6 003E4000 003E02D8 003E1968 003E5200 FA7D80C9
S 0C5CA 3 0C5D6 0000000F 00000002 0000007F 00000050 0000000C 0000001C 00000004 0000001E 003E1968 003E1968 003E1CF6 003E02D8 003E0F48 003E0864 003E5200 A84BC1EF
S 0C688 3 0C694 00000012 0000001B 00000043 000000C1 0000000B 0000000D 00000018 00000014 003E02D8 003E0864 003E1CF6 003E0864 003E1968 003E1CF6 003E5200 3E807178
S 0C724 3 0C730 0000001F 00000007 000000D3 00000035 00000012 00000001 0000001D 00000007 003E1BC6 003E1968 003E0F48 003E1CF6 003E0864 003E0F48 003E5200 BE2F2DDB
S 0C7BC 3 0C7C8 0000000A 00000007 00000075 00000057 0000000B 0000000C 00000018 00000008 003E4000 003E0864 003E1BC6 003E1968 003E1968 003E02D8 003E5200 3D9B6A57
S 0C832 3 0C83E 00000012 0000001C 0000001C 000000E9 00000028 00000003 0000000B 00000007 003E1CF6 003E4000 003E02D8 003E1BC6 003E02D8 003E0F48 003E5200 412D6117
S 0C8DE 3 0C8EA 0000001E 0000001F 0000005F 00000013 0000002D 00000009 0000000C 0000000B 003E4000 003E1BC6 003E1968 003E1CF6 003E1BC6 003E02D8 003E5200 7C3D2EC7
S 0C95E 3 0C96A 00000016 00000017 0000006B 0000000D 00000078 00000008 0000000A 00000006 003E02D8 003E0F48 003E0864 003E02D8 003E0864 003E02D8 003E5200 18338254
S 0C9D2 3 13586 00000003 00000015 0000000F 0000001F 00000012 00000016 00000005 0000000B 003E1CF6 003E1968 003E1CF6 003E0F48 003E4000 003E0F48 003E5200 A93B5A59
S 0CA52 3 0CA64 00000014 0000001C 00000012 00000018 0000001C 0000000E 00000012 00000000 003E20A0 003E0864 003E1968 003E1CF6 003E0F48 003E1BC6 003E5200 5AC69E28
S 0CA88 3 0CA94 00000007 0000000D 00000018 00000006 00000003 00000004 00000019 00000001 003E0F48 003E02D8 003E1950 003E1CF6 003E02D8 003E4000 003E5200 5B3C6F67
S 0CAE2 3 0CAEE 0000001B 00000012 00004141 0000001B 00000004 00000003 00000006 0000001A 003E0864 003E4000 003E1CF6 003E0F48 003E02D8 003E1CF6 003E5200 C0363BC8
S 0CB24 3 0CB30 00000007 00000001 0000000F 0000000B 00000014 00000000 0000001C 00000012 003E4000 003E1968 003E1968 003E1968 003E0F48 003E0864 003E5200 DE030710
S 0CBAE 3 0CBBA 0000001E 00000001 00000071 0000000A 0000001D 0000001C 00000016 00000006 003E0F48 003E0864 003E0864 003E1BC6 003E0864 003E0864 003E4FE8 D61D11C6
S 0CC18 3 0CC22 00000059 00000018 0000001A 00000004 00000006 00000002 00000002 0000000E 003E4000 003E02D8 003E1968 003E4000 003E02D8 003E4000 003E5200 63186558
S 0CC3A 3 0CC44 00000000 00000007 00000018 00000011 00000018 00000018 0000001F 00000016 003E4000 003E1968 003E02D8 003E0F48 003E1968 003E0864 003E5200 89B98949
S 0CCB2 3 13586 00000004 0000000F 0000000E 00000016 00000001 00000013 00000018 0000001E 003E0864 003E1BC6 003E1BC6 003E02D8 003E1968 003E1CF6 003E5200 E3E0237E
S 0CCE6 3 0CCF4 00000013 0000000E 00000005 00000019 00000014 00000003 00000017 00000001 000000E9 003E0864 003E1CF6 003E1CF6 003E1BC6 003E02D8 003E5200 4A4EBC01
S 0CD4A 3 0CD54 0000001E 0000002C 00000014 00000003 0000001F 00000018 00000018 0000001A 003E02D8 003E0864 003E4000 003E0F48 003E1968 003E4000 003E4FE8 0C88B760
S 0CDAE 3 0CDBA 0000005E 0000000E 0000001A 0000000B 00000015 00000005 00000009 00000019 003E1968 003E0864 003E0864 003E1CF6 003E1BC6 003E02D8 003E5200 975772F3
S 0CDC0 3 0CDCA 0000000D 00000002 00000009 0000001A 00000001 0000001E 0000001F 0000000A 003E4000 003E0F48 000000FC 003E1BC6 003E1BC6 003E0F48 003E5200 C071E46F
S 0CDF6 3 0CE00 0000003E 00000002 00000004 00000016 0000001C 00000012 00000014 00000008 003E1BC6 003E1CF6 003E02D8 003E0F48 003E1968 003E1BC6 003E4FE8 1519A963
S 0CE48 3 0CE54 0000001C 000000ED 00000011 00000006 00000010 00000003 00000011 00000002 003E40A8 003E1CF6 003E0864 003E1CF6 003E0864 003E1968 003E5200 9B9A6952
S 0CE76 3 0CE80 00000010 00000060 0000001F 00000003 0000001A 0000000B 0000000D 00000004 003E4000 003E02D8 003E0864 003E0864 003E4000 003E0864 003E4FE8 5AC4D038
S 0CEE8 3 13586 00000001 00000003 00000006 00000009 0000000C 0000001F 00000016 0000000C 003E1CF6 003E4000 003E4000 003E0F48 003E02D8 003E02D8 003E5200 14A50ED6
S 0CF40 3 0CF4C 00000004 00000011 00000006 00000015 0000000B 00000005 00000004 0000001C 003E0F48 003E1BC6 000000F4 003E02D8 003E1CF6 003E0F48 003E5200 55C76F1C
S 0CFDA 3 0CFEA 00000003 00000017 00000005 00000019 00000014 00000007 0000001E 0000000E 003E0F48 003E1CF6 003E194C 003E194A 003E0F48 003E02D8 003E5200 195E5044
S 0D030 3 155A0 00000017 0000001C 0000001B 0000001B 0000000A 00000008 0000001D 00000005 003E0864 003E0F48 003E02D8 003E1BC6 003E1CF6 003E1CF6 003E5200 6C3642E9
S 0D04E 3 0EFFE 00000000 0000000A 00000007 00000014 0000000A 00000013 00000014 00000000 003E1BC6 003E1BC6 003E0F48 003E02D8 003E1BC6 003E0864 003E5200 4467B473
S 0D696 3 0D6A0 00000016 0000001F 00000003 0000007E 0000BFFF 00000014 00000012 0000000B 003E02D8 003E4000 003E02D8 003E0864 003E0864 003E1BC6 003E5200 31B00AFB
S 0D7A0 3 0D7AE 00000010 0000001C 00000004 00000009 00000004 00000000 00000013 0000000A 003E02D8 003E1968 00000085 003E0F48 003E1BC6 003E0F48 003E5200 2BE5DE05
X 0DB66 1
S 0DB6C 3 13586 00000007 00000010 00000000 00000015 00000018 0000001E 0000000A 0000001C 003E02D8 003E1CF6 003E0F48 003E1CF6 003E1BC6 003E0864 003E5200 447AD742
X 0DB72 1
X 0DB78 1
S 0DB7E 3 0DB88 0000001B 00000016 00000016 00000019 00000019 00000018 0000001C 00000006 003E0F48 003E1CF6 003E1968 003E1968 003E0F48 003E1BC6 003E4FE8 8EA1BF9C
S 0DBE6 3 0DBEE 00000017 00000080 00000005 0000000E 00000006 0000000A 00000013 0000000E 003E0864 003E0F48 003E0864 003E4000 003E0864 003E1968 003E5200 8AFFCFA5
S 0DC10 3 0DC18 00000010 00000018 00000018 00000016 00000003 0000001C 0000001B 00000000 003E0864 003E0864 003E0864 003E0864 003E02D8 003E02D8 003E5200 0749CEC1
S 0DC3A 3 0DC46 0000000C 00000018 00000001 000000AE 0000000C 0000001E 0000000B 0000001A 003E4000 003E02D8 003E1BC6 003E0864 003E1BC6 003E1968 003E4FE8 CDA338F7
S 0DE1A 3 0DE26 00000014 00000006 00000001 0000001B 00000000 00000005 0000000B 00000001 003E1BC6 003E1BC6 003E1BC6 003E1870 003E1968 003E1968 003E5200 D94D87A4
S 0DEC8 3 13586 00000014 00000019 00000006 00000019 00000007 00000002 00000009 0000000B 003E1BC6 003E1968 003E4000 003E1BC6 003E1968 003E1968 003E5200 B20B8D24
S 0E000 3 0018A 0000000A 00000004 0000000C 00000017 00000009 00000004 00000007 00000014 003E1CF6 003E4000 003E1BC6 003E4000 003E0864 003E02D8 003E5200 F29A2ECD
S 0E020 3 0E02C 0000001D 00004015 00000006 00000007 0000000B 0000001C 00000012 00000006 003E1968 003E1BC6 003E0DE0 003E02D8 003E0864 003E02D8 003E5200 9F62D9DD
S 0E0EE 3 0E0FA 0000000E 00000019 0000000C 00000001 0000001E 00000058 0000001A 0000000C 003E02D8 003E0864 003E1968 003E4000 003E0864 003E1CF6 003E4FE8 643DAF89
S 0E332 3 0E33A 00000018 00000000 00000041 00000003 00000018 00000017 0000001A 0000001F 003E1CF6 003E02D8 003E02D8 003E0864 003E1968 003E1CF6 003E5200 2373B07E
S 0E3B0 3 0E3BC 00000010 0000000F 00000003 0000001C 00000005 0000000B 00000012 00000015 003E1CF6 003E02D8 00000088 003E1968 003E0864 003E1CF6 003E4FE8 862376C4
S 0E516 3 14772 00000000 0000000F 0000000F 00000014 00000005 00000013 00000018 00000007 003E1968 003E0F48 003E1968 003E1CF6 003E02D8 003E0F48 003E5200 7514EAC7
S 0E546 3 0018A 0000000E 00000017 00000016 00000014 0000001B 0000001B 00000017 0000000B 003E1BC6 003E0864 003E0F48 003E02D8 003E02D8 003E1968 003E5200 000DC408
S 0E554 3 13586 00000001 0000000B 00000007 00000016 0000000F 0000000B 0000001F 00000005 003E02D8 003E0864 003E0864 003E0864 003E1CF6 003E0864 003E5200 78C5EA2E
S 0E7A8 3 0E7B2 00000010 00000003 00000000 0000001A 00000004 0000001B 00000009 00000013 003E0F48 003E1968 003E1BC6 003E02D8 003E0F48 003E1968 003E5200 7A34ED21
S 0E824 3 0E832 00000004 00000017 0000001B 00000018 0000001A 0000000B 00000003 00000003 003E02D8 003E1BC6 0000007C 003E1CB4 003E0864 003E1BC6 003E5200 FE822855
S 0E98C 3 0E998 00000005 0000000D 0000001C 00000006 0000000E 00000001 00000004 00000017 003E0864 003E02D8 00000080 003E02D8 003E1BC6 003E1CF6 003E4FE8 69DC6F2B
S 0EA46 3 0FC9C 00000009 00000012 00000005 0000001F 00000002 00000003 0000001B 00000014 003E0F48 003E02D8 003E4000 003E1968 003E0F48 003E1968 003E5200 CA8D7A02
S 0EA68 3 0EA7A 00000079 00000005 00000013 0000001E 00000008 00000009 0000001C 0000001C 003E1968 003E1968 003E1968 003E1CF6 003E0F48 003E1BC6 003E5200 6EBF8AE9
S 0EABA 3 0EAD2 00000006 0000000F 0000000A 0000001B 0000000D 00000017 0000001A 0000000C 003E0F48 003E1968 003E0F48 003E0864 003E1968 003E02D8 003E5200 33A97476
S 0EAC8 3 0EAD8 0000000D 00000011 0000000A 0000001C 00000007 0000001F 00000002 0000001D 003E0F48 003E1BC6 003E1BC6 003E0864 003E0F48 003E1BC6 003E5200 826B7749
S 0EBBA 3 13586 0000001F 00000005 00000000 00000004 00000008 00000001 00000003 00000003 003E0864 003E1968 003E1BC6 003E1BC6 003E1968 003E1968 003E5200 8A85A6A0
S 0EC3A 3 0EC46 00000013 00000017 0000001F 0000001C 0000001C 0000000D 0000000F 0000000E 003E0864 003E1BC6 00000012 0000ECB0 003E0864 003E1CF6 003E4FE8 98C0CF48
S 0ECB0 3 0ECC0 00000019 0000000B 00E5003E 0000000C 0000001E 0000001E 0000001E 00000005 003E0F48 003E0864 003E1968 003E0864 003E1CF6 003E1BC6 003E5200 EACFCDFE
S 0EDEA 3 0EDFA 00000017 0000000B 0000000C 00000004 00000019 0000001F 0000000E 00000002 003E1BC6 003E1968 003E0DE2 003E1BC6 003E4000 003E1CF6 003E5200 0F4AB5EB
S 0EE22 3 0EE30 00000000 00000002 00000004 0000000E 00000007 00000018 00000004 0000001B 00140034 003E0F48 003E1BC6 003E0864 003E1968 003E1CF6 003E5200 CD5D04D9
X 0EE3A 1
S 0EE44 3 0EE50 00000009 00000014 00000005 00000018 00000001 00000003 0000001A 0000001E 003E1CF6 003E0F48 003E4000 003E1BC6 003E1CF6 003E02D8 003E5200 E0D14F75
S 0EE90 3 0EE9C 00000010 00000012 003E4375 00000011 00000014 00000009 00000008 00000006 003E1BC6 00000084 003E4000 003E1CF6 003E0F48 003E1CF6 003E5200 DB4BED1A
S 0EEEE 3 13586 0000000A 00000017 0000001D 00000005 00000003 00000012 0000001A 00000016 003E0864 003E1CF6 003E1968 003E02D8 003E0864 003E4000 003E5200 58A594B4
S 0EF58 3 0EF62 00000000 00018600 0000001C 00000010 0000001B 00000017 00000006 00000001 003E1BC6 00000034 003E1BC6 003E02D8 003E0864 003E1BC6 003E5200 9ECBA652
S 0EFBA 3 0EFC6 00000005 00000013 0000001D 00000004 00000019 00000014 00000002 00000001 003E02D8 003E1968 003E0F48 003E0864 003E0F48 003E1CF6 003E5200 8D5A9876
S 0EFFA 3 0F006 00000005 00000006 0000000A 0000001D 00000018 0000000B 00000008 00000004 003E1BC6 003E02D8 003E4000 003E1968 003E1BC6 003E1CF6 003E5200 86799554
S 0F000 3 0F00C 00000005 30CD7F6E 0000000B 0000000C 00000009 0000001D 0000001F 00000000 003E1968 003E4316 003E0864 003E1BC6 003E02D8 003E02D8 003E5200 FD2E81B9
S 0F13E 3 0F14E 00000007 0000000C 0000001A 00000015 00000005 00000013 00000000 00000004 003E0864 003E4000 003E02D8 003E0864 003E02D8 003E0000 003E5200 A43853A0
S 0F1FA 3 0F2D0 0000001F 0000000B 0000001D 00000011 00000007 00000006 00000007 0000000E 003E0F48 003E1BC6 003E4000 003E0F48 003E1968 003E1968 003E5200 0094F788
S 0F26A 3 0F272 00000009 004BA780 00000010 00000005 00000003 0000001A 0000001D 00000011 003E1CF6 003E1CF6 003E1CF6 003E4000 003E4000 003E1BC6 003E5200 F7AD160E
S 0F2CC 3 13586 00000000 00000010 00000016 00000006 00000015 00000013 0000001C 00000000 003E4000 003E4000 003E1968 003E02D8 003E0864 003E1968 003E5200 CDF7D111
X 0F2EE 2
X 0F2FA 2
S 0F306 3 0F312 00000048 00000019 00000048 00000004 0000001C 0000000D 0000000A 0000001E 003E02D8 003E4348 003E1CF6 003E02D8 003E02D8 003E1BC6 003E5200 02889C77
S 0F3B2 3 0F3BE 00000019 00000008 00000019 00000011 0000001D 0000001C 0000000A 00000017 003E1BC6 003E0F48 003E4000 003E0000 003E0000 003E1CF6 003E5200 5863523E
S 0F4CA 3 0F4D6 00000014 0000000E 00000014 0000001C 0000001B 00000006 0000000F 0000000A 003E02D8 003E0F48 003E0000 003E1BC6 003E02D8 003E02D8 003E5200 710D62BF
S 0F52C 3 0F536 00000018 00000007 0000001B 0000000A 0000000D 00000002 00000004 00000018 003E4010 003E02D8 003E1968 003E0864 003E1BC6 003E1968 003E5200 84EB548D
S 0F540 3 0F54C 00000010 00000002 00000002 00000010 00000002 00000003 00000018 0000000B 003E1CF6 003E1CF6 003E0000 003E1968 003E1CF6 003E02D8 003E5200 DFB34603
S 0F5F6 3 13586 00000014 0000001A 00000013 00000018 0000000C 0000001C 00000018 0000000B 003E0F48 003E0F48 003E0864 003E1968 003E1968 003E0F48 003E5200 6779E591
S 0F630 3 0F640 0000000B 00000001 00000017 00000014 00000019 00000008 0000000C 00000001 003E1CF6 003E1BC6 003E1BC6 003E0864 003E02D8 003E02D8 003E4FE8 244F283C
S 0F79E 3 0F7AE 0000001C 00000000 0000000D 00000016 00000016 0000001C 0000000C 00000000 003E02D8 003E4000 003E1BC6 003E0F48 003E0F48 003E1CF6 003E4FE8 CED68C2C
S 0F922 3 0F932 00000000 0000000C 00000017 00000010 0000001D 00000012 0000000F 00000010 003E02D8 003E1CF6 003E1BC6 003E0F48 003E0864 003E0F48 003E5200 F75C70B2
S 0F936 3 0F946 00000016 0000001E 00000011 0000001D 0000001C 00000015 00000004 00000015 003E1968 003E4000 003E02D8 003E1BC6 003E0864 003E1BC6 003E4FE8 B9AF7FA5
X 0FB74 1
S 0FB80 3 0FB8C 00000001 00000006 00000006 00000010 0000001B 0000001D 0000001C 00000000 003E0F48 003E1CF6 003E4000 003E4000 003E0F48 003E0864 003E5200 E3A07344
S 0FBC6 3 0FBD2 00000006 00000013 00000011 00000010 0000001A 00000012 00000000 0000000F 003E4FEC 003E0864 003E4000 003E4000 003E1BC6 003E0F48 003E5200 44BDDDB4
S 0FBE2 3 19C2E 0000000B 0000001D 00000013 0000001A 00000002 00000002 00000006 00000014 003E1BC6 003E0864 003E1968 003E02D8 003E1CF6 003E0F48 003E5200 E0290375
S 0FBE4 3 00654 0000001E 00000003 00000010 0000000A 0000000D 00000007 00000010 0000001B 003E1BC6 003E1968 003E1CF6 003E1CF6 003E4000 003E1CF6 003E5200 31FC91C6
X 0FC06 1
X 0FC0E 0
S 0FC10 3 13586 00000011 00000006 0000001E 0000000F 00000012 00000007 00000009 0000001A 003E0864 003E1CF6 003E1BC6 003E02D8 003E0864 003E02D8 003E5200 FE14018F
S 0FC1E 3 0FC2C 00000000 00000003 00000007 00000010 00000006 00000017 00000002 00000019 003E02D8 003E0864 003E1968 003E0F48 003E1CF6 003E0F48 003E5200 79EF3FF8
S 0FC32 3 0FC3E 00000000 0000000A 00000002 0000000A 0000001F 0000000D 00000011 00000017 003E1968 003E1968 003E1968 003E4000 003E1CF6 003E0864 003E5200 AC2EBA70
X 0FC3A 2
S 0FC46 3 0FC54 00000000 00000003 0000001F 00000014 0000000B 00000003 00000011 00000018 003E02D8 003E02D8 003E4000 003E0864 003E1CF6 003E02D8 003E5200 AF7F68F7
S 0FC4A 3 0FC54 00000000 00000013 00000012 00000011 0000000F 00000005 00000014 00000002 003E1BC6 003E0F48 003E0864 003E1968 003E1968 003E02D8 003E51FF 9C2FC1BB
S 0FC74 3 0FC82 00000000 00000003 0000001A 00000013 0000001E 00000000 00000007 00000004 003E02D8 003E4000 003E0F48 003E1CF6 003E0864 003E0F48 003E5200 ACC785D9
S 0FC88 3 0FC94 00000001 00000002 00000011 00000017 0000000C 00000001 00000011 00000008 003E0864 003E0864 003E1BC6 003E1CF6 003E02D8 003E4000 003E5200 C604597D
S 0FC9C 3 13586 00000004 00000009 00000017 00000005 00000014 0000000F 0000000C 0000001F 003E0F48 003E0864 003E1968 003E1968 003E02D8 003E4000 003E5200 F95C499C
S 11BD8 3 11BE0 00000000 0000001C 0000000B 00000004 00000009 00000010 0000001E 0000001E 003E02D8 003E1CF6 003E0F48 003E1968 003E0F48 003E1CF6 003E5200 51098AA3
S 11BEC 3 11BF4 00000000 0000000C 00000000 0000001C 0000000E 00000005 0000001A 0000001D 003E02D8 003E0F48 003E1968 003E1CF6 003E0F48 003E0F48 003E5200 15354C6C
S 11C04 3 11C0C 00000000 0000001F 0000000D 00000007 0000000B 00000015 00000013 00000013 00000021 003E1968 003E02D8 003E1968 003E02D8 003E0F48 003E5200 BCEC152B
S 11CE2 3 11CEE 0000005E 00000004 00000007 00000007 0000001F 00000000 00000008 00000001 003E4303 003E0F48 003E02D8 003E1968 003E1CF6 003E4000 003E5200 47A25826
S 11CF8 3 11D04 00000000 00000000 00000000 0000001D 000000FE 000042D0 00000011 0000001E 003E0F48 003E1BC6 003E4000 003E02D8 003E4000 003E1BC6 003E5200 1F52D522
S 11D5C 3 11D66 00004299 00000010 0000000A 00000013 00000009 0000001E 00000015 00000004 003E1968 003E1BC6 003E4000 003E02D8 003E4000 003E1CF6 003E5200 90C07714
S 11D96 3 11DA2 00000008 003E4104 00000004 00000016 00000011 00000012 0000000F 00000010 003E1BC6 0000000A 003E0864 003E1BC6 003E0864 003E1BC6 003E5200 BAEA84FF
S 11E10 3 13586 0000001B 00000008 00000016 00000013 00000019 0000000A 00000011 0000001C 003E02D8 003E4000 003E1BC6 003E1968 003E0864 003E1968 003E5200 877127A1
S 11E58 3 11E64 0000C1D1 00000056 00000015 00000019 00000014 00000016 0000000E 0000000C 003E0842 003E0F48 003E0F48 003E02D8 003E1968 003E1CF6 003E5200 7742B4BF
S 11EDA 3 11F08 00000000 00000005 00000018 0000000E 00000004 00000005 00000009 00000004 000E5930 003E1CF6 003E1BC6 003E02D8 003E1BC6 003E0F48 003E5200 D3565FC3
S 11EF2 3 11F08 00000000 00000001 00000004 0000000F 00000012 00000008 00000015 00000000 000DADDC 003E1BC6 003E0864 003E02D8 003E0864 003E0864 003E5200 CA90B1A5
S 11EFE 3 11F0A 00000000 00000012 0000000C 0000000D 0000000A 00000016 00000013 00000016 000D2608 003E0864 003E1968 003E0864 003E1BC6 003E0F48 003E5200 DA6C11BC
S 11F2A 3 11FD8 00000000 00000000 00000007 0000001B 0000001D 00000008 00000013 00000006 003E1CF7 003E02D8 003E4000 003E1968 003E0864 003E1CF6 003E5200 541142D1
S 11FF8 3 12004 00000005 00000007 000042B6 0000000C 00000001 00000006 00000019 00000012 003E4000 0000006E 003E4000 003E1BC6 003E0F48 003E1BC6 003E5200 FE1C4E24
S 12026 3 12032 00004227 00000003 00000015 00000003 00000004 0000001E 00000009 00000015 003E1CF6 0000004E 003E1968 003E02D8 003E0864 003E1CF6 003E5200 3C8D651E
S 1204C 3 13586 0000000A 0000001B 00000000 0000001A 00000008 0000000E 00000002 00000011 003E1BC6 003E4000 003E1968 003E0864 003E1968 003E4000 003E5200 1F26573F
S 12066 3 1206E 00000019 00000028 00000007 00000007 0000000B 00000010 00000003 0000000F 003E1BC6 003E0F48 003E02D8 003E4000 003E0F48 003E0864 003E5200 35F7A2DD
S 12078 3 12084 00000006 0000001F 00000000 0000000A 0000001C 0000001C 00000002 00000011 0000005A 003E423B 003E1CF6 003E02D8 003E0F48 003E4000 003E5200 57B18BC3
S 120A2 3 120A8 00000008 00000011 00000012 00000000 00000013 00000019 0000001F 00000012 003E4001 003E0864 003E02D8 003E1CF6 003E02D8 003E02D8 003E5200 2FC5DD2E
S 1217E 3 1218A 0000001E 00000017 00000013 00000008 0000001B 00000015 00000007 00000008 003E432D 000000FF 003E1BC6 003E1968 003E02D8 003E1968 003E5200 38816A0C
S 121C4 3 121D0 00000000 00000011 0000000A 00000012 0000001B 0000001C 0000001B 00000017 000DADDC 003E1CF6 003E4000 003E1968 003E02D8 003E1BC6 003E5200 B245D943
S 12222 3 18652 000000FF 00000007 0000001F 00000004 00000006 0000000D 000000FF 0000001C 003E0864 003E02D8 003E1CF6 003E0864 003E1968 003E1BC6 003E5200 9CA911E5
S 122C6 3 18652 00000034 00000018 0000001F 00000017 00000003 0000001C 00000009 0000000F 003E1966 003E1BC6 003E1BC6 003E0F48 003E02D8 003E1968 003E5200 D1A643E6
S 12306 3 13586 00000010 0000000C 00000009 0000000B 0000001B 00000006 0000000E 00000018 003E1CF6 003E0F48 003E0864 003E1CF6 003E0F48 003E02D8 003E5200 066BA138
S 1231A 3 12324 00000015 00000013 0000001E 00000012 0000000B 00000000 0000001A 00000002 003E0864 003E02D8 003E0864 003E1CF6 00012350 003E0F48 003E5200 FF80728F
X 12354 2
S 1238C 3 12392 00000000 0000001C 0000001C 00000000 0000000E 0000000B 00000006 0000000A 003E02D9 003E0864 003E4000 003E0864 003E02D8 003E1BC6 003E5200 38066066
S 124BE 3 124CA 00000001 00000013 00000000 0000000E 00000010 0000000E 00000014 0000000A 00000047 003E42F0 003E1CF6 003E1BC6 003E0864 003E1CF6 003E5200 596C1F07
S 124E2 3 124E8 00000000 00000019 00000003 00000000 0000001F 00000017 0000001C 0000001A 003E02D9 003E1968 003E4000 003E1968 003E4000 003E1CF6 003E5200 B33E5A59
S 12574 3 1257A 00000000 0000001B 0000001D 00000000 00000006 0000001B 00000014 00000019 003E02DA 003E0865 003E02D8 003E02D8 003E0864 003E1CF6 003E5200 8DB08AFC
S 1259C 3 125A4 00000003 00000000 0000001B 00000015 00000019 0000001A 00000009 00000003 003E0F48 003E0864 003E1BC6 003E0864 003E1968 003E0F48 003E5200 7A699269
S 125DA 3 13586 00000016 0000000F 0000001E 0000000C 00000003 0000001F 00000015 00000009 003E1BC6 003E1CF6 003E1968 003E0864 003E1968 003E1968 003E5200 D1E96530
S 1262A 3 12634 00000010 00000326 00000013 00000008 00000015 0000001F 00000015 00000001 003E02D8 003E02D8 003E02D8 003E0F48 003E1968 003E0F48 003E5200 8FF80F14
S 128BC 3 11E5C 0000000C 00000040 0000000D 00000011 00000004 00000014 00000009 00000017 003E1BC6 003E1CF6 003E1968 003E1BC6 003E02D8 003E02D8 003E5200 DA8874A7
S 13000 3 13010 0000000D 000003FF 00000008 00000013 00000008 00000016 00000008 0000001D 00200002 0021FFFE 003E1CF6 003E4000 003E0864 003E0F48 003E5200 C2963EA6
S 130B0 3 130BC 0000001E 00000016 00000018 00000009 00000013 00000001 00000016 00000005 003E4000 003E1BC6 003E0864 003E02D8 003E4000 00000089 003E5200 5B83EAB0
S 130EE 3 135BA 00000015 00000007 00000009 00000000 00000006 00000017 00000012 0000000B 003E0F48 003E1BC6 003E1BC6 003E1968 003E1BC6 0001325E 003E5200 9D3062E1
S 130F8 3 1366A 0000001E 00000018 0000000D 00000015 0000001A 00000012 00000010 0000000A 003E02D8 003E02D8 003E02D8 003E0864 003E1BC6 003E1BC6 003E5200 EF0C1BB5
S 13350 3 19F42 00000004 00000016 00000012 00000011 00000013 0000000D 0000001F 00000014 003E4000 003E1968 003E0F48 003E0864 003E1968 003E4000 003E5200 CFD2D071
S 133B2 3 196AE 0000000F 00000008 00000015 00000001 00000019 0000001C 00000010 0000001E 003E4000 003E02D8 003E02D8 003E1CF6 003E1968 003E1CF6 003E5200 65B8C539
S 133EC 3 00306 00000000 0000000A 00000002 0000000A 00000003 0000001D 0000001A 00000008 003E4000 003E1BC6 003E1CF6 003E1968 003E1BC6 003E1BC6 003E5200 612C205B
S 1354C 3 1355A 00000019 0000000D 0000001C 00000008 00000011 00000012 0000000A 00000007 003E3F04 003E1968 003E1CF6 003E1968 003E4000 003E0F48 003E5200 B0DA147D
S 1357C 3 1358A 00000010 00000007 00000000 00000008 0000001C 0000000C 0000001D 0000000D 003C4000 003E1968 003E1CF6 003E1BC6 003E0864 003E1968 003E5200 5A71109C
S 1378E 3 13798 00000000 0000001D 0000000B 0000001E 00000018 0000001F 00000000 00000019 003E1BC6 003E1968 003E1CF6 0072FFFE 003E0F48 003E4000 000137A0 B258166A
S 1397A 3 13984 00000000 00000018 0000000A 00000010 00000009 00000019 00000000 00000012 003E1968 003E02D8 003E1BC6 0072FFFE 003E1CF6 003E0864 0001398C D4976E65
S 13CDA 3 13CE8 0000843F 0000000B 0000001B 0000000E 0000000B 0000001C 0000000C 0000001C 003E1968 003E0F48 003E4000 003E0864 003E1BC6 003E02D8 003E5200 3998CB8A
S 13D1E 3 13D28 00000003 0000000A 003E4353 00000010 00000018 0000001C 00000013 00000014 003E1968 003E0864 003E4000 003E4000 003E1968 003E4000 003E5200 A5E1665C
S 13E0A 3 13E16 00000017 00000000 003E4029 0000001A 00000010 0000001A 00000006 00000002 003E1CF6 003E1968 00000051 003E1CF6 003E0864 003E1CF6 003E5200 750A6A15
S 13E6A 3 13E74 0000000A 00000009 0000001E 00000014 0000000E 0000000C 00000018 00000010 003E4FD4 003E0864 003E1968 003E1CF6 003E0F48 003E4000 003E4FE8 B684534B
S 13E94 3 13EA2 0000000C 00000014 0000002A 00000017 00000005 00000003 0000001A 0000000B 003E02D8 003E1CF6 003E3444 003E02D8 003E1CF6 003E1BC6 003E5200 66C98535
S 13F40 3 14776 00000014 00000017 00000010 0000000A 0000001C 0000000E 0000001A 00000007 003E4000 003E4000 003E02D8 003E02D8 003E1BC6 003E02D8 003E5200 2B626B71
S 13F98 3 13FAA 00000000 00000016 00000015 00000000 00000007 0000001D 00000009 00000011 003E1BC6 003E1968 003E1BC6 003E0864 003E4000 003E1968 003E5200 871930A9
S 13FCE 3 13586 0000000D 00000004 00000019 0000000B 0000001A 00000005 00000006 00000005 003E02D8 003E0864 003E0F48 003E1BC6 003E4000 003E0F48 003E5200 88FE5962
S 14044 3 14054 00000009 00000011 0000001C 00000019 0000000A 00000004 00000003 00000014 003E1BC6 003E0F48 003E3448 003E3446 003E1CF6 003E02D8 003E5200 82DBA7DA
S 14138 3 14146 0000001F 00000008 00000050 00000005 00000003 0000001E 0000001E 0000001A 003E1CF6 003E0F48 003E3446 003E1968 003E0864 003E1BC6 003E5200 991008D1
S 141D4 3 141E4 0000001E 0000000C 00000007 00000000 00000015 00000009 0000000C 00000008 003E1968 003E1CF6 003E1CF6 003E1BC6 003E4000 003E02D8 003E5200 E8ECFE90
S 1425C 3 1426A 00000015 0000001E 0000000D 00000008 00000000 00000005 00000002 0000001E 00000022 003E1CF6 003E1BC6 003E0864 003E352A 003E1BC6 003E5200 BB116912
S 143B0 3 143BC 0000000C 00000007 003E416E 00000003 00000018 0000001E 00000019 0000001B 003E1CF6 003E02D8 0000000A 003E0864 003E0864 003E1BC6 003E5200 71AEE49C
S 14492 3 144A4 0000000D 0000001D 00000005 00000009 00000009 00000007 0000001B 00000014 003E4000 003E0864 003E0864 003E1CF6 003E0F48 003E4000 003E5200 F28CEBB4
S 144AE 3 144BC 00000002 00000001 0000001C 00000017 00000000 00000006 00000019 00000002 003E4000 003E0F48 003E02D8 003E4000 003E0864 003E0864 003E5200 E390E596
S 144D0 3 13586 0000000E 0000001B 00000018 00000010 0000001E 0000001B 00000000 0000000B 003E0864 003E1968 003E02D8 003E0864 003E1BC6 003E02D8 003E5200 17A8E182
S 14578 3 14588 00000008 00000007 0000001F 0000001C 00000009 0000001D 0000000A 0000001B 003E1CF6 003E1BC6 003E3536 000143B0 003E0864 003E0F48 003E5200 291D37FD
S 14772 3 14780 00000016 00000022 0000001E 00000012 00000011 00000004 00000000 00000002 003E0F48 003E34CC 003E1CF6 003E1CF6 003E0864 003E0864 003E5200 EEB712C3
S 1485C 3 14868 0000000E 00000095 00000013 00000011 00000010 00000017 00000009 00000016 003E1CF6 003E4000 003E0F48 003E1BC6 003E1CF6 003E0F48 003E4FE8 3C159346
S 14A36 3 14A42 00000018 00000006 000000C7 003E4078 00000000 00000005 0000000C 00000016 003E02D8 003E4000 003E1BC6 003E02D8 003E4000 003E02D8 003E5200 B9C5F144
S 14B2C 3 14B38 0000000D 0000000D 0000009C 00004033 0000001E 0000001D 00000009 00000001 003E0F48 003E4000 003E1968 003E1CF6 003E1BC6 003E02D8 003E5200 44B35D32
S 14C3C 3 14C48 00000004 00000000 000000FD 0000001F 00000016 00000011 00000005 00000010 003E1968 003E1CF6 003E0864 003E1968 003E1CF6 003E0864 003E4FE8 AAE2FF6E
S 14DD2 3 14DDC 00000017 0000001C 00000008 00000014 00000011 00000000 00000004 0000001C 003E4000 003E1CF6 003E1968 003E1BC6 003E1968 003E0864 003E4FE8 3DC8DAF8
S 14E5C 3 14E68 00000002 00000019 0000000E 003E3454 00000000 00000004 0000001D 00000003 003E1CF6 003E1CF6 003E02D8 003E0F48 003E0F48 003E02D8 003E5200 2DBEBBE8
S 14ECA 3 14ED6 00000019 00004243 0000000D 00000013 00000013 00000001 00000017 00000001 003E02D8 003E1CF6 003E02D8 003E0864 003E4000 003E1BC6 003E5200 064B1E7F
S 14EF8 3 14F04 0000001B 0000004A 0000000E 00004302 00000005 0000000B 00000019 0000001D 003E1968 003E02D8 003E1BC6 003E1968 003E1BC6 003E1968 003E5200 F3476127
S 14F7A 3 14F86 00000000 000000EB 0000001A 0000001C 0000000B 00000014 00000018 0000001A 003E0F48 003E0F48 003E1CF6 003E4000 003E0864 003E0F48 003E5200 2CACBA91
S 14FF2 3 14FFE 0000001A 0000001E 0000002E 00000005 00000001 0000001E 00000013 0000000B 003E1BC6 003E4000 003E0864 003E1CF6 003E0F48 003E1BC6 003E5200 786B7F6B
S 15064 3 15070 00000011 00000007 0000001C 000040AC 0000001F 00000005 00000000 00000000 003E1968 003E0864 003E1968 003E0864 003E0864 003E02D8 003E5200 52BDC2F8
S 15100 3 15108 00000059 00000059 0000000E 00000014 00000005 0000001A 0000001B 00000006 003E1CF6 003E02D8 003E1BC6 003E02D8 003E1968 003E02D8 003E5200 198473B3
S 1520E 3 1521E 00000007 00000000 0000001A 00000015 0000001D 0000000C 0000001A 0000000D 003E1968 003E1968 0001D762 003E361E 003E1968 003E1968 003E5200 1113EB2A
S 155A0 3 13586 00000009 00000015 00000011 0000000F 00000003 00000005 00000006 00000004 003E1CF6 003E1968 003E1BC6 003E1968 003E1CF6 003E0864 003E5200 FDDFA9E1
S 15672 3 1567A 00000000 00000000 00000001 00000015 0000001B 00000000 00000003 0000000D 003E1968 003E1BC6 003E1968 003E0F48 003E0864 003E4000 003E5200 70AF1114
S 1568E 3 15696 0080FFFF 000000D7 00000003 00000010 00000009 00000013 00000004 00000017 003E0864 003E1CF6 003E1CF6 003E02D8 003E02D8 003E0F48 003E5200 A8727CD2
S 156AC 3 156B8 0000000A 00000010 00000012 00000087 00004289 00000005 00000005 00000009 003E0F48 003E02D8 003E0F48 003E02D8 003E0864 003E1BC6 003E5200 EF16FB14
S 15830 3 1583A 00000012 00000013 00000008 0000000F 00000007 00000008 0000000B 00000013 003E02D8 003E4000 003E1CF6 003E0F48 003E1BC6 003E0F48 003E5200 F8E97A8E
S 160BA 3 19366 00000000 00000018 00000034 00000007 0000000F 00000012 0000000F 00000019 003E1BC6 003E4000 003E4000 003E0864 003E02D8 003E0864 003E5200 263D5A09
S 1684C 3 19366 00000000 0000001E 0000007E 0000001D 0000001E 0000000C 00000019 0000001A 003E0F48 003E4000 003E0864 003E1BC6 003E1CF6 003E1968 003E5200 918FC9EC
S 168F8 3 1936C 00000000 00000013 00000009 00000003 00000010 00000014 00000005 0000000C 003E0864 003E1CF6 003E1BC6 003E0864 003E1BC6 003E4000 003E5200 E062F345
S 16BC8 3 13586 0000000C 0000001D 0000001B 0000000C 00000010 0000000F 00000003 00000002 003E4000 003E02D8 003E0F48 003E1BC6 003E1968 003E0864 003E5200 952F0F6B
S 16BDA 3 16BE8 00000013 00000010 00000019 0000001B 0000000E 00000007 00000013 0000000A 003E1968 003E1CF6 0001851C 00017FCC 00017EDE 003E1CF6 003E5200 86D901F1
S 16D3E 3 160BC 00000016 00000004 0000000D 00000013 00000006 0000000D 0000000F 0000000D 003E1968 003E1968 003E02D8 003E0864 003E02D8 003E02D8 003E5200 84C2063E
S 16D4E 3 181AE 00000009 0000001B 00000016 00000010 0000001C 00000018 00000018 00000001 003E02D8 003E02D8 003E0864 003E1968 003E1CF6 003E4000 003E5200 F11CBB34
S 16D60 3 181AE 00000017 0000000E 00000000 00000004 00000008 00000012 00000005 00000009 003E1BC6 003E1CF6 003E1CF6 003E1968 003E0F48 003E02D8 003E5200 39BB15DB
S 16D6E 3 15218 00000019 00000006 00000000 00000019 00000005 00000001 00000009 00000016 003E1BC6 003E02D8 00010864 003E361E 003E1CF6 003E02D8 003E5200 2EFDAD13
S 16D78 3 17808 00000015 00000000 0000000F 00000017 00000010 0000000C 00000017 0000000A 003E1968 003E02D8 003E02D8 00011968 003E4000 003E1BC6 003E4FE4 9F8D9B31
S 16D80 3 16FF8 00000009 00000015 00000002 0000000F 0000000D 00000010 0000000B 0000000B 003E1968 003E1CF6 00010864 003E4000 003E1CF6 003E4000 003E4FE4 B80F4E18
S 16D88 3 174A8 00000013 00000014 00000101 00000000 00000006 00000001 0000000E 00000003 003E0864 00201CF6 003E02D8 003E02D8 003E02D8 003E02D8 003E5200 BD3A1F3C
S 16E14 3 13586 00000014 00000017 00000019 0000000C 00000011 0000001E 00000016 0000000E 003E1968 003E1BC6 003E1968 003E1968 003E0F48 003E1CF6 003E5200 663DD591
S 16E1C 3 17994 0000000D 0000000F 0000001E 00000012 0000000B 00000000 00000002 0000000E 003E0864 003E1968 003E4000 003E0864 00011BC6 003E02D8 003E4FE4 D2A09A5F
S 16E24 3 169D0 00000006 0000000B 00000017 0000000C 00000019 0000001F 00000015 0000000E 003E4000 003E0864 0001829C 00016958 003E02D8 003E4000 003E5200 51544B75
S 16E2C 3 16E34 00000019 0000001A 0000000B 00000000 0000000E 0000001F 0000001D 00000005 003E1968 003E02D8 003E1968 003E0F48 003E4000 003E0F48 003E5200 A6B3580A
S 16EEC 3 16EF4 0000000D 00000003 00000009 00000008 00000019 00000007 00000000 0000000B 003E1BC6 003E0864 003E1968 003E4000 003E1BC6 003E1968 003E5200 58CEDB75
S 16FF0 3 16FFE 00000014 0000000C 00000006 00000000 0000001B 00000016 0000000C 00000013 003E0F48 003E0864 00018B76 00010F48 003E1BC6 003E0864 003E4FE8 FCEF76CD
S 17330 3 1733C 00000007 00000003 0000007D 00004157 0000000E 00000001 00000004 00000010 003E1CF6 003E02D8 003E4000 003E0864 003E0864 003E1CF6 003E5200 1276EB45
S 173D8 3 173E4 00000002 00000012 000041E5 00000081 00000017 0000000F 00000001 0000001E 003E1CF6 003E02D8 003E02D8 003E02D8 003E4000 003E0864 003E5200 E1A5C280
S 174A2 3 13586 0000000E 0000000D 00000012 00000019 0000000D 00000003 0000001E 0000001E 003E1CF6 003E0864 003E0864 003E02D8 003E1CF6 003E1968 003E5200 D1ABB54F
S 17500 3 17510 00000009 00000017 0000000A 0000001F 00000012 00000019 00000000 00000016 00200000 003E0864 003E1BC6 003E1BC6 003E1CF6 003E02D8 003E5200 3E4AB4E3
S 1753C 3 17548 000040DB 00000002 0000000A 00000018 0000001D 00000000 0000000D 00000006 0000000C 003E1968 003E1BC6 003E0864 003E1968 003E1BC6 003E5200 6414EF8C
S 175DE 3 175EE 0000000B 00000004 0000001E 0000000D 00000006 00000018 00000016 00000011 003E1CF6 003E02D8 00018B76 000190DA 003E4000 003E0F48 003E5200 B83F3B9E
S 177E8 3 18E66 00000016 0000001F 00000016 00000004 0000000E 00000014 0000000D 00000008 003E1968 003E0F48 003E0F48 003E0864 003E1CF6 003E1968 003E5200 4D4E47E1
S 17800 3 1780E 0000000A 00000010 0000000E 00000016 00000016 00000013 0000000E 0000000E 003E02D8 003E4000 003E02D8 0001851C 003E0864 003E02D8 003E4FE8 FEA3B457
S 1796E 3 1851C 00000013 00000018 0000001C 0000001C 0000001E 00000016 00000000 00000012 0000001C 003E1968 003E0F48 003E1CF6 003E02D8 003E1BC6 003E5200 23F2BFC5
S 1798C 3 1799A 00000014 00000006 00000010 0000001D 0000001D 00000011 0000001F 00000002 003E0864 003E02D8 003E02D8 003E0864 00018B5C 003E4000 003E4FE8 0E09E440
S 17EDE 3 13586 00000010 00000001 00000010 00000007 0000000E 0000001E 0000000F 0000000D 003E1CF6 003E0864 003E1968 003E1BC6 003E02D8 003E1968 003E5200 150A2E54
S 17EF4 3 17F00 0000001E 00000003 0000003D 0000001C 000041EA 00000004 00000001 00000008 003E4000 003E0F48 003E1968 003E1CF6 003E0F48 003E02D8 003E5200 9EAB3A20
S 17F42 3 17F50 0000001D 00000002 00000004 00000006 00000017 00000011 00000007 0000000A 003E4000 003E02D8 003E0F48 003E02D8 003E02D8 003E1BC6 003E5200 2AC8A381
S 17F70 3 17F7E 00000017 00000006 00000001 0000000B 0000001C 00000010 00000008 00000014 003E1968 003E0864 003E0864 003E1CF6 003E1BC6 003E02D8 003E5200 B580E551
S 17FCC 3 17FD8 0000001B 0000000F 00000071 00000003 0000004F 00000017 00000014 00000011 003E1968 003E0864 003E4000 003E0864 003E02D8 003E02D8 003E5200 A6D0A88C
S 18000 3 18006 0000001A 00000016 00000001 00000007 00000010 0000001D 00000011 00000018 003E1BC6 003E0F48 003E02D8 003E0F48 003E1BC6 003E1968 003E5200 6C13F213
S 18040 3 1804C 00000004 00000015 00000015 0000007E 00000017 00000013 00000000 0000001E 003E4000 003E02D8 003E0F48 003E1CF6 003E1CF6 003E02D8 003E4FE8 AACE24A2
S 1815A 3 18164 00000006 00000007 0000001C 00000005 0000000F 00000011 00000008 00000018 003E4000 003E1BC6 00018040 003E02D8 003E1CF6 003E1968 003E5200 B4A16B16
S 1829C 3 13586 0000001E 00000003 00000017 0000000D 00000004 00000015 00000008 00000015 003E0F48 003E1968 003E0864 003E1968 003E1CF6 003E0F48 003E5200 9565FCF4
S 183F2 3 18400 00000034 0000001F 0000001D 00000000 00000005 00000002 00000015 0000001B 003E3D8E 003E1CF6 003E0F48 003E0864 003E4000 003E02D8 003E5200 4466AD55
S 18418 3 1485C 0000001B 0000001C 00000001 0000000E 00000006 0000001B 00000017 00000012 003E1BC6 003E0F48 003E1CF6 003E1968 003E1968 003E0F48 003E5200 D7A25443
S 1851C 3 18528 00000000 0000009D 00000012 00000002 00000003 0000000C 00000004 00000008 00000012 003E0864 003E1BC6 003E4000 003E0864 003E4000 003E5200 7BDC7332
S 18544 3 19C2E 00000002 00000006 00000001 00000007 0000000B 00000018 0000000B 00000004 003E1BC6 003E0F48 003E1BC6 003E1BC6 003E0F48 003E1BC6 003E5200 2276F069
S 18548 3 18658 0000000D 00000002 0000001A 00000005 00000005 0000001D 0000000F 00000000 003E1968 003E0864 003E0864 003E02D8 003E02D8 003E0864 003E5200 7E08399D
S 18556 3 18658 00000001 0000000F 0000000C 00000012 0000000D 0000000D 00000015 0000001B 003E0864 003E1CF6 003E1CF6 003E02D8 003E1CF6 003E1BC6 003E5200 D6AD9332
S 18564 3 18658 00000006 0000000A 00000006 0000000C 00000002 00000004 0000001C 00000015 003E0F48 003E02D8 003E4000 003E02D8 003E1968 003E1CF6 003E5200 765A92A1
S 18576 3 13586 00000010 00000002 00000003 00000016 00000015 00000014 00000019 0000000A 003E0864 003E4000 003E1968 003E1BC6 003E1CF6 003E1BC6 003E5200 E5CB579E
S 18588 3 18658 0000000F 00000006 0000000C 0000000B 0000001A 00000015 0000001B 0000001E 003E1968 003E1BC6 003E1BC6 003E02D8 003E0864 003E1968 003E5200 7C101E98
S 18598 3 18658 00000000 00000017 00000011 00000009 00000012 00000002 00000016 0000000F 003E4000 003E4000 003E0F48 003E1968 003E1CF6 003E0864 003E5200 A6737AFF
S 185AA 3 18658 00000000 00000018 0000001D 00000019 00000017 00000007 00000016 0000001E 003E1CF6 003E02D8 003E1CF6 003E0864 003E02D8 003E4000 003E5200 9FBB72FA
S 185B6 3 18658 0000001B 0000000B 00000019 00000011 0000001A 00000000 0000001C 0000001A 003E1BC6 003E0864 003E1968 003E0864 003E1CF6 003E1968 003E5200 73CD577F
S 185CC 3 18658 0000000D 0000000E 00000009 0000000B 0000000A 00000008 00000016 0000000A 003E0864 003E02D8 003E0F48 003E1BC6 003E0F48 003E1BC6 003E5200 EAA404CE
S 185DC 3 18658 00000005 00000010 00000015 0000001D 00000019 00000006 0000001D 00000008 003E1CF6 003E1BC6 003E0864 003E0864 003E1CF6 003E0864 003E5200 7280CDF0
S 185EE 3 18658 00000009 0000001D 0000000D 0000000C 00000002 00000013 00000017 00000014 003E0864 003E1BC6 003E1BC6 003E1968 003E4000 003E0F48 003E5200 02B542CB
S 18600 3 13586 0000000B 0000001B 00000013 00000018 00000008 00000018 0000000E 00000019 003E1BC6 003E1BC6 003E1BC6 003E0F48 003E4000 003E1BC6 003E5200 25B2AA2A
S 18614 3 18658 0000001B 00000005 00000017 0000000A 00000017 00000019 00000011 0000001E 003E1BC6 003E4000 003E4000 003E0864 003E1968 003E1CF6 003E5200 E3B7D8D1
S 18626 3 18658 00000014 0000001E 00000015 00000007 0000001B 00000011 00000000 00000007 003E02D8 003E02D8 003E02D8 003E1BC6 003E1BC6 003E02D8 003E5200 C03BA022
S 1863E 3 18658 0000000E 00000008 00000000 00000019 00000013 00000019 0000000C 0000001A 003E0864 003E0F48 003E02D8 003E0F48 003E0864 003E02D8 003E5200 2FC41F8B
X 18652 3
X 18658 1
S 1865E 3 18564 0000000C 003E6000 00000000 0000001D 00000011 0000000A 00000000 00000012 000000B9 003E4000 003E0F48 003E0F48 003E0864 003E0864 003E5200 BA0F8033
S 1866C 3 18564 003E414D 00000017 00000005 00000015 0000001F 00000004 00000012 00000012 000000D5 003E0864 003E1BC6 003E1CF6 003E1CF6 003E0F48 003E5200 A518A82C
S 1867C 3 13586 00000014 00000002 0000001A 0000000F 0000001C 00000006 0000000E 0000001D 003E0F48 003E0864 003E0864 003E0864 003E1CF6 003E0F48 003E5200 4B4B372A
S 1868C 3 18694 00000004 00000002 00000004 00000000 0000000D 00000017 0000001F 00000016 00000033 00000032 003E1BC6 003E4000 003E1CF6 003E1BC6 003E5200 6BEA7644
S 1869E 3 186A8 00000000 00000000 00000019 00000012 00000012 00000004 00000000 0000001C 003E4000 003E0864 003E0864 003E4000 003E0F48 003E02D8 003E5200 B7F679EF
S 18764 3 18770 0000001D 00000012 00000003 00000017 00000003 00000007 00000019 00000007 003E4000 003E1BC6 003E3400 003E0864 003E1CF6 003E0864 003E5200 90010A8C
S 1884A 3 18854 0000000C 0000000F 0000000F 0000000E 00000018 00000016 0000001A 00000003 0000003E 003E1CF6 003E1968 003E1BC6 003E02D8 003E1CF6 003E5200 07D7C010
S 1885A 3 18864 00000018 0000001C 00000007 0000001C 0000000C 00000011 0000000A 0000000D 003E0F48 003E1BC6 003E4000 003E02D8 003E1CF6 003E1BC6 003E5200 64D98865
S 1888C 3 18896 0000000F 000000EA 00000013 00000017 00000000 00000012 0000001F 00000011 003E02D8 000000EA 003E1CF6 003E1968 003E02D8 003E02D8 003E5200 621B8886
S 188AA 3 188B2 00000003 000000F0 00000013 00000011 00000017 0000000A 00000015 00000006 003E02D8 000000F0 003E4000 003E1968 003E0F48 003E1968 003E5200 9CE0DB57
S 188EC 3 13586 00000018 0000001F 00000004 0000000E 00000007 0000000E 00000001 00000009 003E0864 003E0F48 003E02D8 003E0F48 003E1CF6 003E0864 003E5200 86F0A0FF
S 188F8 3 189A0 00000000 0000001A 00000008 00000010 00000004 0000001B 00000011 00000019 00000000 00204000 003E1BC6 003E0F48 003E0864 003E02D8 003E5200 BF1AE5E3
S 1890C 3 18916 00000013 00000000 0000000B 00000009 0000000B 00000016 00000018 0000001B 003E4000 003E02D8 003E0864 003E1CF6 003E1CF6 003E1968 003E5200 006558C5
S 18A5E 3 18A6A 00000003 00004132 00000008 0000001F 0000001C 0000001D 00000018 0000000B 0000004C 003E4000 0000004C 003E0F48 003E02D8 003E0F48 003E5200 1209DE03
S 18A66 3 18A6E 00000000 0000001C 0000001C 0000000A 00000002 00000013 0000001B 00000001 003E02D8 003E0F48 003E02D8 003E4000 003E1CF6 003E4000 003E5200 C2C67969
S 18AFE 3 18B08 00000002 00000014 00000019 00000008 0000001B 00000004 00000018 00000018 003E4000 003E0864 003E02D8 003E4000 003E1968 003E0864 003E4FE8 85D6871D
S 18B26 3 18B32 0000000C 00000010 0000000B 0000001A 00000006 0000000B 00000012 0000000A 003E02D8 003E1968 003E0F48 003E1BC6 003E1BC6 003E0864 003E4FE8 80EF8281
S 18B5C 3 18B68 00000000 0000001E 0000001C 0000001D 0000001B 00000004 00000000 00000003 003E0864 003E0864 003E4000 003E4000 003E0F48 003E0864 003E4FE8 597EDC21
S 18B76 3 13586 0000001F 00000019 00000013 00000006 00000005 00000006 0000000E 00000018 003E1968 003E1968 003E0F48 003E02D8 003E0F48 003E1CF6 003E5200 5F9CBA9F
S 18B92 3 18B9E 00000015 00000011 00000007 00000010 00000013 00000003 00000009 00000004 003E1968 00200019 003E1CF6 003E0F48 003E0F48 003E02D8 003E5200 482E08D0
S 18C3C 3 18C48 00000018 000041D9 0000001E 00000016 00000002 0000001F 0000001C 0000001B 000000B4 003E02D8 003E1CF6 003E1968 003E1BC6 003E4000 003E5200 6CA6A2C4
S 18C48 3 18C50 000000AD 0000001A 00000006 0000000E 00000008 00000004 00000011 0000001D 003E1969 00000011 003E0F48 003E1CF6 003E1968 003E02D8 003E5200 4CDBCB43
S 18CAA 3 18CB4 00000026 00000001 0000000E 00000015 00000007 00000005 00000007 00000006 003E0865 07070707 003E1968 003E1968 003E1CF6 003E0F48 003E5200 5796E32F
S 18CCE 3 18CD6 00000023 00000000 00000019 00000004 0000000F 0000000F 0000000F 00000011 003E1BC6 003E1968 003E0F48 003E1BC6 003E0864 003E1BC6 003E5200 EF13F354
S 18CDE 3 18CEA 0000002D 00000000 00000003 00000005 00000005 00000017 00000019 00000012 0000001B 00200004 003E1BC6 003E4000 003E4000 003E0F48 003E5200 7AD3FF60
S 18D18 3 18D26 00000000 0000000F 00000001 00000012 00000014 0000000B 00000005 0000000F 003E0F48 00200004 00000000 003E1CF6 003E1BC6 003E1968 003E5200 FE643801
S 18D88 3 13586 0000001A 00000014 00000010 00000014 00000002 0000001A 0000001A 00000011 003E0F48 003E0F48 003E4000 003E4000 003E4000 003E0F48 003E5200 377557A8
S 18DC4 3 18DD0 00000007 000000AD 00000000 0000000C 0000001F 00000002 00000005 0000000E 003E1CF6 003E0F48 003E1968 003E1BC6 003E4000 003E0F48 003E5200 4B215F7C
S 18DEA 3 18DF4 00000004 000040C6 0000000F 00000017 0000000F 00000003 00000005 00000012 003E1BC6 003E0F48 003E0F48 003E1CF6 003E1CF6 003E1BC6 003E5200 731C8FD4
S 18DF6 3 18E06 00000002 00000059 00000018 00000017 00000012 00000014 00000014 00000014 003E1BC6 003E0F48 003E0F48 003E1BC6 003E0F48 003E1CF6 003E5200 206650AE
S 18DFC 3 18E06 00000001 00000033 00000003 00000017 00000019 00000011 00000011 0000000C 003E4000 003E1CF6 003E1BC6 003E02D8 003E1968 003E02D8 003E5200 D240E129
S 18E06 3 18E12 00000003 0000000A 00000003 00000006 00000011 0000001B 0000000C 00000014 003E1968 003E1CF6 003E3400 003E4000 003E0864 003E0F48 003E5200 26757323
S 18E66 3 18E72 00000000 00000009 0000001B 00000006 00000004 00000006 0000001F 0000000F 003E4000 003E0F48 00000018 003E1968 000192E6 003E1CF6 003E5200 80FD7C08
S 18F10 3 18F1A 00000004 0000000A 00000010 00000000 00000011 00000000 00000014 00000009 003E1CF6 003E1968 00019182 003E1968 003E4000 003E1968 003E5200 005E4822
S 19010 3 13586 00000013 00000004 0000001C 00000001 00000010 00000015 0000000A 00000001 003E1968 003E1BC6 003E1968 003E1BC6 003E0864 003E0F48 003E5200 7A7855D6
S 19032 3 1903E 0000425A 000000F0 0000000E 00000006 0000001E 00000002 0000000E 0000000E 003E0864 000192E6 003E02D8 003E0F48 003E1CF6 003E0864 003E5200 048AF7F3
S 19054 3 19062 00000002 00000009 00000011 0000000D 00000002 00000004 0000001B 00000007 003E4000 003E1968 003E02D8 003E02D8 003E4000 003E0F48 003E4FE8 5BB055BE
S 190C0 3 190CC 00000017 00000005 0000000C 00000018 0000000D 0000001E 00000011 00000019 003E1CF6 003E0864 003E1968 003E1BC6 003E4000 003E1968 003E4FE8 BDCEEDDE
S 190DA 3 190E8 00000001 00004023 00000013 00000006 0000000C 0000000A 00000015 00000011 003E1CF6 003E1968 003E1CF6 003E1CF6 003E1BC6 003E4000 003E5200 E3084946
S 19366 3 19378 00000000 0000001F 0000001B 00000013 00000004 00000008 00000000 0000000F 003E4000 003E0F48 003E1BC6 003E1CF6 003E1CF6 003E1BC6 003E5200 484E4111
S 1939C 3 193AA 0000000C 00000014 0000000F 00000009 0000000D 00000011 00000014 0000001A 003E3418 003E1968 003E1BC6 003E1CF6 003E1BC6 003E4000 003E5200 3908C40F
S 193F2 3 193FE 0000001A 00000017 0000001D 0000001E 00000016 0000001E 0000001F 00000011 000000B5 003E1BC6 003E1BC6 003E4000 003E0864 003E4000 003E5200 1FFC615F
S 19404 3 13586 00000014 0000001F 0000000D 0000000D 00000005 0000001C 00000010 00000012 003E02D8 003E1BC6 003E0F48 003E0864 003E0F48 003E4000 003E5200 2E7BE694
S 1940A 3 19416 000007FF 00000000 00000015 0000000D 00000019 0000000F 0000000B 0000000A 003E1CF6 00200004 003E0864 003E1968 003E0864 003E1BC6 003E5200 289799DB
S 1942A 3 19436 00000015 00000021 0000000C 0000001B 0000001D 00000007 0000000E 00000015 003E4000 003E02D8 003E0864 003E4000 003E4000 003E4000 003E5200 89673C83
S 1946E 3 1947A 00000002 0000005E 00000003 00000006 0000000B 00000003 00000015 00000015 003E41DE 003E02D8 003E1CF6 003E4000 003E0864 003E4000 003E5200 35D1336C
S 19552 3 1955C 00000000 4E750000 00000019 00000004 00000014 00000002 00000019 00000015 003E0F48 003E0864 003E1968 003E0F48 003E1BC6 003E02D8 003E5200 06E0DC4D
S 195B4 3 195BE 00000000 00000032 0000000E 00000009 00000009 00000016 0000000C 00000003 003E1968 003E4000 003E4000 003E1968 003E02D8 003E0864 003E5200 9EC43290
S 1960A 3 1960C 00000004 00000020 00000012 00000012 0000000D 00000004 0000001F 00000002 003E02D7 003E1CF6 003E4000 003E0F48 003E0F48 003E0F48 003E5200 1D75BF3E
S 19614 3 1961E 000000E2 00000008 00000015 00000018 0000000F 00000012 00000002 0000001E 003E42E4 003E42E4 003E02D8 003E1968 003E1CF6 003E1BC6 003E5200 46BCB687
S 196AC 3 13586 00000018 0000001F 0000001F 0000000A 00000008 00000012 00000010 00000012 003E1BC6 003E02D8 003E0F48 003E02D8 003E1CF6 003E1BC6 003E5200 E87C46C9
S 19786 3 1978C 00000009 00000017 0000000C 00000009 0000001A 00000008 00000010 0000001C 00000000 003E0864 003E1968 003E1CF6 003E1BC6 003E4000 003E5200 4B24ACA8
S 1978E 3 19796 00000019 0000000F 00000008 00000019 00000005 00000015 0000001D 0000001C 003E02D8 003E02D8 003E1BC6 003E1968 003E1968 003E1BC6 003E5200 9015E434
S 197D8 3 197DE 0000000A 00000001 0000001E 00000000 0000001A 0000000F 00000002 0000001B 003E1968 0000000F 003E4000 003E0864 003E0F48 003E1968 003E5200 F63A742A
S 198C0 3 198CC 00000019 00000004 00000015 00000013 00000004 0000001B 0000000A 00000016 003E1BC6 003E0864 00000075 003E4016 003E0F48 003E1CF6 003E5200 15592021
S 1997A 3 199CA 0000000C 00000009 00000009 0000001E 00000019 00000001 00000012 00000017 003E4000 003E4000 003E1CF6 003E0F48 003E02D8 003E02D8 003E5200 6CA82ECF
S 19A24 3 19A2E 0000000F 00000000 00000008 00000014 00000006 00000003 0000000A 00000006 003E1CF6 003E1CF6 003E0864 003E1CF6 003E1CF6 003E0F48 003E5200 69EFC618
S 19BB8 3 19BC2 00000001 0000001C 00000008 00000014 0000000A 0000001F 0000000E 00000004 003E4051 00000001 003E4000 003E1CF6 003E0864 003E0F48 003E5200 78D1323D
S 19BD8 3 13586 00000013 00000018 00000018 00000012 00000010 00000007 00000012 0000000F 003E1CF6 003E1BC6 003E1CF6 003E4000 003E02D8 003E1968 003E5200 5FECD00A
S 19C00 3 19C0A 0000001F 003E41FE 0000001B 0000001E 00000000 00000011 0000000C 00000014 000000EC 000000EC 003E02D8 003E0864 003E4000 003E0F48 003E5200 711CFFEF
S 19C22 3 19C2A 00002704 0000006C 00000011 0000001A 00000004 0000000C 0000000D 00000019 003E1BC6 003E4000 003E1BC6 003E02D8 003E4000 003E02D8 003E5200 561393E2
X 19C2E 2
S 19C3C 3 19C4C 0000001F 00000017 00000003 0000001A 0000001B 0000001E 00000012 00000007 006C0000 003E367C 003E4000 003E4000 003E1BC6 003E1968 003E5200 7288C55A
S 19C70 3 19C7A 000000C5 00000001 00000010 00000007 00000017 00000004 00000005 00000003 003E4000 003E0864 003E02D8 003E1BC6 003E1968 003E0F48 003E5200 F714B11D
S 19CCC 3 19CD4 00000030 00190000 00000018 00000015 0000000F 00000011 00000016 00000014 00000087 003E1BC6 003E1CF6 003E0864 003E02D8 003E1CF6 003E5200 27564006
S 19CD0 3 19CDA 000000A0 00000006 0000000D 00000013 00000002 00000009 0000001E 00000005 00000036 003E02D8 003E4000 003E1BC6 003E1968 003E1BC6 003E5200 5FDF149A
S 19F3E 3 19F4E 0000001F 0000000F 0000000A 0000001B 00000000 00000001 00000014 00000006 003E4000 003E1CF6 003E370E 00019CE4 003E02D8 003E1968 003E5200 A6EBAB93
S 1A05A 3 1A066 0000001C 00000005 00000011 00000000 0000000C 0000001A 00000019 0000001D 0000007F 003E0F48 003E4000 003E4000 003E02D8 003E1BC6 003E5200 CDFA51EC
S 1A0CC 3 13586 0000001C 00000002 0000001A 00000016 0000001D 00000010 00000019 0000000E 003E4000 003E02D8 003E1BC6 003E0F48 003E02D8 003E02D8 003E5200 7366C989
S 1A100 3 1A108 0000006E 00000037 00000014 0000000C 00000002 00000000 0000000B 00000002 003E1BC6 003E02D8 003E4000 003E1CF6 003E0F48 003E1BC6 003E5200 62525A62
S 1A14E 3 1A15C 00000011 003E3D4C 0000000C 0000000C 00000015 0000000A 0000000D 00000018 003E3D56 003E0864 003E4000 003E1BC6 003E02D8 003E1CF6 003E5200 BD361B9D
S 1A1CA 3 1A1D8 00000012 00000013 00000004 0000001C 00000017 00000008 00000015 00000007 003E1968 003E1CF6 003E370E 000102D8 003E0F48 003E1968 003E5200 63834C74
S 1A230 3 3E422A 0000001A 0000001E 003E6000 0000007E 00000009 0000F8FF 00000006 0000001A 003E4000 003E4000 003E435F 00000055 003E1968 003E0866 003E5200 B4FA3868
S 1A23C 3 1A3E0 0000000F 00000003 0000000E 00000013 00000011 00000016 00000005 00000010 00000000 003E0F48 003E0F48 003E0864 003E0F48 003E1CF6 003E5200 B3CA9D27
S 1A248 3 1A252 00000097 00000009 0000001B 00000012 0000001B 00000000 0000001D 00000012 50C60000 003E1CF6 003E0F48 003E02D8 003E0864 003E0F48 003E5200 FD3D7A92
S 1A256 3 18652 00000001 00000007 00000010 0000001C 00000003 00000010 0000000B 0000001F 07070707 003E0864 003E4000 003E1968 003E1968 003E0F48 003E5200 217400ED
S 1A260 3 13586 00000009 0000000E 00000010 00000018 0000000E 00000010 0000000D 0000000E 003E0864 003E02D8 003E02D8 003E0864 003E1BC6 003E4000 003E5200 D4EE33DE
S 1A284 3 1A28C 0000000E 0000000E 0000000E 0000000A 0000001E 0000000E 0000000F 00000016 003E0864 003E4000 003E1CF6 003E4000 003E02D8 003E4000 003E5200 95B4CF1C
S 1A2C6 3 1A2D0 00000018 00000012 00000000 0000001A 00000005 0000001F 00000009 00000005 003E1CF6 003E1BC6 003E0864 003E0F48 003E4000 003E0F48 003E5200 E519A7BD
S 1A318 3 1A320 00000000 00000000 0000001A 0000001B 0000000E 00000014 00000014 00000013 003E1CF6 003E1968 003E0F48 003E02D8 003E0F48 003E1BC6 003E5200 1F00A4B8
S 1A3E6 3 1A3F4 00000010 0000000F 003E3D12 00000007 0000001A 0000000A 00000002 00000005 003E1BC6 003E4000 0000009A 003E02D8 003E0864 003E0864 003E5200 B948344F
S 1A58A 3 1A596 00000016 0000004A 0000001A 0000000C 0000000B 00000011 00000016 00000009 003E40ED 003E1CF6 003E02D8 003E1968 003E1CF6 003E0F48 003E5200 5CC0CFD3
S 1A5F0 3 1A5FC 00000008 00000006 00000007 00000002 0000001D 00000016 0000001E 00000008 003E0F48 003E4000 003E1CF6 0000005E 003E1CF6 003E1CF6 003E4FE8 C74DB9C4
S 1A8C0 3 1A8C8 00000015 00000007 0000000E 00000007 00000007 00000004 00000002 0000001A 003E1BC6 003E1BC6 003E0F48 003E1CF6 003E1968 003E1BC6 003E5200 E9380B9D
S 1ACE0 3 13586 00000001 00000005 0000001F 0000001C 0000000B 0000000F 00000015 0000000A 003E1968 003E4000 003E1BC6 003E0F48 003E0864 003E1BC6 003E5200 4FEE1272
S 1ACEC 3 1B04C 0000001D 00000015 00000001 0000000D 00000002 0000000C 00000011 00000003 003E4000 003E02D8 003E02D8 003E1CF6 003E0864 003E1BC6 003E5200 B31CAFEA
S 1ACF6 3 1AD00 0000000B 00000000 00000000 0000001A 00000000 00000001 0000000C 00000004 003E1BC6 003E0F48 003E1CF6 003E0F48 003E4000 003E1968 003E5200 E7C80187
S 1AD04 3 1AD14 00000009 00000005 0000001A 0000001B 0000001A 00000006 0000001C 00000009 003E4000 003E0F48 003E1BC6 003E4000 003E1968 003E1BC6 003E5200 9CA9A87A
S 1AD20 3 1AD26 00000009 00000009 0000001B 00000016 00000009 0000000D 00000013 00000006 003E1BC6 003E0864 003E0864 003E1BC6 003E0864 003E02D8 003E5200 082EC4BB
S 1AD42 3 1AD4C 00000019 00000000 00000000 00000008 0000001A 00000006 00000018 00000006 003E4000 003E4000 003E1CF6 003E4000 003E4000 003E1968 003E5200 7317E975
S 1AD54 3 1B048 0000001C 00000011 0000000A 00000018 00000000 0000001F 0000000B 0000001A 003E1BC6 003E0864 003E1968 003E1CF6 003E0864 003E4000 003E5200 CD5CA191
S 1AD60 3 1AD6A 00000013 00000000 00000000 0000001B 00000004 00000014 00000000 00000006 003E02D8 003E02D8 003E1BC6 003E1CF6 003E02D8 003E02D8 003E5200 1606B906
S 1AD6E 3 13586 00000014 0000000D 00000002 00000010 00000007 00000011 0000000E 0000001C 003E02D8 003E02D8 003E0864 003E02D8 003E1BC6 003E1968 003E5200 E72B0F8A
S 1AD82 3 1AD88 00000009 00000000 00000007 0000000E 00000000 00000000 0000000A 00000000 003E1968 003E1968 003E0864 003E1BC6 003E1BC6 003E1968 003E5200 7C4D9A14
S 1AD9A 3 1ADA8 00000000 00000005 00000016 0000001E 00000000 00000011 0000000A 00000005 003E1CF6 003E0F48 003E1CF6 003E0F48 003E0864 003E02D8 003E5200 964D1C1A
S 1ADA2 3 1ADAC 00000000 00000006 0000000C 00000012 0000000D 00000013 00000002 0000001F 003E1968 003E0F48 003E1968 003E1BC6 003E02D8 003E4000 003E5200 925A45B1
S 1ADB0 3 1ADB6 0000001A 00000018 00000005 00000015 00000018 0000001D 0000001F 00000004 003E0864 003E0864 003E02D8 003E0864 003E0F48 003E1968 003E5200 1BC67127
S 1ADCC 3 1ADD2 0000000C 0000001F 0000001A 00000007 0000001F 00000011 0000000D 0000000A 003E1CF6 003E4000 003E02D8 003E02D8 003E0F48 003E02D8 003E5200 B940D8C3
S 1ADE2 3 1ADE8 0000000A 0000000A 0000000E 0000001F 0000000A 0000000F 0000000C 00000012 003E4000 003E1CF6 003E02D8 003E4000 003E0864 003E1BC6 003E5200 03EB6FBD
S 1ADF8 3 1ADFE 00000010 00000011 0000000B 00000002 00000011 00000016 00000004 00000005 003E1CF6 003E1BC6 003E0864 003E02D8 003E0F48 003E1CF6 003E5200 A8BE6B50
S 1AE0E 3 13586 0000000C 00000006 00000013 0000001D 00000010 00000007 00000013 0000000C 003E1BC6 003E1CF6 003E1CF6 003E02D8 003E02D8 003E4000 003E5200 89E9ACE9
S 1AE2A 3 1AE32 000000FC 00000018 00000004 00000012 00000004 00000016 00000009 00000002 003E0F48 003E0F48 003E1968 003E0864 003E0F48 003E4000 003E5200 F0B11AE8
S 1AE3C 3 1B04C 0000000A 00000016 00000000 00000009 0000001A 00000006 00000002 0000001F 003E0864 003E0864 003E1968 003E1968 003E0F48 003E0864 003E5200 FEFDBCDC
S 1B06E 3 1B07A 00004310 00000006 00000019 00000010 00000006 00000015 00000011 0000000D 000000B8 003E1BC6 003E1968 003E4000 003E1968 003E1CF6 003E5200 E20D9123
S 1B11C 3 1B12C 0000000C 00000013 00000009 0000001D 00000011 0000000F 00000015 0000000B 001E00A7 003E3D8E 003E02D8 003E1BC6 003E0864 003E4000 003E5200 2B95BE18
S 1B166 3 1B174 00000005 00000005 0000001B 0000001C 00000008 00000009 00000010 00000018 00000049 003E1968 003E4000 003E0F48 003E1BC6 003E4000 003E5200 979C2DE0
S 1B1D2 3 1B1DC 00000007 0000009D 0000009D 00000000 00000004 00000017 00000019 00000018 003E02D8 003E4000 003E4000 003E02D8 003E1CF6 003E1968 003E5200 A5B47231
S 1B2B2 3 1B2C0 00000009 00000041 00000003 00000000 00000003 0000000E 0000000C 0000001B 003E02D8 00460000 003E0F48 003E4000 003E1BC6 003E1CF6 003E5200 86D21DE8
S 1B306 3 13586 00000018 00000018 00000002 0000000C 0000000B 00000004 00000010 00000013 003E0864 003E02D8 003E1CF6 003E4000 003E0F48 003E1BC6 003E5200 F8150538
S 1B42E 3 1B438 0000001A 00000016 0000001A 00000010 00000001 00000012 00000010 00000008 003E4000 003E02D8 003E4000 003E0F48 003E1968 003E0F48 003E5200 824829EE
S 1B4BE 3 1B4CE 00000001 0000843F 00000001 00000010 00000004 00000002 00000002 0000000F 003E3D8E 00640000 003E4000 003E02D8 003E1BC6 003E0F48 003E5200 12313F41
S 1B538 3 1B544 00000001 00000012 0000405A 0000003B 0000000C 0000001A 0000000C 00000004 003E0864 003E02D8 003E0F48 003E0864 003E1CF6 003E0F48 003E5200 E6104535
S 1B612 3 1B61C 0000019C 00000001 00000019 0000000C 00000005 0000000C 00000011 00000000 003E0F48 003E4000 003E4000 003E02D8 003E4000 003E1CF6 003E5200 8AA94CF4
S 1E6B2 3 1E6BA 00000000 00000000 00000008 00000009 00000019 00000019 0000000D 00000010 003E1BC6 003E1CF6 003E1968 003E0F48 003E02D8 003E4000 003E5200 8B004853
S 1E6DC 3 1E6E6 00000184 00000002 0000000B 00000017 00000013 0000000B 00000015 00000005 00020864 003E1BC6 003E02D8 003E1BC6 003E1BC6 003E0864 003E5200 44B35DD3
S 1E720 3 1E7E4 00000000 00000000 00000000 0000001D 00000002 00000005 0000000E 00000005 003E1BC7 003E02D8 003E4000 003E0864 003E02D8 003E4000 003E5200 0467A1EB
S 1E7B8 3 13586 0000001E 00000003 00000017 00000013 00000008 00000000 00000000 00000007 003E1BC6 003E1BC6 003E02D8 003E02D8 003E02D8 003E0F48 003E5200 7B12D80B
S 1E7E4 3 1E7EC 00000012 00000001 00000004 00000004 00000012 0000000C 00000005 00000017 003E0F48 003E0864 003E1BC6 003E02D8 003E1CF6 003E0F48 003E5200 66CAE80A
X 1E8D2 0
done 753
S 00118 5 18E0A 00000002 000000FF 00000013 0000000E 00000010 00000007 00000015 00000013 003E0864 003E1CF6 003E1BC6 003E02D8 003E1CF6 003E4000 003E5200 C4FD4646
S 0011E 5 19620 000000A7 00000005 00000012 00000018 00000011 00000004 00000016 00000003 003E40D4 003E402D 003E1CF6 003E4000 003E02D8 003E02D8 003E5200 51B053DF
S 00124 5 195C0 FFFFFFFF 000000E6 00000000 00000011 00000018 00000004 00000002 0000000D 003E1BC6 003E02D8 003E1968 003E1968 003E1BC6 003E1CF6 003E5200 248B83BF
S 0012A 5 1947C 00000015 000000FB 00000001 0000000A 00000009 0000000F 00000010 00000017 003E41F0 003E1CF6 003E1BC6 003E0F48 003E0864 003E02D8 003E5200 ABF17A69
S 00130 5 18D98 00000003 00000013 00000004 0000001A 00000007 00000005 0000001E 0000000D 000000FF 003E3444 003E3400 003E1BC6 003E1968 003E0F48 003E5200 2A1A421A
S 00136 5 18E06 00000004 0000409C 0000000D 0000000A 00000006 00000014 00000017 00000007 003E1BC6 003E1CF6 003E1BC6 003E4000 003E1968 003E4000 003E5200 CF53962F
S 0013C 5 18E0A 00000006 000000C6 00000002 00000014 0000000D 00000001 00000000 00000012 003E1CF6 003E1968 003E1968 003E0F48 003E1CF6 003E02D8 003E5200 F424D978
S 00142 5 13590 00000004 0000000B 00000010 0000000F 00000013 00000019 00000014 00000001 003C0000 003C02D8 003E0F48 003E0864 003E1CF6 003E0F48 003E5200 842722F5
S 00148 5 18E10 00000003 00000022 00000003 00000000 0000001F 0000001E 0000000D 00000009 003E02D8 003E1BC6 003E3400 003E1968 003E0F48 003E0F48 003E5200 89C8E215
S 0014E 5 18DD6 00000007 000000D3 00000012 0000001D 0000000A 00000012 0000000B 0000001F 003E02D8 003E02D8 003E1968 003E4000 003E0864 003E4000 003E5200 FAE62708
S 00154 5 18A6C 0000000A 0000409E 0000409E 0000000E 0000000D 00000012 00000004 00000002 000000F2 003E0F48 000000F2 003E1968 003E1968 003E1968 003E5200 C62A507E
S 0015A 5 18774 00000005 0000001B 00000003 0000001C 00000001 0000001B 00000019 00000005 003E1968 003E1CF6 003E3400 003E02D8 003E1BC6 003E02D8 003E5200 90500FA3
S 00160 5 1937E 00000000 0000000B 0000000C 0000001D 00000006 00000017 00000005 0000000F 003E0864 003E4000 003E1968 003E4000 003E1968 003E0F48 003E5200 D91555B3
S 00166 5 193AE 0000001B 00000010 00000003 00000006 00000004 00000008 00000018 00000017 003E3418 003E1BC6 003E0864 003E0864 003E1968 003E0F48 003E5200 28FC22E1
S 0016C 5 193E6 000000DA 00000000 00000008 00000004 0000001B 00000007 0000001D 00000008 003E3404 003E1BC6 003E4000 003E1968 003E1968 003E02D8 003E5200 25582140
S 00172 5 13590 00000015 00000015 00000001 00000000 00000011 0000000F 0000000C 0000000E 003C0000 003C0864 003E1968 003E0F48 003E4000 003E0864 003E5200 047ABC85
S 00178 5 14A48 0000000D 0000000E 0000002E 003E42B9 00000002 0000000A 00000003 00000014 003E4000 003E1968 003E34ED 003E1CF6 003E1CF6 003E0F48 003E5200 8466E9B9
S 0017E 5 1458E 0000000E 00000007 0000000E 00000010 00000001 00000016 0000000D 00000002 003E4000 003E02D8 003E3536 000143B0 003E34F4 003E0F48 003E5200 8C609ABB
S 00184 5 14782 00000016 000000DE 00000001 00000002 00000001 0000001E 0000001D 00000009 003E4000 003E34CC 003E1BC6 003E02D8 003E0864 003E4000 003E5200 40AB85B9
S 0018A 5 1486C 00000002 00000089 00000013 003E4089 0000001D 00000011 0000001D 0000001F 003E1BC6 003E1BC6 003E1BC6 003E1CF6 003E1CF6 003E1CF6 003E4FE8 CC1E0C6E
S 00190 5 14B98 00000000 000040CE 00000020 00000013 00000012 0000000A 0000000A 00000006 003E4000 003E0864 003E1CF6 003E1968 003E4000 003E1968 003E5200 7CA9BF9A
S 00196 5 14C4C 0000001D 0000001F 0000006F 00000004 00000004 00000008 00000002 0000000D 003E1BC6 003E1CF6 003E436F 003E0864 003E4000 003E0864 003E4FE8 05881755
S 0019C 5 14D58 00000010 0000413E 00000088 00000013 00000000 0000000F 00000018 00000016 003E1968 003E1968 003E1968 003E02D8 003E1968 003E0F48 003E4FE8 45373270
S 001A2 5 15074 00000000 00000017 00000018 00004055 0000000C 0000000B 0000001D 0000000A 003E1CF6 003E1BC6 003E4000 003E1BC6 003E1CF6 003E1968 003E5200 F067D833
S 001A8 5 155B4 00000000 0000000B 000000A8 00000017 00000018 00000013 00000006 00000003 003E1CF6 003E365C 003E365A 003E02D8 003E1BC6 003E4000 003E5200 77CCBDFE
S 001AE 5 13590 0000001E 0000001F 00000002 00000006 0000000A 00000015 00000008 00000000 003C0000 003C1BC6 003E0864 003E0864 003E1BC6 003E1CF6 003E5200 DDE1F2F2
S 001B4 5 15698 FFFFFBFF 00000000 0000001C 00000012 00000006 0000001E 00000012 00000018 003E4000 003E4000 003E02D8 003E02D8 003E4000 003E4000 003E5200 0FCF2322
S 001BA 5 156BE 00000004 00000007 00000003 00000071 000042E4 0000000F 00000019 0000000F 003E1CF6 003E0864 003E3632 003E0F48 003E0864 003E0864 003E5200 821DCC86
S 001C0 5 19368 00000000 0000000D 00000073 00000007 00000015 0000001B 00000014 00000019 003E0864 003E1CF6 003E4000 003E02D8 003E02D8 003E4000 003E5200 1E1C182A
S 001CA 5 18E74 00000000 00000000 0000001E 00000003 0000000D 00000002 0000001E 00000005 003E1BC6 003E4000 000000AB 003E0F48 000192E6 003E4000 003E5200 18421C98
S 001D0 5 19104 00000000 00000029 00000001 00000001 00000013 0000001B 00000017 00000009 003E1BC6 003E0864 000000C6 003E0F48 000192E6 003E1BC6 003E5200 3766F542
S 001D6 5 19042 00004170 000000C0 00000019 00000009 00000002 00000006 0000001F 0000000D 003E1968 000192E6 003E1CF6 003E0F48 003E02D8 003E1968 003E5200 A417C9F5
S 001DC 5 19020 0000405A 000000F0 0000001E 00000002 00000011 0000001A 0000000D 0000000D 003E4000 000192E6 003E1CF6 003E1CF6 003E0864 003E1BC6 003E5200 8A9C0822
S 001E2 5 13590 00000014 0000001E 00000017 00000008 0000000A 00000011 00000018 00000018 003C0000 003C0F48 003E0F48 003E0864 003E0864 003E02D8 003E5200 38E89DEC
S 001E8 5 193D4 00000064 0000000C 00000019 00000003 00000017 00000004 0000001E 0000001A 002000C8 003E4000 003E1CF6 003E4000 003E1CF6 003E0F48 003E5200 F8476147
S 001EE 5 1891A 00000000 0000006A 00000016 0000000D 0000000B 00000007 00000012 0000000D 003E4000 003E1BC6 003E1CF6 003E1BC6 003E1CF6 003E1968 003E5200 6E37865B
S 001F4 5 144BC 00000002 00000001 00000017 0000000E 0000000E 0000001C 00000019 00000015 003E0F48 003E1BC6 003E1CF6 003E1968 003E02D8 003E1968 003E5200 38FA5D90
S 001FA 5 1477A 0000001D 00000014 00000000 00000010 0000001A 0000000B 0000001A 00000011 003E4000 003E1968 003E1BC6 003E1968 003E4000 003E1CF6 003E5200 662E258A
S 00200 5 13F76 00000000 00000006 00000017 00000016 00000012 00000011 0000000F 0000001A 003E02D8 003E1968 003E0F48 003E1BC6 003E1BC6 003E0F48 003E5200 FE764F03
S 00206 5 13FAE 00000000 00000007 00000019 00000000 00000003 0000000D 0000000A 00000012 003E1BC6 003E1968 003E02D8 003E1CF6 003E4000 003E4000 003E5200 8A72558C
S 0020C 5 1419C 00000004 00000007 0000003F 0000001C 0000001C 00000001 00000007 00000000 003E1CF6 003E0864 003E02D8 003E0864 003E0F48 003E0F48 003E5200 ED0B353A
S 00212 5 1405A 00000009 0000000F 00000015 0000001F 0000001D 00000012 0000000C 00000012 003E0F48 003E1CF6 003E3448 003E3446 003E02D8 003E4000 003E5200 684298B7
S 00218 5 13F98 00000005 0000000E 00000007 00000011 0000000C 00000006 00000011 0000001D 003E02D8 003E0F48 003E1968 003E0864 003E0864 003E1BC6 003E5200 DF8123DD
S 0021E 5 1414C 0000001C 00000001 000000BB 00000010 00000012 00000014 0000000E 00000014 003E1BC6 003E0864 003E3446 003E1968 003E1BC6 003E1BC6 003E5200 77027E4F
S 00224 5 13590 00000018 00000017 00000002 00000009 0000000B 0000000D 0000000F 00000005 003C0000 003C02D8 003E1BC6 003E02D8 003E4000 003E1BC6 003E5200 E20E4DEF
S 0022A 5 141E6 00000006 0000000C 00000002 00000000 00000014 0000000C 0000001E 00000009 003E1CF6 003E02D8 003E1968 003E1968 003E1BC6 003E1CF6 003E5200 16E410B3
S 00230 5 13F9E 00000011 00000011 00000002 00000004 00000001 0000001F 0000000B 00000012 003E0F48 003E0864 003E02D8 003E02D8 003E1968 003E1CF6 003E5200 DE554764
S 00236 5 1A0DE 00000020 003E3D55 00000010 00000015 0000001B 00000016 00000003 00000009 003E3D5A 003E1968 003E0F48 003E1CF6 003E0F48 003E0864 003E5200 8E80E9AF
S 0023C 5 19F56 00000016 00000010 00000019 0000000F 00000002 0000000E 00000019 00000009 003E1968 003E02D8 003E370E 00019CE4 003E1BC6 003E0F48 003E5200 3E84C9EF
S 00242 5 19368 00000000 00000015 0000001D 0000001E 00000001 00000007 00000004 00000019 003E1BC6 003E0864 003E1BC6 003E1CF6 003E1968 003E0F48 003E5200 1567715D
S 00248 5 18B82 0000003B 00460000 00000019 00000003 00000011 00000012 00000007 00000014 003E0F48 003E1968 003E0F48 003E1BC6 003E4000 003E4000 003E5200 29A3AF7E
S 0024E 5 18B36 0000001F 0000000B 00000019 00000013 00000007 0000000F 0000000D 0000000D 003E0864 003E1CF6 003E1CF6 003E4000 003E0864 003E4000 003E4FE8 C5AAEB82
S 00254 5 13590 00000015 0000000E 0000001D 0000000B 00000015 0000000C 0000000A 0000001B 003C0000 003C0F48 003E0F48 003E1968 003E1968 003E02D8 003E5200 8E5220BE
S 0025A 5 190EA 0000001C 00004150 0000001C 00000017 00000001 0000001A 0000000D 00000003 003E1968 003E4000 003E0864 003E1CF6 003E02D8 003E02D8 003E5200 FAE02743
S 00260 5 1909A 00000011 00000003 00000009 00000018 0000000E 0000000B 00000006 0000000F 003E1BC6 003E1968 003E1968 003E1968 003E1968 003E1CF6 003E4FE8 74BDC98E
S 00266 5 190D0 00000019 00000009 00000014 0000001B 00000003 00000016 0000001B 0000001C 003E0F48 003E4000 003E1CF6 003E0864 003E0F48 003E1CF6 003E4FE8 AE31A0CF
S 0026C 5 18402 00000001 00000019 0000000D 0000001C 00000005 00000002 00000008 00000005 003E3D8E 003E02D8 003E1CF6 003E1BC6 003E02D8 003E0864 003E5200 4276114B
S 00272 5 1583C 00000007 00000013 00000014 00000014 00000003 00000015 00000004 0000001B 003E1968 003E1968 003E02D8 003E0864 003E0864 003E02D8 003E5200 D8CFF59A
S 00278 5 14A3A 00000008 00000013 00000012 0000000D 00000015 00000013 00000013 00000001 003E1BC6 003E1BC6 003E1968 003E0F48 003E1BC6 003E1CF6 003E5200 A585A0D2
X 0027E 3
S 00286 5 13590 0000000B 00000007 00000003 0000000A 0000000D 00000016 0000000D 0000000C 003C0000 003C0F48 003E1CF6 003E1968 003E1BC6 003E1CF6 003E5200 8BB2F793
S 0028C 5 19064 00000002 0000001C 0000001C 00000001 0000001D 0000001E 00000011 0000001E 003E02D8 003E1BC6 003E4000 003E0F48 003E02D8 003E1968 003E4FE8 0E6EC83B
S 00292 5 13CEC 0000A43F 00000013 00000015 00000016 0000000E 00000002 00000007 00000006 003E0864 003E0F48 003E1BC6 003E1BC6 003E0F48 003E4000 003E5200 B2DA4FD2
S 00300 5 003F6 00000004 00000017 00000018 00000000 00000015 00000000 00000019 00000005 003E3F00 003E1968 003E1968 003E1968 003E1CF6 003E4000 003E5200 B34FBB64
S 00306 5 00596 00000013 0000000A 00000016 0000001F 00000014 00000002 00000017 0000000A 003E1968 003E4000 003E4000 003E0864 003E4000 003E02D8 003E5200 0926D404
S 003EA 5 003FA 00000013 0000001E 0000001E 00000010 0000000B 00000016 0000000D 00000015 003E3F02 003E0F48 003E0F48 003E1BC6 003E02D8 003E1968 003E5200 06C28EA0
S 00402 5 00424 0000001C 0000000A 00000009 0000001F 00000007 00000007 00000017 00000000 003E4002 003E1CF6 003E0F48 003E0F48 003E02D8 003E02D8 003E5200 D05D695E
X 00404 5
S 0042A 5 0064A 00000007 00000013 00000056 00000019 0000000B 0000001A 00000005 0000001A 003E0864 003E0F48 003E4000 003E0F48 003E1CF6 003E0864 003E5200 D11D0969
S 00430 5 00444 55555555 AAAAAAAA FFFFFFFF 00000000 00000010 0000000A 00000015 00000018 003E02D8 003E4000 003E0864 003E1BC6 003E0F48 003E1CF6 003E5200 72A8491D
S 00438 5 0044A 00000001 AAAAAAAA FFFFFFFF 00000000 00000010 0000001B 0000001B 00000006 003E02D8 003E1CF6 003E02D8 003E0864 003E1968 003E0864 003E5200 35F31B74
S 00512 5 0051A 0000000D 0000001A 00000006 00000002 00000004 00000000 00000008 00000007 003E0F48 003E1BC6 003E0864 003E4000 003E4000 003E1968 003E5200 EDEEA715
X 0052A 1
S 00534 5 00544 00000096 0000000F 00000004 00000000 0000001D 00000003 00000008 00000015 003E4000 003E02D8 003E02D8 003E4000 003E1CF6 003E1BC6 003E5200 11EED8B4
S 00580 5 00618 0000000F 0000000A 00000012 00000016 00000018 00000015 00000011 00000007 003E0864 003E02D8 003E02D8 003E0F48 003E1BC6 003E0864 003E5200 81007F8E
S 005B4 5 005CE 0000001A 000000C2 0000001F 00000003 0000000D 00000002 0000000F 0000000F 003E4000 003E0836 003E02D8 003E1BC6 003E1CF6 003E0864 003E5200 7E14CE19
X 00618 1
S 00620 5 196B4 00000010 0000001E FFFFFFFF 00000013 00000010 0000001B 0000000F 0000001C 003E3672 003E1CF6 003E4000 003E02D8 003E1BC6 003E1968 003E5200 1CF61FEC
S 00626 5 18652 00002700 00000010 0000000C 00000019 0000001E 0000001B 0000000C 00000015 003E0864 003E1968 003E0864 003E1CF6 003E1CF6 003E02D8 003E5200 8803135E
X 0062E 0
X 00642 0
X 0064A 2
S 00656 5 196B4 0000000F 00000010 FFFFFFFF 0000000C 00000015 00000008 00000015 00000011 003E3672 003E0864 003E0864 003E4000 003E4000 003E1CF6 003E5200 84F39AB0
S 00660 5 0066E 003E0DC3 00000017 0000000D 00000014 00000018 00000001 00000016 00000000 003E0845 003E0F48 003E0F48 003E4000 003E1968 003E1968 003E5200 AC74EA15
S 00686 5 00698 00000013 0000001A 003E32FF 00000007 00000017 00000003 0000001B 0000001D 00000000 003E1BC6 003E1960 003E0864 003E1CF6 003E4000 003E5200 3CF942FD
S 00778 5 0078C 00000003 00000003 00000008 00000017 00000017 0000001E 00000002 00000005 003E1B28 003E4FE6 003E1960 003E0864 003E1CF6 003E02D8 003E4FE8 79416531
S 008B4 5 008C6 000000C8 00000006 0000000D 41BD0000 00000002 0000001A 00000012 00000007 003E1BC6 003E4000 003E1BC6 0020003F 003E0F48 003E02D8 003E4FE8 1386CE21
S 00A20 5 00A36 0000FF9A 00000003 00000011 0000000F 00000002 00000010 00000010 0000000E 003E1BC6 003E1968 003E41F7 003E0864 003E1BC6 003E1BC6 003E4FE8 AD486ECD
S 00BC2 5 00BD4 000042C2 000042C2 FFFFFFFC 000000F5 00000009 00000004 00000012 00000008 003E0864 003E1CF6 003E1968 003E1968 003E0864 003E0864 003E4FE8 7927AEAF
S 00CAC 5 00CC0 00000015 00000001 00000001 00000005 00000016 00000001 00000010 00000014 003E4000 003E02D8 0000FCCA 003E1BC6 003E1CF6 003E0864 003E4FE8 DCB04A12
S 00D9A 5 13590 0000000E 0000001C 00000014 00000011 00000012 0000001A 00000007 0000000D 003C0000 003C1BC6 003E4000 003E02D8 003E1968 003E1BC6 003E5200 082692A2
S 00DDA 5 00DEC 00000018 0000000C 000000D5 00000005 00000006 00000017 0000000C 00000007 003E0864 003E0F48 003E0DC4 003E0864 003E4000 003E1968 003E5200 6DC8419E
S 00E4E 5 00E62 0000424D 0000000C 00000003 0000001E 00000062 00000014 000000DC 00000019 003E4000 003E1BC6 003E4000 003E1BC6 003E02D8 003E1BC6 003E4FE8 104B6F5B
S 00FB4 5 00FC2 00000000 00000000 0000001C 00000000 00000011 00000005 0000001B 00000002 003E1968 003E0F48 003E1968 003E0F48 003E0F48 003E1968 003E5200 C64B5EBA
S 0122C 5 01244 00000012 00000000 00000019 0000001B 00000019 0000001F 00000008 0000000E 003E1BC6 003E1968 0000FCCA 003E0864 003E1BC6 003E4000 003E4FE8 A44D9392
S 012CA 5 012E8 0000001E 00000001 00000015 00000019 00000017 00000029 00000001 00000003 003E02D8 003E1BC6 003E4000 003E1CF6 003E1CF6 003E4000 003E4FE8 D7462BC1
S 013B2 5 013C4 0000000F 0000000E 00000003 0000003E 00000018 00000008 0000001D 00000019 003E4000 003E02D8 003E1BC6 003E0F48 003E1CF6 003E1BC6 003E4FE8 32971BBF
S 0149A 5 014AA 00000000 00000001 00000000 0000000F 00000007 00000004 00000000 00000005 000100FB 003E1CF6 003E1BC6 003E02D8 003E0F48 003E1BC6 003E5200 B489E6E2
S 014DC 5 13590 0000001C 00000011 00000009 00000001 00000015 0000000E 0000000A 00000001 003C0000 003C0F48 003E1CF6 003E1CF6 003E1CF6 003E0F48 003E5200 7F329960
S 01512 5 01526 00004000 00000000 0000000F 00000000 00004000 00000016 00000001 00000011 003E4000 003E0864 0000FCF2 003E0F48 003E1968 003E0864 003E5200 0BEF8184
X 0156C 2
X 01578 2
X 01584 3
X 01592 3
S 015A0 5 0159E 00009FFF 00000000 00000010 00000004 00000005 00000004 00000000 0000001B 003E1CF6 003E0F48 003E4000 003E1968 003E1BC6 003E4000 003E5200 05A15D68
X 015B4 1
S 015BE 5 13590 00000007 00000006 0000001D 00000009 0000001F 0000001C 00000012 0000001C 003C0000 003C02D8 003E0F48 003E1968 003E1BC6 003E1BC6 003E5200 3BA343F4
S 015D6 5 015E8 00000015 00000003 00006BFF 00000000 00000010 0000001C 0000001C 00000005 003E1968 003E0864 003E1968 003E0864 003E0864 003E1CF6 003E5200 02D5DDDC
S 015FE 5 01618 00000016 0000000C 00000000 00000008 00000003 003E0DD2 0000000B 00000005 003E1CF6 003E0864 003E0DCE 003E1CF6 003E1952 003E1BC6 003E4FE8 BDDDAF3E
S 01836 5 01B4E 00000004 00000016 FFFFFFFF 0000001C 0000001D 00000010 00000004 0000000C 003E0864 003E0864 0000EF58 003E0864 003E02D8 003E0864 003E5200 F159F3A0
S 018A6 5 018BA 00008000 00000000 00000004 0000001D 00000018 00000019 00000019 0000000B 003E1BC6 003E1968 003E0F48 003E0F48 003E0864 003E1968 003E5200 58304E18
S 018FA 5 0190E 00009C00 0000000C 00000000 00000009 00000005 00000016 00000011 0000001F 003E1CF6 003E0F48 003E4FE6 003E1968 003E1BC6 003E0864 003E4FE8 54DA9F01
S 01980 5 01992 000000FE 0000000C 00000000 00000003 00000000 00000016 00000018 0000001D 003E4000 003E1CF6 003E1968 003E0F48 003E1CF6 003E0864 003E5200 170C5F68
S 019D8 5 18564 00000008 00000018 00000016 00000013 0000000D 0000000D 00000001 00000013 4EF90001 000000FE 003E02D8 003E1CF6 003E1CF6 003E02D8 003E5200 8FF6AC02
S 019EE 5 13590 00000011 00000009 00000014 0000000E 00000000 0000000C 00000001 00000000 003C0000 003C1BC6 003E1BC6 003E4000 003E02D8 003E0F48 003E5200 064746D5
S 01A70 5 01A80 00009C00 00000003 00000003 00000000 00000000 00000009 0000001F 00000006 003E1968 003E1BC6 003E4000 003E02D8 003E0864 003E02D8 003E5200 913B03A2
S 01AEA 5 01B02 00000015 0000000D 00000008 0000030C 00000005 003E0F48 00000000 0000001A 003E1CF6 003E0864 003E1968 003E02D8 003E02D8 003E1BC6 003E5200 1B7918F9
S 01B46 5 0EF5C 0000001B 0000001A 00000000 00000005 00000011 00000001 00000008 00000012 003E0864 003E0864 0000EF58 003E0F48 003E4000 003E02D8 003E5200 E4BC43D6
S 01B96 5 01BAE 0000000E 0000001D 00000010 003E1968 00000000 00000004 00000007 00000004 003E02D8 003E1BC6 003E186D 0001000A 003E0864 003E1CF6 003E5200 961386B1
S 01C34 5 01C44 00009C00 00000019 00000003 00000000 00000001 00000014 00000002 00000012 003E1BC6 003E1BC6 003E1968 003E1968 003E0864 003E4000 003E5200 FFE4DD35
S 01C66 5 01C7C 00000002 00000003 0000000E 00000005 00000009 00000000 00000000 0000000D 003E1968 003E0864 003E1968 003E1954 003E4000 003E02D8 003E4FE8 65D2DCE2
S 01E74 5 01E8A 00000007 00000003 00000017 00000070 003E1954 00000003 00000000 00000016 003E0864 003E02D8 003E02D8 003E4000 003E1968 003E1968 003E5200 527E87F3
S 01F3A 5 13590 0000001F 00000006 0000000E 00000007 00000018 0000000C 0000000E 0000000D 003C0000 003C1968 003E4000 003E1BC6 003E02D8 003E02D8 003E5200 5BE2B021
X 01F60 4
X 01F70 3
S 01F82 5 01F94 00000007 000042EF 00000000 00000012 00000003 00000006 0000001E 00000016 003E4000 003E0F48 000000E9 003E0864 003E02D8 003E4000 003E5200 B87C53F6
S 01FD6 5 01FE4 00000010 00000010 00000001 00000002 00000000 0000001F 0000000C 00000000 003E0864 003E1BC6 003E0F48 003E02D8 003E0864 003E1BC6 003E5200 1E706C81
S 0200A 5 02026 00000006 00000015 00000006 0000001E 000000EF 0000000F 0000001B 00000007 003E1968 003E02D8 003E0F48 003E1BC6 003E1BC6 003E4000 003E4FE8 90928264
S 0219A 5 14772 00000017 00000006 0000000E 00000004 0000001D 0000001C 0000000F 0000000B 003E1968 003E0864 003E0DE0 003E0F48 003E1968 003E1968 003E5200 1CDF9BFC
S 0220C 5 0221C 000000F7 0000422C 00000089 00000017 0000001F 0000001B 00000009 00000013 003E1968 003E02D8 003E0864 003E1968 003E1968 003E1BC6 003E5200 C26C6B0E
S 02248 5 13590 00000001 00000007 00000018 00000002 0000001B 00000007 00000011 00000008 003C0000 003C0F48 003E4000 003E1BC6 003E1968 003E0864 003E5200 0CB7A370
S 022BA 5 022CA 0000001B 00000005 00000001 00000003 00000000 00000015 00000018 00000006 003E4000 003E1CF6 003E1BC6 003E1968 003E1BC6 003E1BC6 003E5200 9B852925
S 02300 5 02316 0000000E 00200004 00000019 0000001D 00000016 00000000 00000007 00000006 003C0000 003E02D8 003E0864 003E1CF6 003E02D8 003E02D8 003E5200 E37A8BF7
S 02338 5 0234C 0000001A 0000000E 00000000 0000003E 00000041 00000011 00000008 00000015 003E02D8 003E02D8 000025C2 003E1CF6 003E0864 003E0F48 003E4FE8 3ED94DBA
S 0255C 5 0256C 00000015 00000000 00000000 00000001 00000015 00000009 00000011 00000019 003E02D8 00000088 003E1CF6 003E4000 003E1BC6 003E0864 003E5200 E94A8A18
S 025F4 5 11BEC 00000000 00000014 0000001C 00000009 0000001F 00000008 00000001 00000004 003E1CF6 003E02D8 00000058 00011EFE 003E02D8 003E02D8 003E5200 BCD86231
S 02698 5 11BDA 00000000 00000001 00000016 0000003E 00000004 00000000 0000001F 00000011 003E1CF6 003E1CF6 003E1968 003E4000 003E02D8 003E02D8 003E5200 3D709540
S 0272E 5 11BDA 00000000 0000000B 00000002 0000003E 0000001A 0000001B 00000018 0000000C 003E4000 003E1968 003E02D8 003E0F48 003E1968 003E02D8 003E5200 02B60F82
S 027C2 5 13590 0000001E 00000004 00000014 0000000F 00000013 00000018 00000012 00000017 003C0000 003C1968 003E4000 003E1BC6 003E1968 003E1BC6 003E5200 A67CD838
S 02988 5 11BE0 00000000 00000010 00000004 0000000B 00000019 0000001D 00000018 00000009 003E0864 003E02D8 003E1CF6 003E1968 003E4000 003E0864 003E5200 90E818D5
S 02A5C 5 11BDA 00000000 0000001E 0002065A 00000012 00000008 00000015 00000010 00000012 003E0864 003E1CF6 003E0F48 003E1968 003E0864 003E4000 003E5200 5A514E62
S 02AAE 5 11BDE 00000000 00000018 0000001A 0000000B 00000006 00000001 00000007 00000014 003E1968 003E0864 003E1CF6 003E02D8 003E1CF6 003E1BC6 003E5200 FC68B703
S 02B74 5 025F8 0002064A 00000005 0000001A 00000016 00000013 00000008 00000008 00000013 003E4000 003E0F48 003E1CF6 003E1BC6 003E1968 003E1BC6 003E5200 F11E738A
S 02B88 5 11BDA 00000000 00000009 0000000B 00000000 00000010 0000001E 0000000C 00000007 003E4000 003E02D8 00011EFE 003E1CF6 003E4000 003E0F48 003E5200 81E78EC6
S 02C5C 5 02C76 000345EC 00000003 0000000E 00000015 00000012 00000004 00000013 00000013 003E02D8 003E1968 003E0864 003E0F48 003E02D8 003E02D8 003E5200 7979B85F
S 02C86 5 11BDA 00000000 0000000E 00000012 0000001E 0000001A 00000014 00000012 00000013 003E0864 003E4000 00011EFE 003E1BC6 003E0F48 003E4000 003E5200 26772D1B
S 02D78 5 13590 00000019 0000001B 00000003 0000001D 00000007 0000001A 0000001A 0000000F 003C0000 003C0864 003E0864 003E0864 003E1968 003E1CF6 003E5200 FC430994
S 02E28 5 11BDE 00000000 0000000F 00000000 00000002 0000000A 00000001 0000000E 0000001D 003E0F48 003E4000 003E1CF6 003E0864 003E1968 003E0F48 003E5200 D5C2AF76
S 02EB8 5 11BDE 00000000 00000012 0000000D 00000014 0000001C 00000015 0000000A 00000004 003E1968 003E1968 003E0F48 003E1BC6 003E0864 003E1BC6 003E5200 7ABB6548
S 02F18 5 02F2E 00000007 00000017 00000000 00000002 0000000A 0000000A 00000004 0000000B 003E02D8 003E0F48 00000014 00011EF2 003E02D8 003E0864 003E5200 8A65BBAD
S 02FB6 5 02FCC 00000003 00000005 00000000 00000019 0000001F 00000004 00000003 00000018 003E0F48 003E1CF6 00000044 00011EF2 0000272E 003E1968 003E5200 135D350C
S 03194 5 11BF4 00000000 0000001C 00000005 00000019 0000001F 00000008 00000003 00000015 003E1968 003E02D8 003E0864 003E0864 003E1968 003E1BC6 003E5200 C1D0E394
S 031BA 5 11BDA 00000000 00000019 0000003E 0000001C 00000005 0000001A 00000003 00000013 003E0864 003E02D8 003E0F48 003E0F48 003E1CF6 003E1CF6 003E5200 AE688853
S 03242 5 0335A 0000001F 0000001F 00000012 00000001 0000001E 00000015 0000001F 0000000D 003E4000 003E1968 003E0F48 003E0864 003E0864 003E1CF6 003E5200 3A34861B
S 03354 5 13590 00000000 0000000F 00000005 00000006 0000001B 00000006 00000019 0000000C 003C0000 003C1BC6 003E02D8 003E0864 003E0F48 003E1BC6 003E5200 43C2986A
S 033F4 5 11BDE 00000000 00000003 00000015 00000012 00000010 0000001A 00000008 0000000E 003E1968 003E0864 003E0F48 003E1968 003E4000 003E1CF6 003E5200 751E3A21
S 034B2 5 11BDE 00000000 00000006 0000000C 00000013 00000015 0000001F 00000010 00000006 003E0864 003E02D8 003E1968 003E1BC6 003E1CF6 003E02D8 003E5200 F1BEA601
S 0357A 5 03590 00000009 000000A6 00000002 00000009 0000001F 0000001B 00000017 00000017 003E0864 003E1CF6 003E4256 003E1968 003E1CF6 003E1CF6 003E4FE8 89D28D89
S 035EE 5 03600 00000000 000000A8 003E4223 00000030 0000001B 00000002 0000001A 00000016 003E1CF6 003E0864 003E0F48 003E1968 003E1CF6 003E0F48 003E5200 42E8455B
S 0362A 5 0363C 00000000 0000009D 003E402B 0000005A 0000001B 0000000C 0000000D 0000000B 003E0864 003E02D8 003E02D8 003E1BC6 003E0864 003E1CF6 003E5200 A8BBDD9A
S 03666 5 03678 00000000 000000C2 003E41B5 00000016 00000017 00000009 0000000B 00000004 003E4000 003E1BC6 003E1CF6 003E0F48 003E1CF6 003E1BC6 003E5200 847A0759
S 036A2 5 036B6 0000001E 00000003 003E435A 00000077 00000010 0000001D 00000018 00000003 003E02D8 003E0F48 00000019 003E1CF6 003E1968 003E1BC6 003E4FE8 CAFD9577
S 03726 5 13590 0000000D 00000000 00000005 0000000B 0000000E 00000003 00000006 00000000 003C0000 003C0F48 003E0F48 003E0F48 003E1968 003E1CF6 003E5200 12758476
S 03728 5 04732 00000009 00000000 000000CA 00000001 0000000C 00000009 0000000A 00000008 003E1BC6 003E1CF6 0000450C 003E1968 003E02D8 003E0864 003E5200 4B5DDDBF
S 037D2 5 12080 0000001D 00000019 00000004 00000013 0000001A 00000011 00000007 00000015 000BB38A 003E1BC6 003E1BC6 003E1CF6 003E1968 003E02D8 003E5200 85A2C42C
S 037E8 5 037F8 00000009 0000000F 00000011 00000016 00000017 00000004 0000001C 0000000E 003E1BC6 003E0F48 003E1BC6 003E1968 003E1BC6 003E4000 003E5200 3A084F03
S 03802 5 03818 0000001A 00000018 00000017 00000017 00000013 00000008 0000001E 0000000B 00047FB2 003E4000 003E0DE8 003E0F48 003E1CF6 003E1CF6 003E5200 6D696F93
S 038B0 5 18652 00000001 0000001E 00000008 00000009 00000011 0000001B 00000006 00000009 003E0864 003E1BC6 003E0864 00000093 003E1968 003E1BC6 003E4FE8 6A24C127
S 03A08 5 03B40 0000000E 0000001F 00000001 00000019 00000023 0000000D 00000013 0000000E 003E0F48 003E0F48 003E02D8 003E4000 003E0864 003E1CF6 003E5200 228CF40C
S 03A4A 5 03B42 00000020 0000001D 0000000B 00000012 00000008 00000000 0000000D 00000002 003E02D8 003E02D8 003E0F48 003E02D8 003E1968 003E02D8 003E5200 7EFDFB4F
S 03BA4 5 13590 00000014 00000019 00000018 00000004 00000015 00000001 0000000B 0000000D 003C0000 003C02D8 003E4000 003E1BC6 003E1968 003E1CF6 003E5200 6BA9B424
S 03C00 5 03DF4 00000009 00000000 00000012 00000003 00000011 00000010 00000010 00000018 003E0864 003E1BC6 003E0F48 003E1BC6 003E02D8 003E1CF6 003E5200 4F97BC7F
S 03CEE 5 11BDE 00000000 0000000C 0000000D 0000001C 0000000D 00000002 00000010 0000001C 003E1BC6 003E0864 003E4000 003E4000 003E1BC6 003E1968 003E5200 8AAF134E
S 03DA0 5 03DB2 000000A5 000000BE 0000000E 00000000 00000017 00000014 0000001F 00000012 003E1CF6 000000FD 003E02D8 003E0F48 003E1968 003E4000 003E5200 F664A777
S 03DE8 5 03DFA 000000C3 000000ED 00000018 00000000 00000005 00000015 00000005 0000000E 003E1CF6 000000B1 003E02D8 003E4000 003E1BC6 003E02D8 003E5200 C4827365
S 03E26 5 03E2E 0000000E 0000000F 00000001 0000000C 00000012 00000007 00000002 00000004 003E0DFE 003E1CF6 003E1CF6 003E0864 003E0F48 003E02D8 003E5200 1B5B4885
S 03E3E 5 03E52 00000000 00000008 00000009 00000008 00000001 00000005 00000014 00000007 003E1BC6 003E4000 003E0DF6 003E1968 003E02D8 003E02D8 003E5200 23A9E405
S 03E84 5 03E9A 0000000B 00000001 0000001D 00000006 0000001D 00000002 00000000 00000014 003E02D8 003E1BC6 000000EC 00011EFE 003E02D8 003E4000 003E5200 D6816AE5
S 03F10 5 13590 0000000F 00000012 00000019 00000009 00000010 0000001F 00000018 00000011 003C0000 003C1CF6 003E1BC6 003E02D8 003E1BC6 003E0F48 003E5200 84648FBA
X 03F1A 1
S 03F22 5 03F36 00000013 00000058 00000012 00000000 00000011 0000000B 00000003 00000004 003E1BC6 003E1BC6 003E0DF6 003E0864 003E1BC6 003E4000 003E5200 189B95E0
S 03F94 5 03FA8 00000015 00000008 00000003 00000008 00000014 00000009 00000012 0000001B 000000B4 003E4FE6 000000AF 003E02D8 003E4000 003E4000 003E4FE8 F716A3B0
S 0404A 5 04058 00004228 00004228 000000D8 00000017 0000000D 00000003 00000019 00000005 003E1CF6 003E02D8 003E1968 003E1CF6 003E4000 003E02D8 003E5200 7A7F7718
S 0408E 5 11BF4 00000000 0000000B 00000012 0000000B 00000012 00000015 00000018 0000001D 003E0F48 003E0864 003E1BC6 003E1968 003E0F48 003E1CF6 003E5200 675EDA0F
S 040D2 5 040E6 00000000 00000007 0000003E 00000016 0000000E 00000000 00000006 00000008 003E1CF6 003E1968 003E02D8 003E4000 003E0864 003E1BC6 003E4FE8 CFD4AB95
S 041BE 5 041D2 00000007 00004050 0000000C 0000007F 00000074 00000008 00000012 00000013 003E02D8 003E02D8 003E1CF6 003E1968 003E0F48 003E0864 003E4FE8 CAA7FF74
S 0427E 5 13590 00000003 00000015 0000001F 00000000 00000007 00000010 00000007 0000000B 003C0000 003C02D8 003E0F48 003E1BC6 003E1968 003E0864 003E5200 6BEE9C21
S 04332 5 11BF4 00000000 0000001A 0000000A 0000000E 00000006 0000000F 0000001C 0000000E 003E0864 003E0864 003E1968 003E1968 003E02D8 003E1968 003E5200 3BCF384D
S 0435A 5 04368 00000000 00000017 00000011 0000001C 0000000C 00000016 00000017 00000015 003E4000 003E02D8 003E1CF6 003E02D8 003E0F48 003E0F48 003E5200 4F44398E
S 043C2 5 043D8 0000000D 00000004 0000001E 000000CF 00000EB0 00000007 0000000E 00000002 003E1BC6 003E02D8 003E4125 003E02D8 003E4000 003E02D8 003E4FE8 ED70DF57
S 0441C 5 04430 00000014 00000005 00000016 00000012 00000017 00000003 00000001 00000005 003E4FE6 0000008B 0000004E 003E0864 003E02D8 003E0864 003E4FE8 1BF3D8EB
S 044A2 5 044B0 00000000 0000000B 00000082 00000018 00000013 0000000F 0000000C 00000007 003E1968 003E4000 003E0864 003E1968 003E02D8 003E4000 003E4FE8 1FCAE20B
S 0450C 5 0451A 003E426D 00000009 0000000B 0000000B 0000000F 0000000E 00000018 0000001F 003E1968 003E4000 003E0F48 003E02D8 003E4000 003E1BC6 003E5200 0BE6C7BA
S 0452E 5 0453E 003E4367 000000B4 0000001B 0000000E 00000009 0000001A 0000001E 00000019 003E0864 003E1968 003E4000 003E1CF6 003E02D8 003E4000 003E5200 5F61EAF3
S 04552 5 13590 00000017 0000000B 00000019 0000000F 0000000A 00000005 00000012 00000002 003C0000 003C0F48 003E0F48 003E02D8 003E4000 003E1CF6 003E5200 E0F33B28
S 045CA 5 04536 00000001 0001ECA0 0000001A 00000013 00000006 00000004 00000011 00000006 003E02D8 003E02D8 003E0864 003E0F48 003E0864 003E1968 003E5200 97EA5C6F
S 045FA 5 0450C 0000001A 0000001C 0000001A 00000000 00000010 0000000E 00000013 0000001D 003E02D8 003E02D8 0000450C 003E0864 003E0F48 003E0864 003E5200 5192BB25
S 0463C 5 0450C 00000002 00000004 0000000A 0000000A 0000000C 00000010 0000000D 00000006 003E02D8 003E4000 0000450C 003E4000 003E0F48 003E1BC6 003E5200 C23E260C
S 0469E 5 04514 00000008 0001F140 00000014 0000000B 0000001A 00000019 0000000C 0000000E 003E02D8 003E1BC6 003E1968 003E02D8 003E0864 003E0F48 003E5200 59BB204A
S 046B0 5 04514 00000001 0001EE80 0000000B 0000000D 00000004 0000001F 00000019 0000000B 003E1BC6 003E1968 003E4000 003E4000 003E1CF6 003E02D8 003E5200 3D8AD3D8
S 046C2 5 046D4 00000017 0000000B 0000001D 0000001A 00000006 00000003 0000000F 0000001A 003E1968 003E4000 003E02D8 003E4000 003E1968 003E1CF6 003E5200 D2CCB05D
S 046E0 5 0450C 0000000E 00000011 0000001B 00000015 0000000B 00000018 00000002 0000001F 003E0864 003E1BC6 0000450C 003E1968 003E1968 003E1CF6 003E5200 CCC16FE1
S 0472A 5 13590 0000000E 0000000C 00000000 0000001B 00000004 0000000A 0000001E 00000007 003C0000 003C0864 003E0F48 003E4000 003E0F48 003E0F48 003E5200 D5726CF6
S 04760 5 04770 00000000 00000010 000000CE 00000008 00000016 0000000D 0000000E 00000018 0000FE0E 003E1968 003E0F48 003E1BC6 003E0F48 003E1BC6 003E5200 70610228
S 047C6 5 047D6 00000005 00000013 00000006 0000FDC2 00000000 00000000 0000001C 00000011 003E4000 003E02D8 003E1CF6 003E1BC6 003E1BC6 003E02D8 003E5200 D0EA8EA7
S 0482E 5 04842 0000001A 00000000 00000000 00000007 00000015 0000001E 00000009 0000001F 003E1CF6 003E1CF6 003E1CF6 0000FE03 003E1968 003E1BC6 003E5200 2601CD3D
S 04880 5 048AE 00000005 0000001F 00000002 00000008 00000017 00000002 00000014 00000012 003E4000 003E02D8 003E0864 003E02D8 003E02D8 003E0864 003E5200 74300FE0
S 048AE 5 048C6 00000009 0000001E 00000003 00000007 00000013 00000012 00000003 00000007 003E1BC6 003E1968 0000450C 0000452E 003E02D8 003E0F48 003E5200 AEAB0A24
S 04A6A 5 04A7A 0000001C 00000019 00000004 0000000D 00000003 0000001C 00000005 00000000 003E02D8 003E1CF6 003E1968 003E02D8 003E1BC6 003E1CF6 003E5200 F2C723B5
S 04AB8 5 04514 0000000D 0001EDA0 00000000 00000015 00000018 00000014 00000007 00000013 003E1968 003E1CF6 003E1BC6 003E02D8 003E0864 003E1BC6 003E5200 10D3F269
S 04B0A 5 13590 0000001E 0000000F 0000000A 00000004 00000004 00000001 0000001F 0000000E 003C0000 003C0864 003E0F48 003E1CF6 003E1968 003E02D8 003E5200 0F7AC98A
S 04BFA 5 04C0E 0000000E 0000000C 00000018 00000016 00000010 00000019 00000012 00000005 003E1CF6 003E0F48 0000C724 003E1BC6 003E0F48 003E02D8 003E5200 1AA720AD
S 04C80 5 04C94 00000000 0000001D 00000019 0000001F 0000001B 0000000C 00000002 0000001D 003E1968 003E1CF6 0000C832 003E1968 003E0F48 003E1BC6 003E5200 06A3E626
S 04D44 5 04D5A 0000000F 00000001 0000000E 00000004 00000010 00000000 00000006 00000019 003E1968 003E1968 003E1CF6 003E0F48 003E1CF6 003E4000 003E5200 2EA6735C
S 04D6C 5 04D7A 00000009 00000006 00000004 00000009 0000000D 0000001B 0000001E 0000000C 003E1CF6 003E1968 003E1BC6 003E0F48 003E02D8 003E0864 003E5200 742ECA1D
S 04D90 5 04D9C 00001F20 000000F4 0000000A 00000012 00000003 00000019 0000000D 00000018 00011968 003E0F48 003E0864 003E1BC6 003E1BC6 003E0864 003E5200 F26E5D2B
S 04DD2 5 04DDE 0000000D 0000000D 00000001 00000003 00000004 0000007E 0000001A 00000016 003E0F48 003E4000 003E1BC6 003E4000 003E02D8 003E0F48 003E5200 54D6BC0A
S 04E20 5 04E34 00000001 00000000 00000002 00000008 00000015 00000006 0000000B 0000000A 003E1CF6 003E1968 003E4000 003E1968 003E0864 003E4000 003E5200 A6D1770B
S 04E82 5 13590 00000003 00000002 00000002 00000012 0000000A 0000000C 0000001C 00000001 003C0000 003C0F48 003E1CF6 003E1BC6 003E1968 003E4000 003E5200 3E9E2BF3
S 04F8C 5 18652 0000000F 00000006 0000000F 00000007 0000000A 00000012 00000003 0000001F 003E4285 0000002B 003E1968 003E1968 003E1CF6 003E02D8 003E5200 3549458C
S 04F9E 5 04FAE 00000001 00000016 0000001D 0000000F 0000001C 00000003 00000015 00000003 003E1968 003E4000 0000C95E 003E1CF6 003E1968 003E02D8 003E5200 F891C35A
S 04FEA 5 0452E 0000000C 00000008 00000015 00000019 00000018 00000011 00000013 00000000 003E4000 003E1CF6 0000FDE2 003E02D8 003E1CF6 003E1968 003E5200 19B18D5E
S 05000 5 04518 0000004C 003E6000 0000001C 00000014 00000010 0000001F 00000005 0000000B 003E4000 003E1968 003E0F48 003E0864 003E0F48 003E1CF6 003E5200 D6D4FDC3
S 05020 5 0450C 00000003 0000001D 00000009 0000001F 00000003 00000000 00000013 0000001C 003E02D8 003E4000 0000FDC2 003E1BC6 003E02D8 003E0F48 003E5200 969FAC47
S 05056 5 05068 00000380 000000E0 0000000F 00000009 0000000F 00000016 0000001D 0000000B 0000FE3E 003E4000 003E1BC6 003E0864 003E0864 003E1CF6 003E5200 AEE57B81
S 050C6 5 050EE 000000EF 00000009 000000EF 00000006 00000004 0000001C 00000017 00000017 003E4000 003E02D8 003E0864 003E1BC6 003E1BC6 003E02D8 003E5200 C520E727
S 0512A 5 13590 0000000B 0000001F 00000006 00000010 00000004 00000008 00000007 00000009 003C0000 003C0864 003E0864 003E0F48 003E0864 003E02D8 003E5200 CD009B0B
S 05168 5 0F2FA 00000017 0000000E 00000006 00000003 0000000B 00000000 00000011 00000004 003E1AE2 003E02D8 00000000 003E1BC6 003E1CF6 003E0F48 003E5200 CB64890F
S 05192 5 051A8 0000001A 0000001E 00000019 0000000F 00000015 00000012 00000006 0000000A 003E1AE2 0000F2FA 003E1960 00000000 003E1968 003E1CF6 003E5200 9CAC7009
S 0522E 5 05244 00000019 00000001 0000000C 0000000C 00000000 00000004 00000004 00000012 003E1AE2 003E1CF6 00000000 003E1960 003E0F48 003E0864 003E5200 270D0D7A
S 05280 5 05294 0000000B 00000001 0000001D 0000001B 00000006 00000005 0000000B 00000003 003E1AE2 003E1960 00000000 003E4000 003E1BC6 003E0F48 003E5200 2CA42B08
S 052E2 5 052F8 00000018 00000006 00000008 00000005 00000013 00000018 0000000D 00000007 003E1AE2 003E0864 00000000 003E4000 003E02D8 003E0864 003E4FE8 73638276
S 05346 5 18652 00000006 0000000F 00000019 00000002 0000000F 00000015 0000000E 00000016 003E4000 003E0F48 000000D7 003E02D8 003E02D8 003E02D8 003E4FE8 ABBA4AE9
S 053A6 5 053B8 00000002 00000014 00000006 FFFFFFF0 000000DC 00000017 00000018 00000019 003E1BC6 003E0F48 003E02D8 003E0EC2 003E1CF6 003E1BC6 003E5200 445A8A02
S 053F8 5 13590 00000004 0000001B 00000001 00000010 0000000F 00000001 00000001 00000013 003C0000 003C1BC6 003E1968 003E02D8 003E02D8 003E02D8 003E5200 310EE6B1
S 0545A 5 0546E 00000058 0000000B 00000000 0000001D 00000006 00000011 0000000D 0000001F 003E0328 003E1968 003E1CF6 003E1BC6 003E0F48 003E4000 003E5200 7289CF6A
X 05474 3
S 05488 5 050CE 00000014 0000000B 00000000 00000018 00000000 00000010 0000001B 0000000E 003E1BC6 003E4000 003E4000 003E0864 003E0F48 003E02D8 003E5200 A029A080
S 054A8 5 054B8 0000001D 00000015 0000001E 00000019 00000008 00000016 00000014 0000000D 003E02D8 003E1CF6 003E1BC6 003E0864 003E0F48 003E1968 003E5200 0068467B
S 0551C 5 05536 00000000 0000000E 00000018 00000002 0000001E 0000001A 0000001E 00000019 003E0328 00000094 000090E6 003E1950 003E0F48 003E1968 003E5200 FCC5D00C
S 05622 5 05638 0000001E 00000014 00000020 0000000E 0000000F 0000006B 0000003E 00000018 003E4000 003E0F48 003E1968 003E1968 003E0864 003E0864 003E4FE8 69C4F42C
S 056F4 5 05708 00000000 0000001A 0000000A 00000008 0000001B 0000000E 00000019 00000010 003E0864 003E1CF6 003E0864 003E0F48 003E0864 003E0864 003E4FE8 9BFFA32C
S 05818 5 13590 0000000F 00000002 00000016 00000014 00000016 0000001E 0000001B 00000006 003C0000 003C0864 003E1968 003E1CF6 003E0F48 003E1CF6 003E5200 306E43A4
S 05892 5 058A8 0000400E 000000AF 000000B0 00000200 0000000E 00000016 0000000C 00000005 003E1968 003E0F48 003E0F48 003E1968 003E4000 003E02D8 003E5200 BC57DC72
S 058E6 5 0594C 00000001 0000000D 0000000F 0000000C 0000000F 0000001A 00000009 00000004 003E1BC6 003E1BC6 003E1CF6 003E02D8 003E02D8 003E1CF6 003E5200 2F1E72E3
S 05908 5 0594C 00000018 00000005 000000F1 0000000B 00000006 0000001E 00000011 00000012 003E1968 003E4000 003E0864 003E1968 003E0F48 003E0864 003E5200 F0C54D27
S 0592A 5 0EEEE 0000000A 0000000D 00000016 0000001E 00000013 00000000 00000003 00000011 0000009C 003E1BC6 003E0864 003E0864 003E1BC6 003E02D8 003E5200 F4DA5AF5
S 05948 5 0595C 00000000 0000001C 00000017 00000003 0000001A 0000001D 00000015 00000001 003E1968 003E1BC6 00000074 003E1BC6 003E0F48 003E1CF6 003E5200 C6A1CC31
S 059EE 5 05A00 00000002 00000004 00000093 0000000E 0000000A 00000005 00000010 00000015 003E1BC6 003E0F48 003E1CF6 003E1BC6 003E02D8 003E0F48 003E5200 C69E9DCC
S 05AB0 5 05AC2 0000001F 00000018 000000E6 000000E6 00000013 00000011 00000009 00000013 003E1CF6 003E4000 003E1CF6 00000030 003E429E 003E0F48 003E5200 D1ADE367
S 05AFC 5 13590 00000008 00000011 00000010 0000001C 00000001 0000000F 00000017 0000000C 003C0000 003C1968 003E1BC6 003E1CF6 003E1CF6 003E0F48 003E5200 4F25D8EF
S 05B16 5 18652 0000001D 00000007 00000016 0000000D 0000000F 00000012 0000001C 0000000D 0000000F 003E1968 003E4000 003E1CF6 003E1968 003E02D8 003E5200 127A736F
S 05B40 5 05B58 0000000B 0000000C 00000075 0000424B 00000006 00000010 0000001D 00000004 003E1968 003E02D8 00000098 003E02D8 003E1CF6 003E1CF6 003E5200 2EE671BB
S 05C60 5 00654 00000004 00000012 0000000C 00000007 00000008 00000005 00000008 00000001 003E1CF6 003E02D8 00000085 003E02D8 003E0864 003E02D8 003E5200 E497563E
S 05C80 5 0064A 00000007 00000006 00000010 00000045 00000000 0000001A 00000017 00000001 003E1968 003E0864 003E02D8 003E1968 003E02D8 003E02D8 003E5200 97C38E68
S 05CB0 5 05CC2 0000407C 0000407C 00000008 00000014 00000017 00000010 00000001 00000012 00000050 003E0864 003E1968 003E02D8 003E1968 003E0864 003E5200 77712DE2
S 05CCE 5 00654 00000007 0000001F 00000056 00000008 00000011 00000007 00000007 0000000C 003E1BC6 003E4000 003E1968 003E1968 003E02D8 003E1968 003E5200 000B2984
X 05D8C 4
S 05DEA 5 13590 00000018 00000015 00000009 00000007 00000018 00000010 0000001D 00000014 003C0000 003C4000 003E4000 003E1CF6 003E1968 003E0F48 003E5200 48265182
X 05DEC 1
X 05DFE 0
X 05E00 0
X 05E02 1
X 05E08 0
S 05E0A 5 05E1C 00000001 00000016 00000003 00000011 0000001E 0000001E 00000017 00000017 003E1CF6 00000077 003E209C 003E1968 003E0F48 003E02D8 003E5200 DECF78F1
S 05E38 5 05E4E FFC1F820 FFC1F820 0000000E 0000001E 0000000C 00000016 00000006 0000001F 003E02D8 003E02D8 003E1960 003E02D8 003E1968 003E1968 003E4FE8 053E7F89
S 05EA2 5 13590 0000001B 0000000D 00000018 0000001E 00000004 00000012 00000003 00000001 003C0000 003C4000 003E4000 003E4000 003E0F48 003E02D8 003E5200 2414432C
S 05FA6 5 05FBC 00000004 0000001D 00000000 0000001C 00000008 00000019 0000000E 0000001F 003E0F48 003E4000 0071003E 003E1968 003E4000 003E0864 003E4FE8 D499A5C1
S 060BE 5 0C214 0000001F 00000017 00000011 00000007 00000017 0000000E 0000001D 0000000D 003E4000 003E0864 003E0F48 003E1C44 003E1CF6 003E0F48 003E4FE2 3FE28803
S 06166 5 06170 00000020 0000003D 00000006 0000001C 0000000F 0000001C 00000015 00000014 0000003D 003E1CF6 003E0864 003E02D8 003E0F48 003E1BC6 003E5200 143BC918
S 061C2 5 06BC8 00000015 00000019 00000004 00000017 0000000C 00000001 0000001D 0000001E 003E1CF6 003E0864 003E1CF6 003E0000 003E02D8 003E1CF6 003E5200 F6209424
S 062A6 5 062BC 00000000 00000009 00000000 0000000E 00000012 00000014 00000013 00000009 003E0864 003E0F48 0053003E 003E1BC6 003E1BC6 003E1CF6 003E4FE8 2C78D907
S 063CA 5 0C214 0000001F 00000004 0000001A 00000012 0000001B 0000001E 00000014 0000001D 003E02D8 003E1968 003E4000 003E1C44 003E0864 003E0864 003E4FE2 498811A8
S 06460 5 02B92 0000001F 00000018 00000011 0000001B 00000009 00000011 00000006 0000001C 003E1CF6 003E4000 00011EFE 003E1BC6 003E1BC6 003E1CF6 003E5200 DBD1E519
S 065AA 5 13590 00000001 00000001 00000010 00000001 00000006 00000015 00000004 0000001E 003C0000 003C1BC6 003E0864 003E1BC6 003E0864 003E02D8 003E5200 DACB9265
S 0661A 5 0662E 00000001 00000008 00000015 00000001 00000013 0000000E 00000016 00000005 003E1F1A 003E201C 003E1F1A 003E1968 003E0F48 003E0864 003E5200 05899266
X 0663C 3
S 06648 5 0665E 000042C1 0000000F 00000013 00000009 00000000 0000000D 00000007 00000002 00000076 003E0864 003E0F48 003E02D8 003E0F48 003E1BC6 003E4FE8 139FA856
S 066C8 5 066E0 00000012 00000002 0000000F 0000001A 00000000 0000101C 0000001D 0000000D 003E4000 003E1BC7 003E1CF6 003E1968 003E4000 003E0F48 003E5200 15CDDAB4
S 066CC 5 066DC 00000012 00000001 00000008 00000011 00000012 0000100F 00000007 0000001C 003E4000 003E0865 003E4000 003E4000 003E02D8 003E0864 003E5200 01014FBE
S 066CE 5 066E0 00000005 00000010 0000000B 0000001A 00000006 0000100C 00000010 00000012 003E4000 003E02D9 003E1968 003E1968 003E1BC6 003E0864 003E5200 6280BF08
S 066D2 5 066E6 00000014 0000000C 00000004 0000000C 00000005 00001010 0000000A 00000017 003E1BC6 003E4001 003E0F48 003E0F48 003E4000 003E1BC6 003E5200 296A4C0B
S 066D4 5 13590 00000016 00000011 0000001E 00000011 00000002 00000001 0000000E 00000017 003C0000 003C02D8 003E1968 003E0864 003E1BC6 003E0864 003E5200 E6C7A913
S 0670E 5 06724 0000001E 00000016 00000012 00000019 00000018 00000005 00000003 00000004 003E1968 003E1BC6 003E0864 003E0F48 003E1CF6 003E02D8 003E5200 6EE7785E
S 0672E 5 0EFFE 00000000 00000001 00000008 0000000E 0000000D 0000001D 00000019 00000001 003E1BC6 003E1CF6 003E0F48 003E02D8 003E1968 003E4000 003E4FE8 02990B6B
S 067F6 5 06810 00000000 00000011 00000009 00000008 003E0864 0000001D 00000001 00000016 003E1BC6 003E1CF6 003E02D8 003E1BC6 000000D9 003E0864 003E4FE8 A2967846
S 06988 5 11BE0 00000000 0000000B 00000008 00000011 00000003 00000018 0000000B 0000000F 003E0F48 003E4000 003E0F48 003E1968 003E1CF6 003E0864 003E5200 638F9EAE
S 069AE 5 069BE 0000000F 0000001A FFFFFFFF 0000001A 00000059 0000001C 0000001D 00000004 003E1BC6 003E1CF6 003E0F48 003E0F48 003E0F48 003E0F48 003E5200 D6BD2B53
S 069E2 5 069F6 0000000B 0000001C 0000418C 00000012 0000000E 00000013 00000008 00000018 0000008B 003E4FDE 00000045 003E02D8 003E0864 003E0F48 003E4FE8 A2380B3C
S 06B10 5 069E2 00000018 00000001 0000001C 00000013 0000000B 0000001E 00000016 00000005 003E1968 003E1BC6 00000043 003E1CF6 003E1CF6 003E02D8 003E5200 3F83FE11
S 06BC0 5 13590 0000001C 0000000B 00000013 0000000E 00000002 00000016 0000001B 00000012 003C0000 003C4000 003E0864 003E4000 003E1BC6 003E1968 003E5200 D0E3D4B4
S 06C20 5 19C2E 00000014 00000015 00000014 00000016 00000016 00000008 00000006 0000001D 003E02D8 003E0864 0000002F 003E0864 003E1968 003E1968 003E5200 F3B7541F
S 06CAE 5 06CC6 00000002 0000001D 003E1C84 003E1952 0000000A 0000001A 0000000B 00000014 003E02D8 003E1968 000000AE 003E0864 003E0864 003E02D8 003E4FE8 51725C70
S 06EF8 5 06F06 00000000 00000000 00000008 0000000B 00000011 0000001F 00000003 0000001E 0000009F 0000007F 003E1CF6 003E02D8 003E1968 003E1BC6 003E5200 02412CE0
S 06F80 5 06F92 00000017 00000014 00000018 0000000F 00000002 0000000E 00000000 0000001D 003E1AE2 003E1AE2 003E1960 003E1968 003E02D8 003E1968 003E5200 0D60CD69
S 06FB4 5 06FC8 0000001A 00000008 00000003 00000018 00000017 00000009 0000000C 00000016 003E4000 003E0F48 000000C6 00018DEA 003E1BC6 003E02D8 003E5200 B2509ABA
S 07004 5 07020 0000000C 00000008 00000007 00000015 00000018 0000000B 00000007 0000001D 003E02D8 003E1968 003E0F48 003E1968 00009150 003E0864 003E4FE8 BCB59095
S 071DC 5 071E8 00000000 00000000 0000001A 00000008 00000000 00000019 00000010 00000012 003E02D8 003E1BC6 003E1968 003E0864 003E02D8 003E1BC6 003E5200 1D7AB23A
S 073DC 5 13590 00000016 00000001 00000012 0000001C 0000001B 0000001C 00000014 00000003 003C0000 003C0F48 003E1CF6 003E1BC6 003E0864 003E0864 003E5200 75254D37
S 0744E 5 07472 00000005 0000000D 0000001F 0000000D 00000006 0000001B 00000000 00000009 003E4FF4 86580001 003E1968 003E4000 003E0F48 003E0864 003E5200 74F85664
S 0747A 5 11BDA 00000000 00000009 0000001C 00000015 00000016 00000007 00000003 00000007 003E02D8 003E1968 00000026 003E1CF6 003E1968 003E1BC6 003E5200 82EE02D2
S 074FA 5 0750C 00000000 00000003 00000000 0000001E 00000010 00000015 00000015 0000001B 0063003E 003E4000 0000767C 003E1BC6 003E1968 003E1968 003E5200 EFE4D676
S 07578 5 0758A 00000000 00000003 00000015 00000018 00000009 00000008 00000009 0000000C 41230000 003E0F48 003E1CF6 003E1BC6 003E4000 003E0864 003E5200 6278A171
S 076EE 5 076FE 0000000C 00000003 00000005 00000002 00000018 00000006 00000003 00000003 003E1AE2 00000000 003E1960 003E1CF6 003E1BC6 003E0F48 003E5200 DB7DF52E
S 0778A 5 0779C 00000048 00000008 00000012 0000001D 0000001E 00000007 00000000 00000010 0001000A 0000007D 003E1CF6 003E1BC6 003E0F48 003E4000 003E5200 B0085C22
S 077C8 5 077EA 00000005 00000011 00000003 00000000 00000004 0000001A 00000012 00000011 003E4000 003E4000 00000018 003E1BC6 003E0864 003E1968 003E4FE8 584DE2A6
S 07800 5 13590 0000000B 0000000B 00000006 0000000A 0000000D 00000003 00000002 00000015 003C0000 003C0864 003E1CF6 003E02D8 003E1BC6 003E1CF6 003E5200 AEE89440
S 07870 5 07884 00000010 00000007 0000006A 00000006 0000000E 00000000 00004282 00000011 003E1CF6 003E02D8 00007954 003E1968 003E1CF6 003E0864 003E4FE8 2DDFD506
S 079B6 5 07A28 0000005A 00000016 00000016 00000006 0000001A 00000004 0000000F 0000000B 003E02D8 003E1CF6 003E02D8 003E0F48 003E02D8 003E1CF6 003E5200 2328368F
S 079CE 5 079E0 000042C8 00000009 000042C8 0000000D 00000015 00000016 00000019 0000000F 003E0F48 003E4000 003E02D8 003E4000 003E4000 003E4000 003E5200 A88B5826
S 07A02 5 0EF62 00000000 00007A24 0000001D 00000008 00000002 00000001 00000017 0000000D 003E0F48 00011B00 003E1968 003E0864 003E1CF6 003E0864 003E5200 A9B72F94
S 07A12 5 0EE98 00000006 00000018 0000001C 0000000B 00000008 00000019 0000000E 00000004 003E0F48 00011B00 003E1CF6 003E0864 003E1CF6 003E0864 003E5200 1C1729F5
S 07A24 5 07A36 000000C7 0000000A 000000C7 0000001E 00000002 0000001E 0000000F 00000001 003E02D8 003E4000 003E1870 003E0864 003E0F48 003E1968 003E5200 AEC7F200
S 07A88 5 07A98 0000403A 00000010 000000A3 00000017 0000000A 00000018 0000001C 0000001D 003E4000 003E0F48 003E1CF6 003E1CF6 003E02D8 003E0864 003E4FE8 D4E2F93A
S 07B14 5 13590 00000014 0000001B 0000001D 0000001D 0000000E 0000001C 0000000A 0000000E 003C0000 003C0864 003E0864 003E4000 003E02D8 003E1BC6 003E5200 DB34C47C
S 07B3E 5 07B54 00000010 00000017 00000000 00000006 003E1968 0001178A 00000007 00000005 003E1BC6 003E1BC6 003E1BC6 003E1BC6 003E0864 003E1CF6 003E4FE8 FEDCFAF4
S 07C04 5 07C12 003E4087 00000011 000000B4 00000007 00000011 00000006 00000001 00000000 003E02D8 003E4000 003E1CF6 003E02D8 003E1CF6 003E0F48 003E5200 86106E8B
S 07C72 5 0EE98 0000000C 00000003 00000007 0000000C 0000000D 00000006 00000014 0000000D 003E1968 00011B30 003E0F48 003E0864 003E1968 003E1CF6 003E5200 67A446AC
S 07CB0 5 07CBE 0000430B 00000010 0000430B 0000000D 00000014 00000014 00000013 0000000B 003E02D8 003E02D8 003E1CF6 003E0F48 003E0864 003E1BC6 003E5200 CEF2315F
S 07CF0 5 07D08 000041AE 00000013 0000004E 0000000D 00000000 0000000B 00000013 00000013 003E02D8 003E1968 003E1CF6 003E02D8 003E4000 003E1968 003E5200 58B3FEAD
S 07D50 5 07D62 0000003A 0000003A 00000008 0000000F 00000014 00000018 0000001E 0000001B 003E4000 003E1CF6 003E0864 003E1CF6 003E1BC6 003E1BC6 003E5200 D59B5F2D
S 07D80 5 07D8C 00000003 00000008 00000002 00000001 00000007 0000000C 00000007 0000000A 003E4000 003E0F48 003E1968 003E1968 003E1BC6 003E4000 003E5200 3E869158
S 07DCE 5 13590 0000000E 0000000F 00000001 0000000D 00000007 0000000E 0000001C 0000001F 003C0000 003C1968 003E1BC6 003E0864 003E1968 003E1CF6 003E5200 E7E40936
S 07E7A 5 07E8E 000001BC 000001BC 00000018 00000010 00000005 00000011 00000006 00000002 003E02D8 003E0F48 003E02D8 003E0864 003E0F48 003E1BC6 003E5200 907196EB
S 07EA4 5 07EB6 86580001 00000014 86580001 86580001 00000003 00000006 00000015 00000007 003E1BC6 003E0864 0000008A 003E4000 003E1BC6 003E02D8 003E5200 B69D379A
S 07F5A 5 18652 00000012 0000001C 00000000 00000019 00000016 0000001F 00000002 0000001A 003E1CF6 003E0F48 00000003 003E1CF6 003E1BC6 003E4000 003E5200 42C2BA37
S 08008 5 08020 00000013 00000006 000000FE 0000001C 0000000B 00000019 0000EE90 00000015 0000FE02 003E1CF6 003E02D8 003E1CF6 003E0F48 003E0F48 003E4FE8 D47683A0
S 08200 5 08212 00000000 0000000B 00000008 00000013 00000012 00000010 0000001F 0000000F 00010040 003E1968 0000008F 003E0F48 003E0864 003E0864 003E4FE8 636A4608
S 08326 5 0833A 00000009 00000013 00000016 00000012 0000000B 00000000 0000000A 0000001E 00000119 003E4FE6 000000E8 003E1CF6 003E1BC6 003E0F48 003E4FE8 E9620EF3
S 0848E 5 084A2 00009C00 00000011 00000003 00011B36 00000000 00000009 00000005 00000006 003E4000 003E0864 003E1968 003E0864 003E1968 003E4000 003E5200 9B7FEB42
S 084DA 5 13590 0000001D 0000000E 00000006 0000001D 00000016 0000000B 00000012 0000001A 003C0000 003C1BC6 003E1CF6 003E0F48 003E1968 003E0864 003E5200 46840D14
S 08536 5 00520 00000006 00000015 00000011 00000009 00000015 00000007 00000001 00000007 003E1CF6 003E1968 003E1CF6 003E1968 003E1CF6 003E1968 003E5200 D604FACD
S 08576 5 0858E 0000000C 00000004 0000000C 00000017 00000011 00000019 0000001C 00000007 003E1BC6 003E1CF6 003E1968 003E4000 003E1CF6 003E1CF6 003E5200 FDF77A64
S 08598 5 085AA 00008000 00000011 00000000 00000001 00000006 0000001A 00000012 00000017 003E0864 003E0F48 003E1968 003E0864 003E1968 003E0F48 003E5200 BD4ABC27
S 08606 5 18652 00000000 00000006 0000001B 0000001D 0000001B 00000000 00000016 00000018 86580001 003E1BC6 0000007C 003E0F48 003E0F48 003E02D8 003E5200 EF085F58
S 0865E 5 18652 00000014 0000000A 00000015 0000000C 00000000 0000001C 00000004 00000002 003E1BC6 003E02D8 000000C5 003E0F48 003E1BC6 003E02D8 003E5200 4B297FDF
S 086AE 5 086C0 00000010 00000006 0000001D 00000013 0000000C 00000011 00000011 00000016 003E1B28 003E4FE6 003E1960 003E1968 003E0F48 003E1BC6 003E4FE8 7D56CEC8
S 0875E 5 08772 00000019 00000015 003E1960 00000011 0000001C 0000001F 00000018 00000007 003E1960 003E1AE2 0009003E 003E1CF6 003E0F48 003E0F48 003E4FE8 2F14C62F
S 08878 5 13590 0000000E 00000001 00000013 00000002 0000000E 0000001C 00000015 00000005 003C0000 003C02D8 003E1968 003E0864 003E02D8 003E0864 003E5200 B45D285B
S 08A70 5 088B0 00000001 0000001A 00000012 0000000E 00000004 0000001B 00000017 00000018 003E0864 003E1CF6 002E003E 003E0F48 003E4000 003E02D8 003E5200 6084C426
S 08A9C 5 08AAE 00000001 00000011 0000001F 00000000 00000003 0000001B 00000008 0000001D 003E4000 00000014 003E0864 003E02D8 003E0F48 003E1CF6 003E4FE8 183A1069
S 08B0C 5 08B1C 00000000 00000000 00000009 0000001F 00000001 00000013 00000019 00000004 003E02D8 003E0F48 003E1CF6 001C003F 003E1BC6 003E4000 003E4FE8 C26A7199
S 08BB2 5 18564 000041D8 0000001D 00000005 0000001A 0000001B 00000019 00000010 0000001F 003E0F48 003E1BC6 003E1CF6 000000D1 003E4000 003E4000 003E4FE8 F62C3693
S 08C7A 5 08C8E 00000005 00000003 00000019 00000003 0000000B 00000004 00000004 00000000 000000D4 003E4FE6 0000008D 003E02D8 003E0F48 003E1BC6 003E4FE8 453093E1
S 08D0E 5 08D24 0000001E 0000001D 00000011 0000FCE2 0000001C 0000000A 00000013 0000000E 003E1AE2 003E1CF6 003E1CF6 003E1CF6 003E1960 003E1CF6 003E4FE8 F64A490B
S 08F2E 5 08F40 0000FF00 0000000E 0000001C 00000008 00000009 0000001C 0000001E 00000004 003E1AE2 003E1CF6 003E1960 00000000 003E1BC6 003E1968 003E5200 CBDC0745
S 08FC8 5 13590 00000009 0000001F 0000000C 00000019 0000000B 00000009 00000017 00000000 003C0000 003C02D8 003E1CF6 003E1BC6 003E4000 003E02D8 003E5200 304F3449
S 0900A 5 0592E 0000000E 00000005 0000000A 0000001D 0000000D 00000015 0000000C 00000002 000000D6 003E4000 003E4000 003E4000 003E0F48 003E1BC6 003E5200 C5E894E0
S 09034 5 0907C 00000002 00000010 0000000F 00000009 00000001 00000009 00000010 0000001D 003E1AE2 003E4000 003E1BC6 003E1968 003E02D8 003E0F48 003E5200 8923BB74
S 09080 5 090BA 00000006 00000009 00000009 00000011 00000015 00000006 00000005 00000019 003E1968 003E4000 003E0F48 003E1CF6 003E1968 003E0F48 003E5200 060D5BE7
S 090BE 5 090D2 00000006 00000070 0000000D 00000003 00000001 00000000 0000000E 00000002 003E1922 003E1BC6 003E02D8 003E1CF6 003E0864 003E0F48 003E5200 1F533C71
S 090E6 5 090F6 00000083 00000083 0000001A 00000017 00000006 00000014 00000016 00000016 003E1968 003E1BC6 003E0F48 003E1BC6 003E1CF6 003E1BC6 003E5200 6D2C3876
S 090FE 5 090BE 000000D2 000000D2 00000005 0000001F 00000016 0000000A 00000008 00000011 003E4000 003E1968 003E1CF6 003E02D8 003E02D8 003E1968 003E5200 E0F25ED0
S 0910E 5 09126 00000019 000000DF 00000057 00000019 0000001A 0000001D 00000004 00000016 003E4000 003E0864 003E1946 003E0F48 003E1BC6 003E02D8 003E5200 40B95498
S 09150 5 13590 00000009 0000000B 00000002 00000005 00000002 00000002 0000001D 00000002 003C0000 003C0864 003E0864 003E4000 003E02D8 003E1CF6 003E5200 B6ACD1FD
S 09208 5 09224 00000007 0000001F 00000017 00000017 00000007 00000006 0000001F 0000000D 003E4000 003E1968 003E0F48 003E0F48 003E1960 003E0864 003E4FE8 EA09B920
S 09266 5 0CFEC 00000014 00000015 00000003 0000001F 0000000E 0000001F 00000000 0000001B 003E0864 003E1968 003E194C 003E194A 003E1CF6 003E4000 003E5200 CCB9605C
S 09D80 5 09E8C 0000001B 00000016 00000002 00000013 0000000B 0000001D 00000009 0000000D 003E4000 003E0F48 003E1BC6 003E1CF6 003E02D8 003E4000 003E5200 5FBEE5F7
S 0A000 5 0EE94 0000001A 00000015 00000010 00000003 00000013 00000004 0000001B 00000008 003E1BC6 003E0864 003E02D8 003E1CF6 003E1CF6 003E1BC6 003E5200 8250FA23
X 0A7E4 0
S 0A7E6 5 0A7F4 0000002A 0000002A 0000009B 00000016 00000010 00000008 00000005 00000006 003E02D8 003E02D8 003E0F48 003E4000 003E0F48 003E4000 003E5200 46BEC1DC
S 0A80C 5 0EAD2 00000007 00000005 0000000A 0000000D 003E1964 00000003 00000017 0000000C 003E02D8 003E0864 003E02D8 003E1CF6 003E1CF6 003E02D8 003E5200 CEF0DB26
S 0A90E 5 13590 00000009 0000001D 0000001B 0000001C 0000001C 00000009 0000000E 0000001A 003C0000 003C1BC6 003E02D8 003E0864 003E02D8 003E1CF6 003E5200 A702D079
S 0A9BE 5 0A9D8 00000004 0000001D 00000007 00000007 00000011 0000001D 00000011 00000018 003E1BC6 003E1CF6 0000EE90 003E02D8 003E1BC6 003E0864 003E5200 6100CE56
S 0AA86 5 0AA9C 0000000C 00000004 00000005 00000000 00000004 0000001E 00000015 0000001F 003E02D8 003E0864 0000EE90 003E4000 003E1BC6 003E0864 003E5200 9B03A3D7
S 0AB12 5 0EF62 00000000 0000B7FA 00000013 00000001 00000006 00000005 0000000D 00000005 003E1BC6 00011B60 003E1CF6 003E02D8 003E4000 003E1968 003E5200 A5C773A5
S 0AB58 5 0AB6E 00000000 0000000C 00000017 003E1C9A 00000001 00000008 00000004 00000011 003E1CF6 003E0864 003E0864 003E4000 003E02D8 003E0864 003E5200 1A371FF5
S 0AC4C 5 0AC64 00000010 00000000 0000000E 0000000C 00000019 0000000D 00000000 00000007 003E0864 003E1CF6 003E1CB2 003E1CAA 003E1968 003E1968 003E5200 1B84B64A
S 0AD5A 5 0AD6C 0000001B 00000017 000000ED 000000ED 0000002D 00000004 0000000F 0000000F 003E02D8 003E4000 003E0F48 003E0864 003E0864 003E1BC6 003E4FE8 687400C7
S 0AF72 5 0AF82 00000019 0000000E 00000020 00000012 00000001 0000001B 00000000 0000000B 003E1BC6 003E0864 003E1BC6 003E02D8 003E1BC6 003E0864 003E5200 C6F71E6A
S 0B032 5 13590 0000000C 00000001 00000000 00000008 00000000 0000001A 0000001E 0000000C 003C0000 003C0864 003E0864 003E1CF6 003E1CF6 003E02D8 003E5200 5C164980
S 0B2E8 5 19C2E 0000000C 0000001A 00000010 00000015 00000003 00000004 00000012 00000002 003E1968 003E0F48 000000A1 003E02D8 003E4000 003E1CF6 003E5200 97DCEE68
S 0B53A 5 0B54C 0000000E 00000011 85480001 00000015 00000002 00000002 0000001E 0000001F 00000062 003E0864 863E0001 003E0F48 003E1BC6 003E02D8 003E4FE8 1891E86D
S 0B5B8 5 11BD8 00000000 00000005 00000000 0000003E 00000003 00000011 00000016 0000000C 003E1BC6 003E4000 003E1968 003E0F48 003E1968 003E02D8 003E5200 898DDA0C
S 0B5E4 5 0B5FC 0000001B 00000018 0000000D 003E1CB0 0000001A 00000004 00000002 00000006 003E0864 003E0864 000000F0 003E1C84 003E0864 003E1BC6 003E4FE8 4FF6E8DF
S 0B738 5 18564 00000011 0000001E 00000005 00000011 00000005 00000015 00000016 00000015 003E1BC6 003E4000 000000AD 003E1CB0 003E0864 003E0F48 003E4FE8 2F7BB845
S 0B7FA 5 0B80C 00000008 00000012 00000014 00000007 00000017 0000000B 00000014 0000001B 000000A6 003E4FE0 0000006E 003E0864 003E0F48 003E02D8 003E4FE8 B9B22111
S 0B958 5 0B970 0000001D 0000428F 000000D4 00000180 FFFFFE80 0000000B 00000015 00000007 003E0864 003E4000 003E0864 003E02D8 003E0F48 003E1CF6 003E5200 3603A585
S 0B9C8 5 13590 00000005 0000001D 00000003 00000006 0000000B 00000008 0000000A 00000003 003C0000 003C1968 003E1968 003E4000 003E02D8 003E4000 003E5200 EC763E0C
S 0BB38 5 0BB4E 0000000D 0000000F 00000008 00000019 0000000B 0000001C 00000000 00000019 003E0864 003E1968 003E4FE4 003E1AE6 003E1CF6 003E0F48 003E4FE8 C981DACF
S 0BB7C 5 0C1F6 0000001F 00000005 0000003E 00000019 0000001D 00000006 00000008 0000001C 003E1C44 003E02D8 003E02D8 003E4000 003E0F48 003E4000 003E5200 9B8B4DEE
S 0C150 5 0C166 0000001B 00000019 0000001C 000003E7 00000015 0000000B 00000007 00000015 003E0F48 003E1BC6 003E4FF0 003E4FE6 003E1900 003E4000 003E4FE8 F783CA58
X 0C1EE 5
S 0C206 5 0C21A 0000001F 0000001A 0000001F 0000000A 0000000F 00000006 00000003 00000006 003E4FF0 003E4000 003E4FF0 003E1C44 003E0864 003E0864 003E4FE8 6356653C
S 0C240 5 0C20E 00000008 0000000B 00000007 00000002 00000007 00000009 00000013 00000001 003E1968 003E1CF6 003E1BC6 003E0864 003E1BC6 003E4000 003E4FDA FC7FC441
S 0C2BC 5 18564 00000011 0000000C 0000001E 00000000 0000001D 0000001F 00000010 00000010 003E1CF6 003E0864 00000037 003E4000 003E02D8 003E0864 003E5200 D67DCBC0
S 0C2DC 5 13590 00000006 00000003 0000000C 00000017 00000011 0000000F 0000001D 00000002 003C0000 003C0864 003E1968 003E0864 003E0864 003E0F48 003E5200 1E7F9235
S 0C3E8 5 0C400 0000000A 00000003 000000D1 00000000 00000014 00000010 00000004 0000000E 003E0864 003E1CF6 003E02D8 003E0864 003E0F48 003E02D8 003E5200 1E2876A3
S 0C436 5 0C44A 00000000 00000013 00000014 00000046 00000018 00000009 00000003 00000007 003E1968 003E0864 003E1964 003E0864 003E0F48 003E0F48 003E5200 2806F9A3
S 0C4AE 5 0C4BC 00000002 00000014 0000001C 00000007 00000001 00000008 00000008 00000008 003E434A 000000CE 86000001 003E1968 003E0864 003E1CF6 003E5200 E00F1CF3
S 0C4CA 5 0C4DC 00000016 00000015 0000000C 00000000 00000016 0000000C 00000009 0000000A 003E4317 000000FC 4EB90001 003E4000 003E0F48 003E0F48 003E5200 24BB53BA
S 0C4E8 5 0C4FA 00000000 00000015 0000000E 00000009 00000016 0000001C 0000000D 00000011 00000038 00018626 003E02D8 003E0F48 003E0864 003E0F48 003E5200 98E5FB4F
S 0C504 5 0C51C 00000007 003E20A8 00000001 003E20B0 00000017 00000014 00000018 00000017 003E1968 003E0864 003E2498 003E02D8 003E1CF6 003E4000 003E5200 49B0A620
S 0C538 5 0C54C 00000010 00000003 00000042 00000000 0000000F 00000015 0000001D 0000000C 003E0864 003E1CF6 003E2498 003E02D8 003E4000 003E0864 003E5200 D75A305E
S 0C568 5 13590 00000002 0000000E 00000001 00000003 00000015 00000012 00000017 0000000A 003C0000 003C1CF6 003E1CF6 003E4000 003E02D8 003E1968 003E5200 FA7D80C9
S 0C5CA 5 0C504 0000000F 00000002 0000007F 00000050 0000004E 0000001C 00000004 0000001E 003E1968 003E1968 003E1CF6 003E02D8 003E0F48 003E0864 003E5200 D8D5B228
S 0C688 5 0C504 00000012 0000001B 00000043 000000C1 00000024 0000000D 00000018 00000014 003E02D8 003E0864 003E1CF6 003E0864 003E1968 003E1CF6 003E5200 B0BE770E
S 0C724 5 0C504 0000001F 00000007 000000D3 00000035 00000014 00000001 0000001D 00000007 003E1BC6 003E1968 003E0F48 003E1CF6 003E0864 003E0F48 003E5200 185B31AC
S 0C7BC 5 0C504 0000000A 00000007 00000075 00000057 000000BD 0000000C 00000018 00000008 003E4000 003E0864 003E1BC6 003E1968 003E1968 003E02D8 003E5200 A1A39F40
S 0C832 5 0C504 00000012 0000001C 00000056 000000E9 00000028 00000003 0000000B 00000007 003E1CF6 003E4000 003E02D8 003E1BC6 003E02D8 003E0F48 003E5200 46DF9295
S 0C8DE 5 0C504 0000001E 0000001F 0000005F 000000D0 0000002D 00000009 0000000C 0000000B 003E4000 003E1BC6 003E1968 003E1CF6 003E1BC6 003E02D8 003E5200 3B6A1FF1
S 0C95E 5 0C504 00000016 00000017 0000006B 000000A0 00000078 00000008 0000000A 00000006 003E02D8 003E0F48 003E0864 003E02D8 003E0864 003E02D8 003E5200 C584371D
S 0C9D2 5 13590 00000003 00000015 0000000F 0000001F 00000012 00000016 00000005 0000000B 003C0000 003C1968 003E1CF6 003E0F48 003E4000 003E0F48 003E5200 A93B5A59
S 0CA52 5 0CA78 00000014 0000001C 003E20A0 00000018 0000001C 0000000E 00000012 00000000 003E20A0 003E0864 003E1968 003E1CF6 003E0F48 003E1BC6 003E5200 5AC69E28
S 0CA88 5 0CAD0 00000007 0000000D 00000018 00000006 00000003 00000004 00000019 00000001 003E0F48 003E02D8 003E1950 003E1CF6 003E02D8 003E4000 003E5200 5B3C6F67
S 0CAE2 5 0CAF4 00000000 00000053 00004141 0000001B 00000004 00000003 00000006 0000001A 003E0864 003E4000 003E1CF6 003E0F48 003E02D8 003E1CF6 003E5200 C0363BC8
S 0CB24 5 0CB38 00000007 00000001 0000000F 0000000B 00011B0C 00000000 0000001C 00000012 003E4000 003E1968 003E1968 003E1968 003E0F48 003E0864 003E5200 DE030710
S 0CBAE 5 0CBC0 0000001E 00000001 00000071 0000000A 0000001D 0000001C 00000016 00000006 003E0F48 003E0864 003E0864 003E1BC6 003E0864 003E0864 003E4FE8 882B5EC7
S 0CC18 5 0CC2C 00000059 00000018 0000001A 00000004 00000006 00000002 00000002 0000000E 003E4000 003E02D8 003E1968 003E4000 000391A0 003E4000 003E5200 63186558
S 0CC3A 5 0CC50 00000000 00000007 00000018 00000011 00000018 00000018 0000001F 00000016 003E4000 003E1968 003E02D8 003E0F48 00038DE0 003E0864 003E5200 89B98949
S 0CCB2 5 13590 00000004 0000000F 0000000E 00000016 00000001 00000013 00000018 0000001E 003C0000 003C1BC6 003E1BC6 003E02D8 003E1968 003E1CF6 003E5200 E3E0237E
S 0CCE6 5 0CCFC 00000013 0000000E 00000005 00000019 00000014 00000003 00000017 00000001 000000E9 003E0864 003E1CF6 003E1CF6 003E1BC6 003E02D8 003E5200 4A4EBC01
S 0CD4A 5 0CD5E 00000000 0000002C 00000014 00000003 0000001F 00000018 00000018 0000001A 00010040 003E0864 003E42A7 003E0F48 003E1968 003E4000 003E4FE8 0C88B760
S 0CDAE 5 0CD4E 0000005E 0000000E 0000001A 0000000B 00000015 00000005 00000009 00000019 003E1968 003E0864 003E0864 003E1CF6 003E1BC6 003E02D8 003E4FDC 192AB59F
S 0CDC0 5 0CDD4 0000000D 00000002 00000009 0000001A 00000001 0000001E 0000001F 0000000A 003E4000 003E0F48 000000FC 003E1BC6 003E1BC6 003E0F48 003E5200 C071E46F
S 0CDF6 5 0CE24 0000003E 00000002 00000004 00000016 0000001C 00000012 00000014 00000008 003E1BC6 003E1CF6 003E02D8 003E0F48 003E1968 003E1BC6 003E4FE8 1519A963
X 0CE48 4
S 0CE76 5 0CE84 00000010 00000060 00000018 00000003 0000007E 0000000B 0000000D 00000004 003E4000 003E02D8 003E0864 003E0864 003E4000 003E0864 003E4FE8 5AC4D038
S 0CEE8 5 13590 00000001 00000003 00000006 00000009 0000000C 0000001F 00000016 0000000C 003C0000 003C4000 003E4000 003E0F48 003E02D8 003E02D8 003E5200 14A50ED6
S 0CF40 5 0CF50 00000000 00000011 00000006 00000015 0000000B 00000005 00000004 0000001C 003E0F48 003E1BC6 000000F4 003E02D8 003E1CF6 003E0F48 003E5200 55C76F1C
S 0CFDA 5 0D440 00000003 00000017 00000005 00000019 00000014 00000007 0000001E 0000000E 003E0F48 003E1CF6 003E194C 003E194A 003E0F48 003E02D8 003E5200 195E5044
S 0D030 5 155A8 00000017 0000001C 00000000 0000001B 0000000A 00000008 0000001D 00000005 003E0864 003E0F48 003E02D8 003E1BC6 003E1CF6 003E1CF6 003E5200 6A6981C6
S 0D04E 5 0F006 00000005 0000000A 00000007 00000014 0000000A 00000013 00000014 00000000 003E1BC6 003E1BC6 003E0F48 003E02D8 003E1BC6 003E0864 003E5200 4467B473
S 0D696 5 05488 00000016 0000001F 00000003 0000007E 0000BFFF 00000014 00000012 0000000B 003E02D8 003E4000 003E02D8 003E0864 003E0864 003E1BC6 003E5200 2906558B
S 0D7A0 5 0EFFE 00000000 0000001C 00000004 00000009 00000004 00000000 00000013 0000000A 003E02D8 003E1968 00000085 003E0F48 003E1BC6 003E0F48 003E5200 1E80D08F
X 0DB66 1
S 0DB6C 5 13590 00000007 00000010 00000000 00000015 00000018 0000001E 0000000A 0000001C 003C0000 003C1CF6 003E0F48 003E1CF6 003E1BC6 003E0864 003E5200 447AD742
X 0DB72 1
X 0DB78 1
S 0DB7E 5 13F98 0000001B 00000016 00000016 00000019 00000019 00000018 0000001C 00000006 003E0F48 003E1CF6 003E1968 003E1968 003E0F48 003E1BC6 003E4FE8 828756AD
S 0DBE6 5 13F60 00000017 00000080 00000005 0000000E 00000006 0000000A 00000013 0000000E 003E0864 003E0F48 003E0864 003E4000 003E0864 003E1968 003E5200 2D30899C
S 0DC10 5 13F60 00000010 00000018 00000018 00000016 00000003 0000001C 0000001B 00000000 003E0864 003E0864 003E0864 003E0864 003E02D8 003E02D8 003E5200 35710981
S 0DC3A 5 0DC4A 0000000C 00000018 00000001 000000AE 0000000C 0000001A 00000000 0000001A 003E4000 003E02D8 003E1BC6 003E0864 003E1BC6 003E1968 003E4FE8 CDA338F7
S 0DE1A 5 0DE2E 00000014 00000006 00000001 00000000 00000000 00000005 0000000B 00000001 003E1BC6 003E1BC6 003E1968 003E1870 003E1968 003E1968 003E5200 D94D87A4
S 0DEC8 5 13590 00000014 00000019 00000006 00000019 00000007 00000002 00000009 0000000B 003C0000 003C1968 003E4000 003E1BC6 003E1968 003E1968 003E5200 B20B8D24
S 0E000 5 14860 0000000A 00000004 0000000C 00000017 00000009 00000004 00000007 00000014 003E1CF6 003E4000 003E1BC6 003E4000 003E0864 003E02D8 003E4FDC 746D7179
S 0E020 5 0E032 0000001D 00004015 00000006 00000007 0000000B 0000001C 00000012 00000006 003E1968 003E1BC6 003E0DE0 003E02D8 003E0864 003E02D8 003E5200 9F62D9DD
S 0E0EE 5 0E102 0000000E 00000019 0000000C 00000001 0000001E 00000058 0000002D 0000000C 003E02D8 003E0864 000035EE 003E4050 003E0864 003E1CF6 003E4FE8 643DAF89
S 0E332 5 0E348 00000018 00000000 00000041 00000003 00000018 00000017 0000001A 0000001F 003E1CF6 003E02D8 003E02D8 003E0864 003E1968 003E1CF6 003E5200 2373B07E
S 0E3B0 5 0E3C6 00000010 00000000 00000003 003E400E 00000005 0000000B 00000012 00000015 003E1CF6 003E02D8 00000088 003E1CD4 003E0864 003E1CF6 003E4FE8 862376C4
S 0E516 5 1477A 00000000 00000013 0000000F 00000014 00000005 00000013 00000018 00000007 003E1968 003E0F48 003E1968 003E1CF6 003E02D8 003E0F48 003E5200 C8E29782
S 0E546 5 14860 0000000E 00000017 00000016 00000014 0000001B 0000001B 00000017 0000000B 003E1BC6 003E0864 003E0F48 003E02D8 003E02D8 003E1968 003E4FDC 81E106B4
S 0E554 5 13590 00000001 0000000B 00000007 00000016 0000000F 0000000B 0000001F 00000005 003C0000 003C0864 003E0864 003E0864 003E1CF6 003E0864 003E5200 78C5EA2E
S 0E7A8 5 0E7B6 00009C00 00000003 00000000 0000001A 00000004 0000001B 00000009 00000013 003E0F48 003E1968 003E1BC6 003E02D8 003E0F48 003E1968 003E5200 7A34ED21
S 0E824 5 0E840 00000004 00000017 0000001B 00000018 0000001A 0000000B 00000003 00000003 003E02D8 003E1BC6 0000007C 003E1CB4 003E0DD4 003E1BC6 003E5200 FE822855
S 0E98C 5 0E9A4 00000005 0000000D 0000001C 00000006 0000000E 00000001 00000004 00000017 003E0864 003E02D8 00000080 003E195C 003E0DD2 003E1CF6 003E4FE8 69DC6F2B
S 0EA46 5 0FCA8 00000000 00000003 00000005 0000001F 00000002 00000003 0000001B 00000014 003E0F48 003E02D8 003E4000 003E1968 003E0F48 003E1968 003E5200 CA8D7A02
S 0EA68 5 0EA82 00000079 00000005 00000013 0000001E 00000008 00000009 0000001C 0000001C 003E1968 003E1968 003E1968 003E1CF6 003E0F48 003E1BC6 003E4FE0 8D2C2F6D
S 0EABA 5 0EAE6 00000006 0000000F 0000000A 0000001B 0000000D 00000017 0000001A 0000000C 003E0F48 003E1968 003E0F48 003E0864 003E1968 003E02D8 003E5200 33A97476
X 0EAC8 5
S 0EBBA 5 13590 0000001F 00000005 00000000 00000004 00000008 00000001 00000003 00000003 003C0000 003C1968 003E1BC6 003E1BC6 003E1968 003E1968 003E5200 8A85A6A0
S 0EC3A 5 0EC4E 00000013 00000017 0000001F 0000001C 0000001C 0000000D 0000000F 0000000E 003E4FE6 0000005A 00000012 0000ECB0 003E0864 003E1CF6 003E4FE8 98C0CF48
S 0ECB0 5 0ECCA 00000019 00000009 00E5003E 0000000C 0000001E 0000001E 0000001E 00000005 003E0F48 003E0864 003E1968 003E0864 003E1CF6 003E1BC6 003E5200 EACFCDFE
S 0EDEA 5 140012 00000000 0000000B 0000000C 00000004 00000019 0000001F 0000000E 00000002 003E1BC6 003E1968 003E0DE2 003E1BC6 003E4000 003E1CF6 003E5200 A400FEC7
X 0EE22 4
X 0EE3A 1
S 0EE44 5 0EE58 00000009 00000014 00000005 00000018 00000001 00000003 0000001A 0000001E 003E1CF6 003E0F48 003E1CF6 003E1BC6 003E1CF6 003E02D8 003E5200 E0D14F75
S 0EE90 5 0EEA4 00000000 00018658 003E4375 00000011 00000014 00000009 00000008 00000006 003E1CF6 00000084 003E4000 003E1CF6 003E0F48 003E1CF6 003E5200 DB4BED1A
S 0EEEE 5 13590 0000000A 00000017 0000001D 00000005 00000003 00000012 0000001A 00000016 003C0000 003C1CF6 003E1968 003E02D8 003E0864 003E4000 003E5200 58A594B4
S 0EF58 5 0EF6A 00000005 00018600 0000001C 00000010 0000001B 00000017 00000006 00000001 003E1BC6 00000034 003E1BC6 003E02D8 003E0864 003E1BC6 003E5200 9ECBA652
S 0EFBA 5 0EFCC 00000005 00000013 0000001D 00000004 00000019 00000014 00000002 00000001 003E02D8 00000013 003E0F48 003E0864 003E0F48 003E1CF6 003E5200 8D5A9876
S 0EFFA 5 0F00C 00000005 00000006 0000000A 0000001D 00000018 0000000B 00000008 00000004 003E1BC6 0000005C 003E4000 003E1968 003E1BC6 003E1CF6 003E5200 86799554
S 0F000 5 0F014 00000005 30CD7F6E 0000000B 0000000C 00000009 0000001D 0000001F 00000000 003E1CF6 003E4316 003E0864 003E1BC6 003E02D8 003E02D8 003E5200 FD2E81B9
S 0F13E 5 0F152 00000007 0000000C 0000001A 00000015 00000005 00000013 00000000 00000007 003E0864 003E4000 003E02D8 003E0864 003E02D8 003E0000 003E5200 A43853A0
S 0F1FA 5 0F2DA 0001F6F0 0000000B 0000001D 00000011 00000007 00000006 00000007 0000000E 003E0F48 003E1BC6 003E4000 003E0F48 003E1968 003E1968 003E5200 0094F788
S 0F26A 5 0F27A 00000000 004B0B31 00000010 00000005 00000003 0000001A 0000001D 00000011 003E1CF6 003E1CF6 003E1CF6 003E4000 003E4000 003E1BC6 003E5200 F7AD160E
S 0F2CC 5 13590 00000000 00000010 00000016 00000006 00000015 00000013 0000001C 00000000 003C0000 003C4000 003E1968 003E02D8 003E0864 003E1968 003E5200 CDF7D111
X 0F2EE 2
X 0F2FA 2
S 0F306 5 0F31A 00000048 00000019 00000048 00000004 0000001C 0000000D 0000000A 0000001E 003E02D8 003E4348 003E1CF6 003E0000 003E02D8 003E1BC6 003E5200 02889C77
S 0F3B2 5 0F3C2 000000C8 00000008 00000019 00000011 0000001D 0000001C 0000000A 00000017 003E1BC6 003E0F48 003E4000 003E00C8 003E0000 003E1CF6 003E5200 5863523E
S 0F4CA 5 0F4DA 000000A0 0000000E 00000014 0000001C 0000001B 00000006 0000000F 0000000A 003E02D8 003E0F48 003E00A0 003E1BC6 003E02D8 003E02D8 003E5200 710D62BF
S 0F52C 5 0F53A 00000018 00000007 0000001B 0000000A 0000000D 00000002 00000004 00000018 003E4012 003E02D8 003E1968 003E0864 003E1BC6 003E1968 003E5200 9935A69D
S 0F540 5 0F550 00000080 00000002 00000002 00000010 00000002 00000003 00000018 0000000B 003E0080 003E1CF6 003E0000 003E1968 003E1CF6 003E02D8 003E5200 DFB34603
S 0F5F6 5 13590 00000014 0000001A 00000013 00000018 0000000C 0000001C 00000018 0000000B 003C0000 003C0F48 003E0864 003E1968 003E1968 003E0F48 003E5200 6779E591
S 0F630 5 0F64C 00000007 00000001 00000017 00000014 00000019 00000008 0000000C 00000007 003E1CF6 003E1BC6 003E1BC6 003E0864 003E02D8 003E02D8 003E4FE8 6D73A7FA
S 0F79E 5 0F7B8 00000007 00000000 0000000D 00000016 00000016 0000001C 0000000C 00000007 003E02D8 003E4000 003E1BC6 003E0F48 003E0000 003E1CF6 003E4FE8 CED68C2C
X 0F922 4
S 0F936 5 0F954 00000016 0000001E 00000011 0000001D 0000001C 00000015 00000004 00000000 003E1968 003E4000 003E02D8 003E02B4 003E0864 003E1BC6 003E4FE8 02D3FF63
X 0FB74 1
S 0FB80 5 0FB92 00000001 00000006 00000006 00000010 0000001B 0000001D 0000001C 00000000 003E0F48 003E1CF6 003E4000 003E4000 003E0F48 003E0864 003E5200 E3A07344
S 0FBC6 5 0FBDA 00000056 00000013 00000011 00000010 0000001A 00000012 00000000 0000000F 003E5042 003E0864 003E4000 003E4000 003E1BC6 003E0F48 003E5200 44BDDDB4
X 0FBE2 5
S 0FBE4 5 0FBF0 0000001E 00000003 00000010 0000000A 0000000D 00000007 00000010 0000001B 003E1BC6 003E1968 003E1CF6 003E1CF6 003E4000 003E1CF6 003E5200 31FC91C6
X 0FC06 1
X 0FC0E 0
S 0FC10 5 13590 00000011 00000006 0000001E 0000000F 00000012 00000007 00000009 0000001A 003C0000 003C1CF6 003E1BC6 003E02D8 003E0864 003E02D8 003E5200 FE14018F
S 0FC1E 5 0FC32 00000000 00000003 00000007 00000010 00000006 00000017 00000002 00000019 003E02D8 003E0864 003E1968 003E0F48 003E1CF6 003E0F48 003E5200 79EF3FF8
X 0FC32 4
X 0FC3A 2
S 0FC46 5 0FC5A 00000000 00000003 0000001F 00000014 0000000B 00000003 00000011 00000018 003E02D8 003E02D8 003E4000 003E0864 003E1CF6 003E02D8 003E5200 AF7F68F7
S 0FC4A 5 0FC5A 00000000 00000013 00000012 00000011 0000000F 00000005 00000014 00000002 003E1BC6 003E0F48 003E0864 003E1968 003E1968 003E02D8 003E51FF 9C2FC1BB
S 0FC74 5 0FC88 00000000 00000003 0000001A 00000013 0000001E 00000000 00000007 00000004 003E02D8 003E4000 003E0F48 003E1CF6 003E0864 003E0F48 003E5200 ACC785D9
X 0FC88 4
S 0FC9C 5 13590 00000004 00000009 00000017 00000005 00000014 0000000F 0000000C 0000001F 003C0000 003C0864 003E1968 003E1968 003E02D8 003E4000 003E5200 F95C499C
X 11BD8 5
S 11BEC 5 11BFA 00000000 0000000C 00000000 0000001C 0000000E 00000005 0000001A 0000001D 003E02D8 003E0F48 003E1968 003E1CF6 003E0F48 003E0F48 003E5200 15354C6C
S 11C04 5 18652 00000000 0000001F 0000000D 00000007 0000000B 00000015 00000013 00000013 00000021 003E1968 003E02D8 003E1968 003E02D8 003E0F48 003E5200 B0B5F9C7
S 11CE2 5 18652 0000005E 00000004 00000007 00000007 0000001F 00000000 00000008 00000001 003E4303 003E0F48 003E02D8 003E1968 003E1CF6 003E4000 003E5200 68EB07EC
S 11CF8 5 11D08 00000000 00000000 000000FE 00000000 000000FE 000042D0 00000011 0000001E 003E0F48 003E1BC6 003E4000 003E02D8 003E4000 003E1BC6 003E5200 1F52D522
S 11D5C 5 11D6C 00004299 0000004A 0000000A 00000013 00000009 0000001E 00000015 00000004 003E1968 003E1BC6 003E4000 003E02D8 003E4000 003E1CF6 003E5200 90C07714
S 11D96 5 11DAC 00000008 003E4104 00000004 00000000 00000011 003E41BD 0000000F 00000010 0021E000 0000000A 003E0864 003E1BC6 003E0864 003E1BC6 003E5200 BAEA84FF
S 11E10 5 13590 0000001B 00000008 00000016 00000013 00000019 0000000A 00000011 0000001C 003C0000 003C4000 003E1BC6 003E1968 003E0864 003E1968 003E5200 877127A1
S 11E58 5 11E6C F2DC609E 00000056 00000015 00000019 00000014 00000016 0000000E 0000000C 003E0842 003E0F48 003E0F48 003E02D8 003E1968 003E1CF6 003E5200 7742B4BF
S 11EDA 5 11F0E 000000F9 00000005 00000018 0000000E 00000004 00000005 00000009 00000004 000E5A29 003E1CF6 003E1BC6 003E02D8 003E1BC6 003E0F48 003E5200 D3565FC3
S 11EF2 5 11F0E 0000003D 00000001 00000004 0000000F 00000012 00000008 00000015 00000000 000DAE19 003E1BC6 003E0864 003E02D8 003E0864 003E0864 003E5200 CA90B1A5
S 11EFE 5 11F10 00000037 00000012 0000000C 0000000D 0000000A 00000016 00000013 00000016 000D263F 003E0864 003E1968 003E0864 003E1BC6 003E0F48 003E5200 DA6C11BC
S 11F2A 5 11FDC 00000000 00000000 00000007 0000001B 0000001D 00000008 00000013 00000006 003E1CF7 003E02D8 003E4000 003E1968 003E0864 003E1CF6 003E5200 541142D1
S 11FF8 5 12008 00000005 00000007 000042B6 00000007 00000001 00000006 00000019 00000012 003E4000 0000006E 003E4000 003E1BC6 003E0F48 003E1BC6 003E5200 FE1C4E24
S 12026 5 12036 00004227 00000003 00000007 00000003 00000004 0000001E 00000009 00000015 003E1CF6 0000004F 003E1968 003E02D8 003E0864 003E1CF6 003E5200 3C8D651E
S 1204C 5 13590 0000000A 0000001B 00000000 0000001A 00000008 0000000E 00000002 00000011 003C0000 003C4000 003E1968 003E0864 003E1968 003E4000 003E5200 1F26573F
S 12066 5 12072 00000019 00000028 00000007 00000007 0000000B 00000010 00000003 0000000F 003E1BC6 003E0F49 003E02D8 003E4000 003E0F48 003E0864 003E5200 35F7A2DD
S 12078 5 12088 00000006 0000001F 00000000 0000000A 00000000 0000001C 00000002 00000011 0000005B 003E423B 003E1CF6 003E02D8 003E0F48 003E4000 003E5200 57B18BC3
S 120A2 5 12160 00000008 00000008 00000012 00000000 00000013 00000019 0000001F 00000012 003E4001 003E0864 003E02D8 003E1CF6 003E02D8 003E02D8 003E5200 2FC5DD2E
S 1217E 5 12190 0000001E 000000C9 00000013 00000008 0000001B 00000015 00000007 00000008 003E432D 000000FF 003E1BC6 003E1968 003E02D8 003E1968 003E5200 38816A0C
S 121C4 5 121D6 00000027 00000011 0000000A 00000012 0000001B 0000001C 0000001B 00000017 000DAE03 003E1CF6 003E4000 003E1968 003E02D8 003E1BC6 003E5200 B245D943
S 12222 5 18658 000000FF 00000007 0000001F 00000004 00000006 0000000D 000000FF 0000001C 003E0864 003E02D8 003E1CF6 003E0864 003E1968 003E1BC6 003E5200 09BEA08E
S 122C6 5 18658 00000034 00000018 0000001F 00000017 00000003 0000001C 00000009 0000000F 003E1966 003E1BC6 003E1BC6 003E0F48 003E02D8 003E1968 003E5200 6BC41887
S 12306 5 13590 00000010 0000000C 00000009 0000000B 0000001B 00000006 0000000E 00000018 003C0000 003C0F48 003E0864 003E1CF6 003E0F48 003E02D8 003E5200 066BA138
S 1231A 5 1232A 00000015 00000013 0000001E 00000012 00000F53 00000000 0000001A 00000002 003E0864 003E02D8 003E0864 003E1CF6 00012350 003E0F48 003E5200 FF80728F
X 12354 2
S 1238C 5 1247A 00000000 00000000 0000001C 00000000 0000000E 0000000B 00000006 0000000A 003E02D9 003E0864 003E4000 003E0864 003E02D8 003E1BC6 003E5200 38066066
S 124BE 5 124CE 00000001 00000013 00000000 0000000E 00000008 0000000E 00000014 0000000A 00000047 003E42F0 003E1CF6 003E1BC6 003E0864 003E1CF6 003E5200 596C1F07
S 124E2 5 1259E 00000000 00000000 00000003 00000000 0000001F 00000017 0000001C 0000001A 003E02D9 003E1968 003E4000 003E1968 003E4000 003E1CF6 003E5200 B33E5A59
S 12574 5 12588 00000000 0000001B 0000001D 00000000 00000005 0000001B 00000014 00000019 003E02DA 003E0866 003E02D8 003E02D8 003E0864 003E1CF6 003E5200 8DB08AFC
S 1259C 5 125AC 0000018D 00000000 0000001B 00000015 00000019 0000001A 00000009 00000003 003E0F48 003E0864 003E1BC6 003E0864 003E1968 003E0F48 003E5200 7A699269
S 125DA 5 13590 00000016 0000000F 0000001E 0000000C 00000003 0000001F 00000015 00000009 003C0000 003C1CF6 003E1968 003E0864 003E1968 003E1968 003E5200 D1E96530
S 1262A 5 1263A 00000010 00000000 00000010 00000008 00000015 0000001F 00000015 00000001 003E02D8 003E02D8 003E02D8 003E0F48 003E1968 003E0F48 003E5200 8FF80F14
S 128BC 5 11E64 0000C1D1 00000040 0000000D 00000011 00000004 00000014 00000009 00000017 003E0842 003E1CF6 003E1968 003E1BC6 003E02D8 003E02D8 003E5200 DA8874A7
S 13000 5 13014 0000000D 000003FF 00000008 00000013 00000008 00000016 00000008 0000001D 00200002 0021FFFE 003E1CF6 003E4000 003E0864 003E0F48 003E5200 C2963EA6
S 130B0 5 18652 0000001E 00000016 00000018 00000009 00000013 00000001 00000016 00000005 003E4000 003E1BC6 003E0864 003E02D8 003E4000 00000089 003E5200 420A2C39
S 130EE 5 135C2 00000015 00000007 00000009 00000000 00000006 00000017 00000012 0000000B 003E0F48 003E1BC6 003E1BC6 003E1968 003E1BC6 0001325E 003E5200 9D3062E1
S 130F8 5 1367A 0000001E 00000018 0000000D 00000015 0000001A 00000000 00000010 0000000A 003E02D8 003E02D8 003E02D8 003E0864 003E1BC6 003E1BC6 003E5200 EF0C1BB5
S 13350 5 19F4E 00000004 00000016 00000012 00000011 00000013 0000000D 0000001F 00000014 003E4000 003E1968 003E370E 00019CE4 003E1968 003E4000 003E5200 CFD2D071
S 133B2 5 196B6 0000000F 00000008 FFFFFFFF 00000001 00000019 0000001C 00000010 0000001E 003E3672 003E02D8 003E02D8 003E1CF6 003E1968 003E1CF6 003E5200 65B8C539
S 133EC 5 00586 00000000 0000000A 00000002 0000000A 00000003 0000001D 0000001A 00000008 003E4000 003E1BC6 003E1CF6 003E1968 003E1BC6 003E1BC6 003E5200 612C205B
S 1354C 5 13562 00000019 0000000D 0000001C 00000008 00000011 00000012 0000000A 00000007 003E3F08 003E1968 003E1CF6 003E1968 003E4000 003E0F48 003E5200 B0DA147D
S 1357C 5 13596 00000010 00000007 00000000 00000008 0000001C 0000000C 0000001D 0000000D 003C0000 003C07FC 003E1CF6 003E1BC6 003E0864 003E1968 003E5200 5A71109C
S 1378E 5 1380E 00000000 0000001D 0000000B 0000001E 00000018 0000001F 00000000 00000019 003E1966 003E1968 003E1CF6 0072FFFE 003E0F48 003E4000 000137A0 B258166A
S 1397A 5 139EC 00000000 00000018 0000000A 00000010 00000009 00000019 00000000 00000012 003E02D6 003E02D8 003E1BC6 0072FFFE 003E1CF6 003E0864 0001398C D4976E65
S 13CDA 5 13CF2 0000A43F 0000000B 0000001B 0000000E 0000000B 0000001C 0000000C 0000001C 003E1968 003E0F48 003E4000 003E0864 003E1BC6 003E02D8 003E5200 3998CB8A
S 13D1E 5 13D2C 00000003 0000000A 000F90D4 00000010 00000018 0000001C 00000013 00000014 003E1968 003E0864 003E4000 003E4000 003E1968 003E4000 003E5200 A5E1665C
S 13E0A 5 13E1C 00000017 00000000 003E4029 0000001A 00000010 0000001A 00000006 00000002 003E1CF6 003E1968 00000051 003E1CF6 003E0864 003E1CF6 003E5200 5075E217
S 13E6A 5 13E7A 0000000A 00000009 0000001E 00000014 0000000E 0000000C 00000018 00000010 003E4FD4 003E0864 003E1968 003E1CF6 003E0F48 003E4000 003E4FE8 B79A67C5
S 13E94 5 13EAE 0000000C 00000014 0000002A 00000017 00000005 00000003 0000001A 0000000B 003E02D8 003E1CF6 003E3444 003E3447 003E1CF6 003E1BC6 003E5200 66C98535
S 13F40 5 14780 00000016 00000014 00000010 0000000A 0000001C 0000000E 0000001A 00000007 003E4000 003E34CC 003E02D8 003E02D8 003E1BC6 003E02D8 003E5200 2B626B71
S 13F98 5 13FB4 00000000 00000016 00000015 00000000 00000007 0000001D 00000009 00000011 003E1BC6 003E1968 003E1BC6 003E0864 003E4000 003E1968 003E5200 871930A9
S 13FCE 5 13590 0000000D 00000004 00000019 0000000B 0000001A 00000005 00000006 00000005 003C0000 003C0864 003E0F48 003E1BC6 003E4000 003E0F48 003E5200 88FE5962
S 14044 5 14062 00000009 00000011 0000001C 00000019 0000000A 00000004 00000003 00000014 003E1BC6 003E0F48 003E3448 003E3446 003E1CF6 003E02D8 003E5200 528D80C1
S 14138 5 14152 0000001F 00000008 00000050 00000005 00000003 0000001E 0000001E 0000001A 003E1CF6 003E0F48 003E3446 003E1968 003E0864 003E1BC6 003E5200 8DFB27C7
S 141D4 5 141E8 0000001E 0000000C 00000002 00000000 00000015 00000009 0000000C 00000008 003E1968 003E1CF6 003E1CF6 003E1BC6 003E4000 003E02D8 003E5200 E8ECFE90
S 1425C 5 14276 00000015 0000001E 0000000D 00000008 00000000 00000005 00000002 0000001E 00000022 003E1CF6 003E1BC6 003E3508 003E352A 003E1BC6 003E5200 BB116912
S 143B0 5 143C6 0000000C 00000007 003E416E 00000003 00000021 0000001E 00000019 0000001B 003E1CF6 003E02D8 0000000A 003E3528 003E0864 003E1BC6 003E5200 71AEE49C
S 14492 5 198C4 0000000D 0000001D 00000005 00000009 00000009 00000007 0000001B 00000014 003E4000 003E0864 003E0864 003E1CF6 003E0F48 003E4000 003E5200 E61E499B
S 144AE 5 144C6 00000002 00000001 0000001C 00000017 00000000 00000006 00000019 00000002 003E4000 003E0F48 003E02D8 003E4000 003E0864 003E0864 003E5200 E390E596
S 144D0 5 13590 0000000E 0000001B 00000018 00000010 0000001E 0000001B 00000000 0000000B 003C0000 003C1968 003E02D8 003E0864 003E1BC6 003E02D8 003E5200 17A8E182
S 14578 5 14594 00000000 00000007 0000001F 0000001C 003E34CC 0000001D 0000000A 0000001B 003E1CF6 003E1BC6 003E3536 000143B0 003E34F4 003E0F48 003E5200 291D37FD
S 14772 5 14784 00000016 00000022 0000001E 00000012 00000011 00000004 00000000 00000002 003E0F48 003E34CC 003E1CF6 003E1CF6 003E0864 003E0864 003E5200 EEB712C3
S 1485C 5 14872 0000000E 00000095 00000013 003E4084 00000010 00000017 00000009 00000016 003E1CF6 003E4000 003E34CC 003E1BC6 003E1CF6 003E0F48 003E4FE8 3C159346
S 14A36 5 14A4A 00000018 00000006 000000C7 003E4078 00000000 00000005 0000000C 00000016 003E02D8 003E4000 003E34ED 003E02D8 003E4000 003E02D8 003E5200 DDCD5A8B
S 14B2C 5 14B40 0000000D 0000000D 0000009C 00004033 0000001E 0000001D 00000009 00000001 00000070 003E4000 003E1968 003E1CF6 003E1BC6 003E02D8 003E5200 44B35D32
S 14C3C 5 14C50 00000004 00000000 000000FD 0000004D 00000016 00000011 00000005 00000010 003E1968 003E1CF6 003E41F3 003E1968 003E1CF6 003E0864 003E4FE8 AAE2FF6E
S 14DD2 5 14DE2 00000000 0000001C 00000008 00000014 00000011 00000000 00000004 0000001C 003E4000 003E1CF6 003E1968 003E1BC6 003E1968 003E0864 003E4FE8 A0AA0DAB
S 14E5C 5 14E6E 00000002 00000019 0000000E 003E3454 00000000 00000004 0000001D 00000003 003E1CF6 003E1CF6 003E02D8 003E0F48 003E0F48 003E02D8 003E5200 BFF16BFC
S 14ECA 5 14EE2 FFFFFFFF 00004243 0000000D 00000013 00000013 00000001 00000017 00000001 003E02D8 003E1CF6 003E02D8 003E0864 003E4000 003E1BC6 003E5200 064B1E7F
S 14EF8 5 14F0C 0000001B 0000004A 00000045 00004302 00000005 0000000B 00000019 0000001D 003E1968 003E02D8 003E1BC6 003E1968 003E1BC6 003E1968 003E5200 F3476127
S 14F7A 5 14F8A FFFFFFFF 000000EB 0000001A 0000001C 0000000B 00000014 00000018 0000001A 003E0F48 003E0F48 003E1CF6 003E4000 003E0864 003E0F48 003E5200 2CACBA91
S 14FF2 5 15002 FFFFFFFF 0000001E 0000002E 00000005 00000001 0000001E 00000013 0000000B 003E1BC6 003E4000 003E0864 003E1CF6 003E0F48 003E1BC6 003E5200 786B7F6B
S 15064 5 15076 000040AC 00000007 0000001C 000040AC 00000032 00000005 00000000 00000000 003E1968 003E0864 003E1968 003E0864 003E0864 003E02D8 003E5200 52BDC2F8
S 15100 5 1510E 00000A6E 00000059 0000000E 00000014 00000005 0000001A 0000001B 00000006 003E1CF6 003E02D8 003E1BC6 003E02D8 003E1968 003E02D8 003E5200 198473B3
S 1520E 5 17506 00000007 00000000 0000001A 00000015 0000001D 0000000C 0000001A 0000000D 00200000 003E1968 0001D762 003E361E 003E1968 003E1968 003E5200 006EC87D
S 155A0 5 13590 00000009 00000015 00000011 0000000F 00000003 00000005 00000006 00000004 003C0000 003C1968 003E1BC6 003E1968 003E1CF6 003E0864 003E5200 FDDFA9E1
S 15672 5 15682 00000009 00000009 00000001 00000015 0000001B 00000000 00000003 0000000D 003E1968 003E1BC6 003E1968 003E0F48 003E0864 003E4000 003E5200 70AF1114
S 1568E 5 1569A FF7FFFFF 00000000 00000003 00000010 00000009 00000013 00000004 00000017 003E0864 003E1CF6 003E1CF6 003E02D8 003E02D8 003E0F48 003E5200 A8727CD2
S 156AC 5 156C2 0000000A 00000010 00000012 00000087 00004289 00000005 00000005 00000009 003E0F48 003E02D8 003E3632 003E02D8 003E0864 003E1BC6 003E5200 EF16FB14
S 15830 5 1583E 00000012 00000013 00000008 0000000F 00000007 00000008 0000000B 00000013 003E02D8 003E4000 003E1CF6 003E0F48 003E1BC6 003E0F48 003E5200 F8E97A8E
S 160BA 5 1936C 00000000 00000018 00000034 00000007 0000000F 00000012 0000000F 00000019 003E1BC6 003E4000 003E4000 003E0864 003E02D8 003E0864 003E5200 263D5A09
S 1684C 5 1936C 00000000 0000001E 0000007E 0000001D 0000001E 0000000C 00000019 0000001A 003E0F48 003E4000 003E0864 003E1BC6 003E1CF6 003E1968 003E5200 918FC9EC
S 168F8 5 1937E 00000000 00000013 00000009 00000003 00000010 00000014 00000005 0000000C 003E0864 003E1CF6 003E1BC6 003E0864 003E1BC6 003E4000 003E5200 D7C93F53
S 16BC8 5 13590 0000000C 0000001D 0000001B 0000000C 00000010 0000000F 00000003 00000002 003C0000 003C02D8 003E0F48 003E1BC6 003E1968 003E0864 003E5200 952F0F6B
S 16BDA 5 16BEE 00000013 00000010 00000019 0000001B 0000000E 00000007 00000013 0000000A 003E1968 003E1CF6 0001851C 00017FCC 00017EDE 003E1CF6 003E5200 86D901F1
S 16D3E 5 19366 00000000 00000004 00000001 00000013 00000006 0000000D 0000000F 0000000D 003E1968 003E1968 003E02D8 003E0864 003E02D8 003E02D8 003E5200 1731BA65
S 16D4E 5 18044 00000009 0000001B 00000016 00000010 0000001C 00000018 00000018 00000001 003E02D8 003E02D8 003E0864 003E1968 003E1CF6 003E4000 003E4FD8 FCF6C7E0
S 16D60 5 18044 00000017 0000000E 00000000 00000004 00000008 00000012 00000005 00000009 003E1BC6 003E1CF6 003E1CF6 003E1968 003E0F48 003E02D8 003E4FD8 45952287
S 16D6E 5 17500 00000019 00000006 00000000 00000019 00000005 00000001 00000009 00000016 00201BC6 003E02D8 0001D762 003E361E 003E1CF6 003E02D8 003E5200 1033A8E6
S 16D78 5 174A2 00000015 00000000 0000000F 00000017 00000010 0000000C 00000017 0000000A 003E1968 003E02D8 003E02D8 0001851C 003E4000 003E1BC6 003E4FE4 A4C74D0C
S 16D80 5 17004 00000009 00000015 00000002 0000000F 0000000D 00000010 0000000B 0000000B 003E1968 003E1CF6 00018B76 0001851C 00017EDE 003E4000 003E4FE4 B80F4E18
S 16D88 5 174B0 00000008 00000014 00000101 00000000 00000006 00000001 0000000E 00000003 003E0864 00200000 003E02D8 003E02D8 003E02D8 003E02D8 003E5200 BD3A1F3C
S 16E14 5 13590 00000014 00000017 00000019 0000000C 00000011 0000001E 00000016 0000000E 003C0000 003C1BC6 003E1968 003E1968 003E0F48 003E1CF6 003E5200 663DD591
S 16E1C 5 179A0 0000000D 0000000F 0000001E 00000012 0000000B 00000000 00000002 0000000E 003E0864 003E1968 003E4000 003E0000 00018B5C 003E02D8 003E4FE4 C5EA4D6B
S 16E24 5 17500 00000006 0000000B 00000017 0000000C 00000019 0000001F 00000015 0000000E 00204000 003E0864 0001829C 00016958 003E02D8 003E4000 003E5200 9E31F4C5
S 16E2C 5 17EF8 00000019 0000001A 0000000B 00000000 0000000E 0000001F 0000001D 00000005 003E1968 003E02D8 003E1968 003E0F48 003E4000 003E0F48 003E5200 4F21C65F
S 16EEC 5 17EF8 0000000D 00000003 00000009 00000008 00000019 00000007 00000000 0000000B 003E1BC6 003E0864 003E1968 003E4000 003E1BC6 003E1968 003E5200 8DBE14A6
S 16FF0 5 17008 00000014 0000000C 00000006 00000000 0000001B 00000016 0000000C 00000013 003E0F48 003E0864 00018B76 0001851C 00017EDE 003E0864 003E4FE8 FCEF76CD
S 17330 5 17346 00000007 00000003 0000007D 00004157 0000000E 00000001 00000004 00000010 003E1CF6 003E02D8 003E4000 003E0864 003E0864 003E1CF6 003E5200 A13D165F
S 173D8 5 17506 00000002 00000012 000041E5 00000081 00000017 0000000F 00000001 0000001E 00200000 003E02D8 003E02D8 003E02D8 003E4000 003E0864 003E5200 E1A5C280
S 174A2 5 13590 0000000E 0000000D 00000012 00000019 0000000D 00000003 0000001E 0000001E 003C0000 003C0864 003E0864 003E02D8 003E1CF6 003E1968 003E5200 D1ABB54F
S 17500 5 1750A 00000009 00000017 0000000A 0000001F 00000012 00000019 00000000 00000016 00200004 003E0864 003E1BC6 003E1BC6 003E1CF6 003E02D8 003E5200 3E4AB4E3
S 1753C 5 1754E 000040DB 00000002 0000009D 00000000 0000001D 00000000 0000000D 00000006 0000000C 003E1968 003E1BC6 003E0864 003E1968 003E1BC6 003E5200 6414EF8C
S 175DE 5 174A4 0000000B 00000004 0000001E 0000000D 00000006 00000018 00000016 00000011 003E1CF6 003E02D8 00018B76 000190DA 003E4000 003E0F48 003E5200 7FEE04BC
S 177E8 5 18E6E 00000016 0000001F 00000016 00000004 0000000E 00000014 0000000D 00000008 003E1968 003E0F48 0001E152 003E0864 000192E6 003E1968 003E5200 1679F900
S 17800 5 174A4 0000000A 00000010 0000000E 00000016 00000016 00000013 0000000E 0000000E 003E02D8 003E4000 003E02D8 0001851C 003E0864 003E02D8 003E4FE8 15B32F65
S 1796E 5 18524 00000000 00000018 0000001C 0000001C 0000001E 00000016 00000000 00000012 0000001C 003E1968 003E0F48 003E1CF6 003E02D8 003E1BC6 003E5200 23F2BFC5
S 1798C 5 17500 00000014 00000006 00000010 0000001D 0000001D 00000011 0000001F 00000002 00200864 003E02D8 003E02D8 003E0000 00018B5C 003E4000 003E4FE8 12DEFD4C
S 17EDE 5 13590 00000010 00000001 00000010 00000007 0000000E 0000001E 0000000F 0000000D 003C0000 003C0864 003E1968 003E1BC6 003E02D8 003E1968 003E5200 150A2E54
S 17EF4 5 17500 0000001E 00000003 0000003D 000000F5 000041EA 00000004 00000001 00000008 00204000 003E0F48 003E1968 003E1CF6 003E0F48 003E02D8 003E5200 3C8F5B4A
S 17F42 5 17FCC 0000001D 00000002 00000004 00000006 00000017 00000011 00000007 0000000A 003E4000 003E02D8 003E0F48 003E02D8 003E02D8 003E1BC6 003E5200 2A1F22B9
S 17F70 5 17FCC 00000017 00000006 00000001 0000000B 0000001C 00000010 00000008 00000014 003E1968 003E0864 003E0864 003E1CF6 003E1BC6 003E02D8 003E5200 C4E365B7
S 17FCC 5 17FE0 0000001B 0000000F 00000071 00000003 0000004F 00000066 00000014 00000011 003E1968 003E0864 003E4000 003E0864 003E02D8 003E02D8 003E5200 A6D0A88C
S 18000 5 1800E 00000000 00000016 00000001 00000007 00000010 0000001D 00000011 00000018 003E1BC6 003E0F48 003E02D8 003E0F48 003E1BC6 003E1968 003E5200 6C13F213
S 18040 5 18054 00000004 003E425F 00000015 0000007E 003E425F 00000013 00000000 0000001E 003E4000 003E02D8 0001829C 003E1CF6 003E1CF6 003E02D8 003E4FE8 AACE24A2
S 1815A 5 18040 00000006 00000007 0000001C 00000005 0000000F 00000011 00000008 00000018 003E4000 003E1BC6 00018040 003E02D8 003E1CF6 003E1968 003E5200 E7905EDE
S 1829C 5 13590 0000001E 00000003 00000017 0000000D 00000004 00000015 00000008 00000015 003C0000 003C1968 003E0864 003E1968 003E1CF6 003E0F48 003E5200 9565FCF4
S 183F2 5 1840C 00000000 0000001F 0000001D 00000000 00000005 00000002 00000015 0000001B 003E3D8E 003E1CF6 003E0F48 003E0864 003E4000 003E02D8 003E5200 4466AD55
S 18418 5 14864 0000001B 0000001C 00000001 0000000E 00000006 0000001B 00000017 00000012 003E1BC6 003E0F48 003E1CF6 003E1968 003E1968 003E0F48 003E4FDC B1295428
S 1851C 5 18530 00000000 0000009D 00000000 00000002 00000003 0000000C 00000004 00000008 00000012 003E0864 003E1BC6 003E4000 003E0864 003E4000 003E5200 7BDC7332
X 18544 5
X 18548 4
X 18556 4
X 18564 4
S 18576 5 13590 00000010 00000002 00000003 00000016 00000015 00000014 00000019 0000000A 003C0000 003C4000 003E1968 003E1BC6 003E1CF6 003E1BC6 003E5200 E5CB579E
X 18588 4
X 18598 4
X 185AA 4
X 185B6 4
X 185CC 4
X 185DC 4
X 185EE 4
S 18600 5 13590 0000000B 0000001B 00000013 00000018 00000008 00000018 0000000E 00000019 003C0000 003C1BC6 003E1BC6 003E0F48 003E4000 003E1BC6 003E5200 25B2AA2A
X 18614 4
X 18626 4
X 1863E 4
X 18652 3
X 18658 1
S 1865E 5 19C2E 0000000C 003E6000 00000000 0000001D 00000011 0000000A 00000000 00000012 000000B9 003E4000 003E0F48 003E0F48 003E0864 003E0864 003E5200 F216A69A
S 1866C 5 19C2E 003E414D 00000017 00000005 00000015 0000001F 00000004 00000012 00000012 000000D5 003E0864 003E1BC6 003E1CF6 003E1CF6 003E0F48 003E5200 DD1FCE93
S 1867C 5 13590 00000014 00000002 0000001A 0000000F 0000001C 00000006 0000000E 0000001D 003C0000 003C0864 003E0864 003E0864 003E1CF6 003E0F48 003E5200 4B4B372A
S 1868C 5 18694 00000004 00000002 00000004 00000000 0000000D 00000017 0000001F 00000016 00000034 00000032 003E1BC6 003E4000 003E1CF6 003E1BC6 003E5200 6BEA7644
S 1869E 5 186AC 00000000 00000000 00000019 00000012 00000012 00000004 00000000 0000001C 003E4000 003E0864 003E0864 003E4000 003E0F48 003E02D8 003E5200 B7F679EF
S 18764 5 18778 0000001D 00000000 00000003 00000017 00000003 00000007 00000019 00000007 003E4000 003E1BC6 003E3400 003E0864 003E1CF6 003E0864 003E5200 90010A8C
S 1884A 5 1886A 0000000C 0000000F 0000000F 0000000E 00000018 00000016 0000001A 00000003 0000003E 003E1CF6 003E1968 003E1BC6 003E02D8 003E1CF6 003E5200 2F9FFB37
S 1885A 5 1886A 00000018 0000001C 00000007 0000001C 0000000C 00000011 0000000A 0000000D 023740BD 003E1BC6 003E4000 003E02D8 003E1CF6 003E1BC6 003E5200 8CA1C38C
S 1888C 5 18564 0000000F 000000EA 00000013 00000017 00000000 00000012 0000001F 00000011 003E02D8 000000EA 003E1CF6 003E1968 003E02D8 003E02D8 003E5200 0D84A773
S 188AA 5 188B8 00000006 000000F0 00000013 00000011 00000017 0000000A 00000015 00000006 003E02D8 000000F0 003E4000 003E1968 003E0F48 003E1968 003E5200 1CDB8BD8
S 188EC 5 13590 00000018 0000001F 00000004 0000000E 00000007 0000000E 00000001 00000009 003C0000 003C0F48 003E02D8 003E0F48 003E1CF6 003E0864 003E5200 86F0A0FF
S 188F8 5 189AC 00000000 0000001A 00000008 00000010 00000004 0000001B 00000011 00000019 00000000 00200000 003E1BC6 003E0F48 003E0864 003E02D8 003E5200 BF1AE5E3
S 1890C 5 1891C 00000000 0000006A 0000000B 00000009 0000000B 00000016 00000018 0000001B 003E4000 003E02D8 003E0864 003E1CF6 003E1CF6 003E1968 003E5200 006558C5
S 18A5E 5 18A6E 00000000 00004132 00004132 0000001F 0000001C 0000001D 00000018 0000000B 0000004C 003E4000 0000004C 003E0F48 003E02D8 003E0F48 003E5200 1209DE03
S 18A66 5 18A72 00000000 0000001C 0000001C 0000000A 00000002 00000013 0000001B 00000001 003E02D8 003E0F48 003E02D9 003E4000 003E1CF6 003E4000 003E5200 C2C67969
S 18AFE 5 18B0E 00000000 00000014 00000019 00000008 0000001B 00000004 00000018 00000018 003E4000 003E0864 003E02D8 003E4000 003E1968 003E0864 003E4FE8 85D6871D
S 18B26 5 18B3A 0000000C 00000010 0000000B 0000001A 00000006 0000000B 00000012 0000000A 003E02D8 003E1968 003E0F48 003E1BC6 003E1BC6 003E0864 003E4FE8 A122316F
S 18B5C 5 18B70 00000000 0000001E 0000001C 0000001D 0000001B 00000004 00000000 00000003 003E0864 003E0864 003E4000 003E4000 003E0F48 003E0864 003E4FE8 F0FEE7FF
S 18B76 5 13590 0000001F 00000019 00000013 00000006 00000005 00000006 0000000E 00000018 003C0000 003C1968 003E0F48 003E02D8 003E0F48 003E1CF6 003E5200 5F9CBA9F
S 18B92 5 18BA2 00000015 00000011 00000007 00000011 00000013 00000003 00000009 00000004 003E1968 00200019 003E1CF6 003E0F48 003E0F48 003E02D8 003E5200 482E08D0
S 18C3C 5 18C4E 00000018 000041D9 0000001E 00000016 00000002 0000001F 0000001C 0000001B 000000B4 86580019 003E1CF6 003E1968 003E1BC6 003E4000 003E5200 6CA6A2C4
S 18C48 5 18C54 000000AD 0000001A 00000006 0000000E 00000008 00000004 00000011 0000001D 003E1969 00000011 003E0F48 003E1CF6 003E1968 003E02D8 003E5200 4CDBCB43
S 18CAA 5 18CB8 00000000 00000001 0000000E 00000015 00000007 00000005 00000007 00000006 003E0865 00000026 003E1968 003E1968 003E1CF6 003E0F48 003E5200 5796E32F
S 18CCE 5 18CDE 00000023 00000070 00000019 00000004 0000000F 0000000F 0000000F 00000011 00000070 003E1968 003E0F48 003E1BC6 003E0864 003E1BC6 003E5200 EF13F354
S 18CDE 5 18CF0 0000002D 00690000 00000003 00000005 00000005 00000017 00000019 00000012 0000001B 00200004 003E1BC6 003E4000 003E4000 003E0F48 003E5200 7AD3FF60
S 18D18 5 18D2A 000000FF 00000000 00000001 00000012 00000014 0000000B 00000005 0000000F 003E0F48 00200004 00000000 003E1CF6 003E1BC6 003E1968 003E5200 FE643801
S 18D88 5 13590 0000001A 00000014 00000010 00000014 00000002 0000001A 0000001A 00000011 003C0000 003C0F48 003E4000 003E4000 003E4000 003E0F48 003E5200 377557A8
S 18DC4 5 18DDA 00000007 000000AD 00000000 0000000C 0000001F 00000002 00000005 0000000E 003E1CF6 003E0F48 003E1968 003E1BC6 003E4000 003E0F48 003E5200 A05C5D07
S 18DEA 5 18E0A 00000004 000040C6 0000000F 00000017 0000000F 00000003 00000005 00000012 003E1BC6 003E0F48 003E0F48 003E1CF6 003E1CF6 003E1BC6 003E5200 41432C3A
S 18DF6 5 18E10 00000002 00000059 00000003 00000017 00000012 00000014 00000014 00000014 003E1BC6 003E0F48 003E3400 003E1BC6 003E0F48 003E1CF6 003E5200 310DA21D
S 18DFC 5 18E10 00000001 00000033 00000003 00000017 00000019 00000011 00000011 0000000C 003E4000 003E1CF6 003E3400 003E02D8 003E1968 003E02D8 003E5200 51257675
S 18E06 5 18E18 00000003 0000000A 00000003 00000006 00000011 0000001B 0000000C 00000014 003E1968 003E341B 003E3400 003E4000 003E0864 003E0F48 003E5200 26757323
S 18E66 5 18E76 00000000 00000000 0000001B 00000006 00000004 00000006 0000001F 0000000F 003E4000 003E0F48 00000019 003E1968 000192E6 003E1CF6 003E5200 80FD7C08
S 18F10 5 18F42 00000004 0000000A 00000010 00000000 00000011 00000000 00000014 00000009 003E1CF6 003E1968 00019182 003E1968 003E4000 003E1968 003E5200 005E4822
S 19010 5 13590 00000013 00000004 0000001C 00000001 00000010 00000015 0000000A 00000001 003C0000 003C1BC6 003E1968 003E1BC6 003E0864 003E0F48 003E5200 7A7855D6
S 19032 5 19046 00004231 000000F0 0000000E 00000006 0000001E 00000002 0000000E 0000000E 003E0864 000192E6 003E02D8 003E0F48 003E1CF6 003E0864 003E5200 048AF7F3
S 19054 5 19068 00000000 00000009 00000011 0000000D 00000002 00000004 0000001B 00000007 003E4000 003E1968 003E02D8 003E02D8 003E4000 003E0F48 003E4FE8 5BB055BE
S 190C0 5 190D4 00000017 00000005 0000000C 00000018 0000000D 0000001E 00000011 00000019 003E1CF6 003E0864 003E1968 003E1BC6 003E4000 003E1968 003E4FE8 180A3593
S 190DA 5 190EE 00000001 00004023 00000013 00000006 0000000C 0000000A 00000015 00000011 003E1CF6 003E1968 003E1CF6 003E1CF6 003E1BC6 003E4000 003E5200 29168991
S 19366 5 1939C 00000000 0000001F 0000001B 00000013 00000004 00000008 00000000 0000000F 003E4000 003E0F48 003E1BC6 003E1CF6 003E1CF6 003E1BC6 003E5200 65E8C41F
S 1939C 5 193B2 0000000C 00000014 0000000F 00000009 0000000D 00000011 00000014 0000001A 003E3418 003E1968 003E1BC6 003E1CF6 003E1BC6 003E4000 003E5200 3908C40F
X 193F2 4
S 19404 5 13590 00000014 0000001F 0000000D 0000000D 00000005 0000001C 00000010 00000012 003C0000 003C1BC6 003E0F48 003E0864 003E0F48 003E4000 003E5200 2E7BE694
S 1940A 5 1941C 000007FF 00F40000 00000015 0000000D 00000019 0000000F 0000000B 0000000A 003E1CF6 00200004 003E0864 003E1968 003E0864 003E1BC6 003E5200 289799DB
S 1942A 5 1943C 00000015 21210000 0000000C 0000001B 0000001D 00000007 0000000E 00000015 003E4000 003E02D8 003E0864 003E4000 003E4000 003E4000 003E5200 89673C83
S 1946E 5 19480 00000002 0000005E 00000003 00000006 0000000B 00000003 00000015 00000015 003E41DE 003E02D8 003E1CF6 003E4000 003E0864 003E4000 003E5200 35D1336C
S 19552 5 19562 00000000 4E7500A3 00000019 00000004 00000014 00000002 00000019 00000015 003E0F48 003E0864 003E1968 003E0F48 003E1BC6 003E02D8 003E5200 06E0DC4D
S 195B4 5 195C2 FFFFFFFF 00000032 0000000E 00000009 00000009 00000016 0000000C 00000003 003E1968 003E4000 003E4000 003E1968 003E02D8 003E0864 003E5200 9EC43290
S 1960A 5 1960C 00000003 00000020 00000012 00000012 0000000D 00000004 0000001F 00000002 003E02D6 003E1CF6 003E4000 003E0F48 003E0F48 003E0F48 003E5200 1D75BF3E
S 19614 5 19622 000000E2 00000008 00000015 00000018 0000000F 00000012 00000002 0000001E 003E43C6 003E42E4 003E02D8 003E1968 003E1CF6 003E1BC6 003E5200 46BCB687
S 196AC 5 13590 00000018 0000001F 0000001F 0000000A 00000008 00000012 00000010 00000012 003C0000 003C02D8 003E0F48 003E02D8 003E1CF6 003E1BC6 003E5200 E87C46C9
S 19786 5 197A6 00000009 00000017 0000000C 00000009 0000001A 00000008 00000010 0000001C 00000000 003E0864 003E1968 003E1CF6 003E1BC6 003E4000 003E5200 4B24ACA8
S 1978E 5 1979E 00000019 0000000F 00000008 00000019 00000005 00000015 0000001D 0000001C 00000019 003E02D8 003E1BC6 003E1968 003E1968 003E1BC6 003E5200 9015E434
S 197D8 5 197E2 00000000 00000001 0000001E 00000000 0000001A 0000000F 00000002 0000001B 003E1968 0000000F 003E4000 003E0864 003E0F48 003E1968 003E5200 F63A742A
S 198C0 5 18564 00000019 00000004 00000015 00000013 00000004 0000001B 0000000A 00000016 003E1BC6 5E558A40 00000075 003E4016 003E0F48 003E1CF6 003E5200 7D57A3F1
S 1997A 5 199D0 00000000 00000000 00000009 0000001E 00000019 00000001 00000012 00000017 003E4000 003E4000 003E1CF6 003E0F48 003E02D8 003E02D8 003E5200 6CA82ECF
S 19A24 5 19A32 00000000 00000005 00000008 00000014 00000006 00000003 0000000A 00000006 003E1CF6 003E1CF6 003E0864 003E1CF6 003E1CF6 003E0F48 003E5200 69EFC618
S 19BB8 5 19BCA 00000001 000000CF 00000008 00000014 0000000A 0000001F 0000000E 00000004 003E4051 00000001 003E4000 003E1CF6 003E0864 003E0F48 003E5200 78D1323D
S 19BD8 5 13590 00000013 00000018 00000018 00000012 00000010 00000007 00000012 0000000F 003C0000 003C1BC6 003E1CF6 003E4000 003E02D8 003E1968 003E5200 5FECD00A
S 19C00 5 19C12 00000084 003E41FE 0000001B 0000001E 00000000 00000011 0000000C 00000014 000000EC 000000EC 003E02D8 003E0864 003E4000 003E0F48 003E5200 711CFFEF
S 19C22 5 133B6 00002704 0000006C 00000011 0000001A 00000004 0000000C 0000000D 00000019 003E1BC6 003E4000 003E1BC6 003E02D8 003E4000 003E02D8 003E5200 15177EAF
X 19C2E 2
S 19C3C 5 19C74 000000FF 00000017 00000003 0000001A 0000001B 0000001E 00000012 00000007 006C0000 003E367C 003E4000 003E4000 003E1BC6 003E1968 003E5200 7288C55A
S 19C70 5 19C82 000000BE 00000001 00000010 00000007 00000017 00000004 00000005 00000003 003E4000 003E0864 003E02D8 003E1BC6 003E1968 003E0F48 003E5200 F714B11D
S 19CCC 5 19CDA 00000300 00190000 00000018 00000015 0000000F 00000011 00000016 00000014 00000087 003E1BC6 003E1CF6 003E0864 003E02D8 003E1CF6 003E5200 27564006
X 19CD0 5
S 19F3E 5 19F5C 0000001F 0000000F 0000000A 0000001B 00000000 00000001 00000014 00000006 003E4000 003E1CF6 003E370E 00019CE4 003E02D8 003E1968 003E5200 A6EBAB93
S 1A05A 5 18652 0000001C 00000005 00000011 00000000 0000000C 0000001A 00000019 0000001D 0000007F 003E0F48 003E4000 003E4000 003E02D8 003E1BC6 003E5200 03E1FB54
S 1A0CC 5 13590 0000001C 00000002 0000001A 00000016 0000001D 00000010 00000019 0000000E 003C0000 003C02D8 003E1BC6 003E0F48 003E02D8 003E02D8 003E5200 7366C989
S 1A100 5 1A10C 000000DC 00000037 0000006E 0000000C 00000002 00000000 0000000B 00000002 003E1BC6 003E02D8 003E4000 003E1CF6 003E0F48 003E1BC6 003E5200 62525A62
S 1A14E 5 1A164 00000011 003E3D4C 0000000C 0000000C 00000015 0000000A 0000000D 00000018 003E3D56 003E0864 003E4000 003E1BC6 003E02D8 003E1CF6 003E5200 BD361B9D
S 1A1CA 5 1A1E0 00000004 00000013 00000004 0000001C 00000017 00000008 00000015 00000007 003E1968 003E1CF6 003E370E 0001B674 003E0F48 003E1968 003E5200 63834C74
S 1A230 5 18652 0000001A 0000001E 003E6000 0000007E 00000009 0000F8FF 00000006 0000001A 003E4000 003E4000 003E435F 00000055 003E1968 003E0866 003E5200 44E9DE44
S 1A23C 5 185EE 0000000C 00000003 003E6000 000000DE 00000011 00000016 00000005 00000010 FFFFFFFC 003E0F48 003E41F0 00000057 003E0F48 003E1CF6 003E51FF FE99A111
S 1A248 5 1A3E4 00000097 00000009 003E6000 00000065 0000001B 00000000 0000001D 00000012 50C60000 003E1CF6 003E404E 000000D0 003E0864 003E0F48 003E5200 F79CC1D6
S 1A256 5 18658 00000001 00000007 00000010 0000001C 00000003 00000010 0000000B 0000001F 07070707 003E0864 003E4000 003E1968 003E1968 003E0F48 003E5200 3987A48E
S 1A260 5 13590 00000009 0000000E 00000010 00000018 0000000E 00000010 0000000D 0000000E 003C0000 003C02D8 003E02D8 003E0864 003E1BC6 003E4000 003E5200 D4EE33DE
S 1A284 5 1A290 00000046 0000000E 0000000E 0000000A 0000001E 0000000E 0000000F 00000016 003E0864 003E4000 003E1CF6 003E4000 003E02D8 003E4000 003E5200 95B4CF1C
S 1A2C6 5 1A2D8 00000000 00000012 00000000 00000000 00000005 0000001F 00000009 00000005 003E1CF6 003E1BC6 003E0864 003E0F48 003E4000 003E0F48 003E5200 E519A7BD
S 1A318 5 1A324 00000000 00000000 0000001A 0000001B 0000000E 00000014 00000014 00000013 003E1CF6 003E1968 003E0F48 003E02D8 003E0F48 003E1BC6 003E5200 1F00A4B8
S 1A3E6 5 1A3FE 00000010 0000000F 003E3D12 003E3D0E 0000001A 0000000A 00000002 00000005 003E1BC6 003E4000 0000009A 003E02D8 003E0864 003E0864 003E5200 B948344F
S 1A58A 5 1A59A 0000004A 0000004A 0000001A 0000000C 0000000B 00000011 00000016 00000009 003E40ED 003E1CF6 003E02D8 003E1968 003E1CF6 003E0F48 003E5200 5CC0CFD3
S 1A5F0 5 1A608 00000008 00000006 00000007 00000002 0000001D 003E36E2 0000001E 00000008 003E0F48 003E4000 003E1CF6 0000005E 003E36EC 003E1CF6 003E4FE8 C74DB9C4
S 1A8C0 5 1A8D0 00000015 00000000 00000000 00000007 00000007 00000004 00000002 0000001A 003E1BC6 003E1BC6 003E0F48 003E1CF6 003E1968 003E1BC6 003E5200 E9380B9D
S 1ACE0 5 13590 00000001 00000005 0000001F 0000001C 0000000B 0000000F 00000015 0000000A 003C0000 003C4000 003E1BC6 003E0F48 003E0864 003E1BC6 003E5200 4FEE1272
S 1ACEC 5 1A814 0000001D 00000015 00000001 0000000D 00000002 0000000C 00000011 00000003 00000000 003E02D8 003E02D8 003E1CF6 003E0864 003E1BC6 003E5200 B31CAFEA
S 1ACF6 5 1B04C 0000000B 00000000 00000000 0000001A 00000000 00000001 0000000C 00000004 003E1BC6 003E0F48 003E1CF6 003E0F48 003E4000 003E1968 003E5200 E7C80187
S 1AD04 5 1B048 00000009 00000005 0000001A 0000001B 0000001A 00000006 0000001C 00000009 003E4000 003E0F48 003E1BC6 003E4000 003E1968 003E1BC6 003E5200 9CA9A87A
S 1AD20 5 1B048 00000009 00000009 0000001B 00000016 00000009 0000000D 00000013 00000006 003E1BC6 003E0864 003E0864 003E1BC6 003E0864 003E02D8 003E5200 082EC4BB
S 1AD42 5 1B048 00000019 00000000 00000000 00000008 0000001A 00000006 00000018 00000006 003E4000 003E4000 003E1CF6 003E4000 003E4000 003E1968 003E5200 79CB6554
S 1AD54 5 1A810 0000001C 00000011 0000000A 00000018 00000000 0000001F 0000000B 0000001A 003E1BC6 003E0864 003E1968 003E1CF6 003E0864 003E4000 003E5200 CD5CA191
S 1AD60 5 1B04C 00000013 00000000 00000000 0000001B 00000004 00000014 00000000 00000006 003E02D8 003E02D8 003E1BC6 003E1CF6 003E02D8 003E02D8 003E5200 1606B906
S 1AD6E 5 13590 00000014 0000000D 00000002 00000010 00000007 00000011 0000000E 0000001C 003C0000 003C02D8 003E0864 003E02D8 003E1BC6 003E1968 003E5200 E72B0F8A
S 1AD82 5 1A58A 00000009 00000000 00000007 0000000E 00000000 00000000 0000000A 00000000 003E1968 003E1968 003E0864 003E1BC6 003E1BC6 003E1968 003E5200 73731C56
S 1AD9A 5 1B048 00000000 00000005 00000016 0000001E 00000000 00000011 0000000A 00000005 003E1CF6 003E0F48 003E1CF6 003E0F48 003E0864 003E02D8 003E5200 964D1C1A
S 1ADA2 5 1B04C 00000000 00000006 0000000C 00000012 0000000D 00000013 00000002 0000001F 003E1968 003E0F48 003E1968 003E1BC6 003E02D8 003E4000 003E5200 925A45B1
S 1ADB0 5 1A58A 0000001A 00000018 00000005 00000015 00000018 0000001D 0000001F 00000004 003E0864 003E0864 003E02D8 003E0864 003E0F48 003E1968 003E5200 DC823AAF
S 1ADCC 5 1A58A 0000000C 0000001F 0000001A 00000007 0000001F 00000011 0000000D 0000000A 003E1CF6 003E4000 003E02D8 003E02D8 003E0F48 003E02D8 003E5200 7D65BB6E
S 1ADE2 5 1A58A 0000000A 0000000A 0000000E 0000001F 0000000A 0000000F 0000000C 00000012 003E4000 003E1CF6 003E02D8 003E4000 003E0864 003E1BC6 003E5200 00D5A469
S 1ADF8 5 1A58A 00000010 00000011 0000000B 00000002 00000011 00000016 00000004 00000005 003E1CF6 003E1BC6 003E0864 003E02D8 003E0F48 003E1CF6 003E5200 F7A888B8
S 1AE0E 5 13590 0000000C 00000006 00000013 0000001D 00000010 00000007 00000013 0000000C 003C0000 003C1CF6 003E1CF6 003E02D8 003E02D8 003E4000 003E5200 89E9ACE9
S 1AE2A 5 1AE38 000000FC 00000018 00000004 00000012 00000004 00000016 00000009 00000002 003E0F48 003E0F48 003E1968 003E0864 003E0F48 003E4000 003E5200 F0B11AE8
S 1AE3C 5 1A814 0000000A 00000016 00000000 00000009 0000001A 00000006 00000002 0000001F 00000000 003E0864 003E1968 003E1968 003E0F48 003E0864 003E5200 FEFDBCDC
S 1B06E 5 1B080 00004310 00000006 00000019 00002056 00000006 00000015 00000011 0000000D 000000B8 003E1BC6 003E1968 003E4000 003E1968 003E1CF6 003E5200 E20D9123
S 1B11C 5 1B136 00000000 00000013 00000009 0000001D 00000011 0000000F 00000015 0000000B 001E00A7 003E3D8E 003E02D8 003E1BC6 003E0864 003E4000 003E5200 2B95BE18
X 1B166 5
S 1B1D2 5 1B1E0 0000013A 0000009D 0000013A 00000000 00000004 00000017 00000019 00000018 003E02D8 003E4000 003E4000 003E02D8 003E1CF6 003E1968 003E5200 A5B47231
S 1B2B2 5 1B2C4 00000000 00000041 00000003 00000000 00000003 0000000E 0000000C 0000001B 003E02D8 00460000 003E0F48 003E4000 003E1BC6 003E1CF6 003E5200 86D21DE8
S 1B306 5 13590 00000018 00000018 00000002 0000000C 0000000B 00000004 00000010 00000013 003C0000 003C02D8 003E1CF6 003E4000 003E0F48 003E1BC6 003E5200 F8150538
S 1B42E 5 1B43C 00000034 00000034 0000001A 00000010 00000001 00000012 00000010 00000008 003E4000 003E02D8 003E4000 003E0F48 003E1968 003E0F48 003E5200 824829EE
S 1B4BE 5 1B4D4 00000001 0000843E 00000001 00000010 00000004 00000002 00000002 0000000F 003E3D8E 00640000 003E4000 003E02D8 003E1BC6 003E0F48 003E5200 12313F41
S 1B538 5 1B550 00000001 00000012 0000405A 0000003B 0000000C 0000001A 0000000C 00000004 003E0864 003E02D8 003E3706 003E0864 003E36EC 003E0F48 003E5200 E6104535
S 1B612 5 1B620 00000338 0000019C 00000019 0000000C 00000005 0000000C 00000011 00000000 003E0F48 003E4000 003E4000 003E02D8 003E4000 003E1CF6 003E5200 8AA94CF4
S 1E6B2 5 1E6C2 00930000 000000D7 00000008 00000009 00000019 00000019 0000000D 00000010 003E1BC6 003E1CF6 003E1968 003E0F48 003E02D8 003E4000 003E5200 8B004853
S 1E6DC 5 1E6F2 00000184 00000002 0000000B 00000017 00000013 0000000B 00000015 00000005 0002161A 003E1BC6 003E02D8 003E1BC6 003E1BC6 003E0864 003E5200 9F044376
S 1E720 5 1E7E8 00000000 00000000 00000000 0000001D 00000002 00000005 0000000E 00000005 003E1BC7 003E02D8 003E4000 003E0864 003E02D8 003E4000 003E5200 0467A1EB
S 1E7B8 5 13590 0000001E 00000003 00000017 00000013 00000008 00000000 00000000 00000007 003C0000 003C1BC6 003E02D8 003E02D8 003E02D8 003E0F48 003E5200 7B12D80B
S 1E7E4 5 1E7F0 00000012 00000001 00000004 00000004 00000012 0000000C 00000005 00000017 003E0F48 003E0865 003E1BC6 003E02D8 003E1CF6 003E0F48 003E5200 66CAE80A
X 1E8D2 0
done 753
S 00118 60 18AB0 00000430 00000430 0000419E 0000000E 00000010 00000007 00000015 00000013 00018603 00000040 000000E8 003E02D8 003E1CF6 003E4000 003E5200 CD028F38
X 0011E 58
S 00124 60 1960E FFFF0043 00000020 00000000 00000004 0000000F 00000007 00000002 0000000D 003E42F3 00000030 003E1968 003E1968 003E1BC6 003E1CF6 003E5200 EC4F0240
S 0012A 60 195FC 0000FFFD 2000000D 40000031 00000001 00000001 00000027 00000010 00000017 003E41EE 00000030 003E1BC6 003E0F48 003E0864 003E02D8 003E5200 1DACBA7F
X 00130 23
X 00136 32
X 0013C 52
S 00142 60 1359E 0000B9CE 0000000B 00000010 0000000F 00000013 00000019 00000014 00000001 003C001C 003C07FC 003E0F48 003E0864 003E1CF6 003E0F48 003E5200 842722F5
X 00148 28
X 0014E 60
S 00154 60 18C16 0000004E 00000013 0000409E 00000090 00000000 00000012 00000004 00000002 00018601 00200434 000000F8 003E1968 003E1968 003E1968 003E5200 8ACD8D4B
X 0015A 20
S 00160 60 19390 00000000 00000029 0000000C 0000001D 00000006 00000017 00000005 0000000F 0020003C 00000004 003E1968 003E4000 003E1968 003E0F48 003E5200 D91555B3
X 00166 21
S 0016C 60 193E8 000000DA 00000000 00000008 00000004 0000001B 00000007 0000001D 00000008 003E3404 003E1BC6 003E4000 003E1968 003E1968 003E02D8 003E5200 25582140
S 00172 60 1359E 0000B9CE 00000015 00000001 00000000 00000011 0000000F 0000000C 0000000E 003C001C 003C07FC 003E1968 003E0F48 003E4000 003E0864 003E5200 047ABC85
X 00178 23
S 0017E 60 14514 00000000 00000007 003E34CC 00000000 003E34CC 00000016 0000000D 00000002 003E4FBF 003E02D8 003E3536 000143B0 003E34F4 003E0F48 003E4FC0 D979ECD3
X 00184 10
X 0018A 15
X 00190 32
X 00196 33
X 0019C 31
X 001A2 25
S 001A8 60 15666 00000872 00000000 000000A8 00000004 00000756 00000013 00000006 00000003 003E3622 003E365C 003E365A 003E3642 003E1BC6 003E4000 003E5200 77CCBDFE
S 001AE 60 1359E 0000B9CE 0000001F 00000002 00000006 0000000A 00000015 00000008 00000000 003C001C 003C07FC 003E0864 003E0864 003E1BC6 003E1CF6 003E5200 DDE1F2F2
S 001B4 60 155FE 00000756 00000000 00000009 00000004 00000756 0000001E 00000012 00000018 003E3622 003E365C 003E365A 003E3642 003E4000 003E4000 003E5200 8673C95A
S 001BA 60 155E2 00000756 00000001 00000009 00000002 00000756 0000000F 00000019 0000000F 003E1CF6 003E365C 003E365A 003E363E 003E0864 003E0864 003E5200 4D0E1E0B
S 001C0 60 1938E 00000001 00000029 00000073 00000007 00000015 0000001B 00000014 00000019 00200038 00000004 003E4000 003E02D8 003E02D8 003E4000 003E5200 2241AD38
X 001CA 22
S 001D0 60 19172 00000000 00000004 0000FFFF 00000001 00000013 0000001B 00000017 00000009 FFFE0080 00204552 000000CC 00018603 000192E6 003E1BC6 003E5200 3766F542
S 001D6 60 1E792 000000BE 0000001F FFFF00C0 00000000 00000007 00000006 0000001F 0000000D 000D260C 00000088 000196C2 003E0F48 003E02D8 003E1968 003E5200 81F9687B
S 001DC 60 1E730 00000010 00000008 FFFF00F0 00000000 00000007 0000001A 0000000D 0000000D 000D5796 00000073 00019206 003E1CF6 003E0864 003E1BC6 003E5200 071F7242
S 001E2 60 1359E 0000B9CE 0000001E 00000017 00000008 0000000A 00000011 00000018 00000018 003C001C 003C07FC 003E0F48 003E0864 003E0864 003E02D8 003E5200 38E89DEC
X 001E8 6
X 001EE 12
S 001F4 60 1359A 0000A94A 00000000 00000017 0000000E 0000000E 0000001C 00000019 00000015 003C0014 003C07FC 003E1CF6 003E1968 003E02D8 003E1968 003E5200 B79FF49A
S 001FA 60 14828 0000001B 00000000 0000001B 00000001 00000000 000036A0 0000001A 00000011 0001D616 003E34CC 003E1BC6 003E1968 003E4000 003E1CF6 003E5200 662E258A
X 00200 8
X 00206 16
X 0020C 34
S 00212 60 140D6 00070000 00000001 00000001 00000001 00000007 00000012 0000000C 00000012 003E0F48 003E1CF6 003E3448 003E3446 003E02D8 003E4000 003E5200 37F4719E
S 00218 60 1408E 00070000 00000000 00000001 00000001 0000000C 00000006 00000011 0000001D 003E02D8 003E0F48 003E3448 003E3446 003E0864 003E1BC6 003E5200 523660B5
X 0021E 35
S 00224 60 1359E 0000B9CE 00000017 00000002 00000009 0000000B 0000000D 0000000F 00000005 003C001C 003C07FC 003E1BC6 003E02D8 003E4000 003E1BC6 003E5200 E20E4DEF
S 0022A 60 14826 00000002 00000000 00000002 00000002 00000000 00005083 0000001E 00000009 0001D616 003E34CC 003E1968 003E1968 003E1BC6 003E1CF6 003E5200 1CA59869
S 00230 60 147BA 00000005 0000007F 00000004 00000005 00000001 00005083 0000000B 00000012 0001D616 003E34CC 003E02D8 003E02D8 003E1968 003E1CF6 003E5200 580032B1
X 00236 14
S 0023C 60 19F9C 00000120 000000C0 00000002 0000000F 00000002 0000000E 00000019 00000009 003E1968 003E370E 003E370E 00019CE4 003E1BC6 003E0F48 003E5200 3E84C9EF
S 00242 60 1938E 00000001 00000029 0000001D 0000001E 00000001 00000007 00000004 00000019 00200038 00000004 003E1BC6 003E1CF6 003E1968 003E0F48 003E5200 198D066B
X 00248 36
S 0024E 60 19666 00000000 00000030 80000000 00000013 00000007 0000000F 0000000D 0000000D 003E9207 003E4FD8 003E1CF6 003E4000 003E0864 003E4000 003E4FE8 7CF19CCC
S 00254 60 1359E 0000B9CE 0000000E 0000001D 0000000B 00000015 0000000C 0000000A 0000001B 003C001C 003C07FC 003E0F48 003E1968 003E1968 003E02D8 003E5200 8E5220BE
S 0025A 60 1E6EC 000002C4 00040050 FFFFFFAB 00000000 00000001 0000001A 0000000D 00000003 0002161A 002471F4 00019182 000000B6 000192E6 003E02D8 003E5200 6938BF3B
S 00260 60 19666 00000000 00000030 80000000 00000018 0000000E 0000000B 00000006 0000000F 003E91D5 003E4FD8 003E1968 003E1968 003E1968 003E1CF6 003E4FE8 3456CCFE
S 00266 60 19600 0000407E 00080000 00800030 00000004 0000000F 00000007 0000001B 0000001C 003E9056 00000030 003E1CF6 003E0864 003E0F48 003E1CF6 003E4FE8 C18AEBCC
X 0026C 9
S 00272 60 14F1A 00000005 00000005 00000001 00000013 00000001 00000001 00000004 0000001B 003E34B8 003E1968 003E02D8 003E0864 003E0864 003E02D8 003E5200 AC12BA44
S 00278 60 14818 00000000 0000000F 00000013 00000002 00000000 0000648E 00000013 00000001 0001D616 003E34CC 003E34ED 003E0F48 003E1BC6 003E1CF6 003E5200 70D3719C
X 0027E 3
S 00286 60 1359E 0000B9CE 00000007 00000003 0000000A 0000000D 00000016 0000000D 0000000C 003C001C 003C07FC 003E1CF6 003E1968 003E1BC6 003E1CF6 003E5200 8BB2F793
S 0028C 60 1965A 00000003 0000000E 00000000 00000001 0000001D 0000001E 00000011 0000001E 003EA654 003E646F 003E4000 003E0F48 003E02D8 003E1968 003E4FE8 CC0CBE57
X 00292 17
S 00300 60 05D1E 00000000 00000003 00000056 00000003 00000015 00000000 00000019 00000005 003E0018 003E1968 003E1968 003E1968 003E1CF6 003E4000 003E5200 32A7E146
S 00306 60 0F17E 00000048 0000000A 0000000F 00000000 00008000 00000002 00000048 00000007 003E3FB0 003E20A0 003E0000 003E0864 003E02D8 003E0000 003E5200 483BCB50
S 003EA 60 05D20 00000000 00000004 00000056 00000003 0000000B 00000016 0000000D 00000015 003E0018 003E0F48 003E0F48 003E1BC6 003E02D8 003E1968 003E5200 F812DF98
S 00402 60 05D16 00000000 00000004 00000056 00000003 00000007 00000007 00000017 00000000 003E0018 003E1CF6 003E0F48 003E0F48 003E02D8 003E02D8 003E5200 747DD79D
X 00404 5
S 0042A 60 05D24 00000000 00000005 00000056 00000004 0000000B 0000001A 00000005 0000001A 003E0020 003E0F48 003E4000 003E0F48 003E1CF6 003E0864 003E5200 D11D0969
S 00430 60 0044A 00000000 55555555 AAAAAAAA FFFFFFFF 00000010 0000000A 00000015 00000018 003E02D8 003E4000 003E0864 003E1BC6 003E0F48 003E1CF6 003E5200 D6CA25DD
S 00438 60 0044E 00000000 00000001 AAAAAAAA FFFFFFFF 00000010 0000001B 0000001B 00000006 003E02D8 003E1CF6 003E02D8 003E0864 003E1968 003E0864 003E5200 8AF097F5
S 00512 60 00520 0000000D 0000001A 00000006 00000002 00000004 00000000 00000008 00000007 003E0F48 003E1BC6 003E0864 003E4000 003E4000 003E1968 003E5200 EDEEA715
X 0052A 1
X 00534 13
S 00580 60 0F180 00000240 0000000A 0000000F 00000000 00008000 00000015 00000048 00000007 003E3FB0 003E20A0 003E0240 003E0F48 003E02D8 003E0000 003E5200 68AB5AB5
X 005B4 30
X 00618 1
S 00620 60 19736 00000000 FFFFFFFF 00000002 00000013 00000010 0000001B 0000000F 0000001C 003E367A 003E1CF6 003E4000 003E02D8 003E1BC6 003E1968 003E5200 1CF61FEC
X 00626 8
X 0062E 0
X 00642 0
X 0064A 2
S 00656 60 19736 00000000 FFFFFFFF 00000002 0000000C 00000015 00000008 00000015 00000011 003E367A 003E0864 003E0864 003E4000 003E4000 003E1CF6 003E5200 84F39AB0
S 00660 60 00670 003E0DC3 00000017 0000000D 00000014 00000018 00000001 00000016 00000000 003E0857 003E0F48 003E0F48 003E4000 003E1968 003E1968 003E5200 AC74EA15
S 00686 60 0094C 0000008E 00000007 00000000 0000FCDA 0000FCE2 00000007 003E0864 0000001D 003E0864 003E1BC6 003E4FD6 003E3301 0000FCCA 003E4000 003E4FCE 94848406
X 00778 57
X 008B4 43
S 00A20 60 00AA2 FFFFFFE0 00000003 00000001 003E41F7 00000002 00000002 0000008F 0000000E FFFFF348 003E1968 003E41F8 0000FCCE 0000FCEE 003E1BC6 003E4FE8 5D5D1BF1
S 00BC2 60 00C96 00000001 00000003 FFFFFFFC 000000F5 0000008F 0000008F 00000001 0000000C 000000ED 0000FCCA 0000FCEA FFFFFFF8 000000F5 003E0864 003E4FE8 2B35FBB0
S 00CAC 60 00CFA 003E0864 00000001 00000001 0000000B 0000008F 00000003 0000008E 00000014 003E0844 003E02D8 0000FCD0 0000FCF0 003E1CF6 003E0864 003E4FE8 52A091E6
S 00D9A 60 1359E 0000B9CE 0000001C 00000014 00000011 00000012 0000001A 00000007 0000000D 003C001C 003C07FC 003E4000 003E02D8 003E1968 003E1BC6 003E5200 082692A2
S 00DDA 60 00EB6 00000730 00000730 00000001 00000005 00000000 00000017 00000029 00000007 003E0864 003E0F48 003E0DC4 003E0864 003E4000 003E1968 003E4FC8 5437A7E1
S 00E4E 60 00EDA 003E1511 00000020 00000001 0000001E 00000062 00000014 000000DC 00000019 00010040 003E1BC6 003E4000 003E1BC6 003E02D8 003E1BC6 003E4FE8 48CE4403
X 00FB4 22
S 0122C 60 0124C 00000007 00000001 00000019 00000007 00000019 0000001F 00000008 0000000E 003E1BC6 003E1968 0000FCCA 003E0868 003E1BC6 003E4000 003E4FE8 6C86C796
S 012CA 60 01334 00000020 00000006 00000001 00000029 00000001 00000029 00000001 00000003 003E0DC4 003E1BC6 003E4FE6 003E1964 003E089C 003E4000 003E4FE8 647E8C3B
S 013B2 60 01402 FFFFFFFF 00000007 00000003 0000003E 00000000 00000003 00000000 00000019 00000001 0000FCCC 003E0864 00200004 003E1CF6 003E1BC6 003E4FE8 7DF5DD63
X 0149A 26
S 014DC 60 1359E 0000B9CE 00000011 00000009 00000001 00000015 0000000E 0000000A 00000001 003C001C 003C07FC 003E1CF6 003E1CF6 003E1CF6 003E0F48 003E5200 7F329960
S 01512 60 0F17C 0000004B 00000000 0000000F 00000000 00008000 00000016 0000004B 00000007 003E3FB0 003E0864 003E0000 003E0F48 003E02D8 003E0000 003E5200 D5B3A069
X 0156C 2
X 01578 2
X 01584 3
X 01592 3
X 015A0 12
X 015B4 1
S 015BE 60 1359E 0000B9CE 00000006 0000001D 00000009 0000001F 0000001C 00000012 0000001C 003C001C 003C07FC 003E0F48 003E1968 003E1BC6 003E1BC6 003E5200 3BA343F4
X 015D6 27
S 015FE 60 01718 00000000 00000003 00000003 00000008 00000003 003E0DD2 00000003 00000005 00010040 003E0DD2 003E0DCF 003E1AE2 003E1952 003E1BC6 003E4FE8 E6F4563B
S 01836 60 0EF78 00000003 000058E6 FFFFFFFF 0000001C 0000001D 00000010 00000004 0000000C 003E1D0E 00011AD0 0000EF58 003E0864 003E02D8 003E0864 003E5200 4B901395
X 018A6 39
S 018FA 60 014A6 00000000 00000000 00000000 00000009 00000005 00000016 00000011 0000001F 003E1968 003E4FE8 003E4FE6 003E1968 00011070 003E0864 003E4FE8 C39950B9
S 01980 60 019C4 00000000 0000000C 00000001 00000003 00000002 00000016 00000018 0000001D 003E0834 003E1CF6 003E1AE2 003E0F48 003E1CF6 003E0864 003E5200 170C5F68
X 019D8 9
S 019EE 60 1359E 0000B9CE 00000009 00000014 0000000E 00000000 0000000C 00000001 00000000 003C001C 003C07FC 003E1BC6 003E4000 003E02D8 003E0F48 003E5200 064746D5
X 01A70 52
S 01AEA 60 01B30 00000001 0000000D 00000008 0000030C 00011AEE 003E0F48 00000000 0000001A 003E1D3E 003E0864 003E1968 003E02D8 003E02D8 003E1BC6 003E5200 787D6697
S 01B46 60 0EF76 00000002 000058E6 00000000 00000005 00000011 00000001 00000008 00000012 003E1D1A 00011AD0 0000EF58 003E0F48 003E4000 003E02D8 003E5200 C9EAC395
S 01B96 60 0EEF4 00000000 0000001D 0000FF90 00000001 00000000 00000004 00000007 00000004 003E1E77 0001170E 003E1968 003E1F0A 003E195C 0000FF90 003E5200 BC565DC1
S 01C34 60 0EF0C 00000004 00005948 003E1968 00000001 00000000 00000014 00000002 00000012 003E1D02 00011AC4 003E1968 003E1F0A 003E195C 0000FF90 003E5200 6825BCDE
S 01C66 60 01CF8 00000003 00000003 00000001 00000000 00000000 00000001 00000000 0000000D 003E1968 003E0864 003E1968 003E1954 003E4000 003E02D8 003E4FE8 44E01C83
X 01E74 45
S 01F3A 60 1359E 0000B9CE 00000006 0000000E 00000007 00000018 0000000C 0000000E 0000000D 003C001C 003C07FC 003E4000 003E1BC6 003E02D8 003E02D8 003E5200 5BE2B021
X 01F60 4
X 01F70 3
S 01F82 60 00E7C 0000000F 00000021 00000000 00000012 00000014 00000006 00000021 00000016 003E4FD8 0001004E 000000E9 003E0864 003E02D8 003E4000 003E4FB4 10E36E29
S 01FD6 60 02094 00000003 00000001 00000003 00000002 00000000 00000000 00000000 00000000 003E0864 003E1BC6 003E0F48 003E02D8 003E1AE2 003E1BC6 003E4FD0 63BF6EE1
S 0200A 60 020B6 00000003 00000000 00000000 00000000 00000000 0000000F 00000000 00000007 003E1968 003E02D8 003E0F48 003E1BC6 003E1968 003E4000 003E4FE8 90928264
S 0219A 60 14822 0000001D 00000000 0000001D 00000003 00000400 00003720 0000000F 0000000B 0001D616 003E34CC 003E0DE0 003E0F48 003E1968 003E1968 003E5200 F6D070C7
S 0220C 60 05BC4 0001FAE6 0000422C 0000422C 00000000 0000000A 00000000 00000009 00000013 0000FD5E 003E02D8 0101FF00 003E0378 003E0050 0001FAE6 003E5200 875BAAAB
S 02248 60 1359E 0000B9CE 00000007 00000018 00000002 0000001B 00000007 00000011 00000008 003C001C 003C07FC 003E4000 003E1BC6 003E1968 003E0864 003E5200 0CB7A370
S 022BA 60 05BAC 00000000 00000000 00000000 00000000 0000000A 00000015 00000018 00000006 0000FD5E 003E1CF6 0000FD16 003E0378 003E0050 003E1BC6 003E5200 4C9DA4CC
S 02300 60 02324 0021E004 00200044 00000019 0000001D 00000016 00000000 00000007 00000006 0020004A 003E02D8 003E0864 003E1CF6 003E02D8 003E02D8 003E5200 E37A8BF7
S 02338 60 02582 00000001 00000001 0023E000 00000001 00000041 00000001 000000B0 00000015 00000021 00000041 000025C2 003E1CF6 000024C8 003E0F48 003E4FE8 B18F5EE6
X 0255C 37
S 025F4 60 11FE2 000000E4 00000001 002300E0 00000000 00000007 00000008 00000001 00000004 000D74C2 0023E005 00018602 00011EFE 003E02D8 003E02D8 003E5200 B90AD11F
S 02698 60 02FD0 000000B0 000347D2 000000B0 0000003E 00000000 000000B0 0000001F 00000011 00020682 003E0864 000347D2 00011EF2 0000272E 003E02D8 003E5200 C94C1D31
X 0272E 54
S 027C2 60 1359E 0000B9CE 00000004 00000014 0000000F 00000013 00000018 00000012 00000017 003C001C 003C07FC 003E4000 003E1BC6 003E1968 003E1BC6 003E5200 A67CD838
X 02988 29
S 02A5C 60 02626 00000000 00000000 00200004 00000000 00000008 00000015 00000010 00000012 003E0864 003E1CF6 0002065A 00011EFE 003E0864 003E4000 003E5200 D84AD5FA
S 02AAE 60 02B60 000000E0 0000FFFF 00000007 0000FFFF 00000007 000000E0 00000007 00000014 003E186C 000207BA 003E0864 003E0885 003E1CF6 003E1BC6 003E5200 D1444191
S 02B74 60 11F32 000000CC 0000001F 002000E0 00000000 00000007 00000008 00000008 00000013 000D6BDE 00200004 00021C40 00011EFE 003E1968 003E1BC6 003E5200 663B3FD4
S 02B88 60 11F2E 0000006F 0000001A 002000E0 00000000 00000007 0000001E 0000000C 00000007 000D6C6E 00200004 00011EFE 00021C48 003E4000 003E0F48 003E5200 91A209AA
S 02C5C 60 03014 00000000 00000000 00000080 002FF004 00000012 00000004 00000013 00000013 003E0963 003E1968 000345EC 00011EF2 0000272E 003E02D8 003E5200 43098911
S 02C86 60 11F2C 00000000 FFFFFFD4 0020001E 00000000 00000007 00000014 00000012 00000013 000D73E2 00200004 00011EFE 000345D6 003E0F48 003E4000 003E5200 5130CC83
S 02D78 60 1359E 0000B9CE 0000001B 00000003 0000001D 00000007 0000001A 0000001A 0000000F 003C001C 003C07FC 003E0864 003E0864 003E1968 003E1CF6 003E5200 FC430994
S 02E28 60 11F2C 00000000 00000000 002000B0 00000000 00000007 00000001 0000000E 0000001D 000D2611 00200004 00021DE6 003E0864 003E1968 003E0F48 003E5200 B63FD619
S 02EB8 60 11F3C 0000007C 0000001F 00000070 00000000 00000007 00000015 0000000A 00000004 000DADDD 00200004 75752536 003E1BC6 003E0864 003E1BC6 003E5200 96217DA8
S 02F18 60 11F40 00000050 0000000F 00000000 00000000 00000002 0000000A 00000004 0000000B 000DADDE 0023D00A 00000016 00011EF2 003E02D8 003E0864 003E5200 2B1A3180
S 02FB6 60 02FF2 000000C0 000000C0 00000000 0023D004 0000001F 00000004 00000003 00000018 003E08A1 003E1CF6 00000044 00011EF2 0000272E 003E1968 003E5200 DF1589A8
S 03194 60 11F96 0000001C 00000001 00000010 00000000 0000FFFF 00000008 00000003 00000015 000D67F7 0020000C 003E0864 003E0864 003E1968 003E1BC6 003E5200 B80EED24
S 031BA 60 02F44 00000000 000000B0 000300B0 002FF004 00000005 0000001A 00000003 00000013 0000FE02 003E0864 00034040 00011EF2 003E1CF6 003E1CF6 003E5200 3111AF0F
S 03242 60 033D0 0000001C 0000001C 00000000 00000001 0000001E 00000015 0000001F 0000000D 00046E2D 003E1968 003E0F48 003E0864 003E0864 003E1CF6 003E5200 2B6798F2
S 03354 60 1359E 0000B9CE 0000000F 00000005 00000006 0000001B 00000006 00000019 0000000C 003C001C 003C07FC 003E02D8 003E0864 003E0F48 003E1BC6 003E5200 43C2986A
S 033F4 60 11F10 00000008 00000000 00000002 00200004 000000B0 0000001A 00000008 0000000E 000D2610 003E0864 003E0864 003E1968 003E4000 003E1CF6 003E5200 2740A858
S 034B2 60 11F36 0000009F 0000001F 00000080 00000000 00000007 0000001F 00000010 00000006 000DFEA1 002FF004 0003460C 003E1BC6 003E1CF6 003E02D8 003E5200 F9CFA5BC
X 0357A 20
S 035EE 60 11F2C 00000000 003E4223 00000000 00000000 00000007 00004140 000000A7 00000016 000E5932 003E4223 00000032 00011EDA 003E1CF6 003E0F48 003E4FC4 377D2A94
S 0362A 60 11F2E 00000025 003E402B 00000000 00000000 00000007 000041BF 0000009C 0000000B 000DAC09 003E402B 0000005C 00011EFE 003E0864 003E1CF6 003E4FC4 168127D3
S 03666 60 11F2C 00000000 003E41B5 00000000 00000000 00000007 00004188 000000C1 00000004 000FA313 003E41B5 00000018 00011EE6 003E1CF6 003E1BC6 003E4FC4 E7B6446F
X 036A2 29
S 03726 60 1359E 0000B9CE 00000000 00000005 0000000B 0000000E 00000003 00000006 00000000 003C001C 003C07FC 003E0F48 003E0F48 003E1968 003E1CF6 003E5200 12758476
S 03728 60 0C804 00000000 00000000 0001F400 00000000 0001F420 00000009 0000000A 00000008 003C0000 003E20B0 0000450C 003E1968 003E02D8 003E0864 003E5200 39DD7257
S 037D2 60 12126 00000000 00000015 00000000 00000000 00000144 000000B0 00000007 00000015 000BB38E 0020000F 003E1BC6 003E1CF6 003E1968 003E02D8 003E5200 2932DF67
S 037E8 60 00EC4 FFFFFFB0 FFFFFFFE 00000000 00000016 00000000 00000004 00000029 0000000E 003E1BC6 003E0F48 003E1BC6 003E1968 003E1BC6 003E4000 003E4FD0 348A33DE
S 03802 60 053D2 0001FB22 00000000 00000006 FFFFFFF0 0001FB24 00000040 00000001 0000000B 0000FE3E 003E0EC2 003E0338 003E0ECA 003E1CF6 003E1CF6 003E5200 8B0D0A04
X 038B0 8
S 03A08 60 039F2 00000054 0000003E 00000001 00000019 0000002B 00000000 00000000 0000000E 003E0F48 00000001 003E02D8 003E4000 003E08A4 003E1CF6 003E5200 336E7B12
S 03A4A 60 03A4A 00000054 00000056 0000000B 00000012 00000010 00000000 00000000 00000002 003E02D8 0000000B 003E0F48 003E02D8 003E19A8 003E02D8 003E5200 3F06446D
S 03BA4 60 1359E 0000B9CE 00000019 00000018 00000004 00000015 00000001 0000000B 0000000D 003C001C 003C07FC 003E4000 003E1BC6 003E1968 003E1CF6 003E5200 6BA9B424
S 03C00 60 03CD2 00000280 00000000 00000012 00000003 00000011 000000A0 00000010 00000018 0000FD9C 003E1BC5 003E0F48 003E1BC6 003E02D8 003E1CF6 003E5200 06DA340D
S 03CEE 60 1202E 0020008F 00000000 00000007 00000000 0000000D 00000002 00000010 0000001C 0000FDBC 003E0864 003E0844 003E4000 003E1BC6 003E1968 003E5200 8ADB67DD
X 03DA0 13
X 03DE8 21
X 03E26 51
S 03E3E 60 11FE4 00000004 00000001 00230000 00000000 00000007 00000005 00000014 00000007 000D74C2 0023E005 003E0DF6 00011EFE 00018558 003E02D8 003E5200 7FAB6B02
X 03E84 29
S 03F10 60 1359E 0000B9CE 00000012 00000019 00000009 00000010 0000001F 00000018 00000011 003C001C 003C07FC 003E1BC6 003E02D8 003E1BC6 003E0F48 003E5200 84648FBA
X 03F1A 1
S 03F22 60 0EEB2 00000000 00003F94 003E0DF6 00000000 00000011 0000000B 00000003 00000004 003E1D32 00011B42 003E0DF6 003E0864 003E1BC6 003E4000 003E5200 D8DAD7C1
X 03F94 12
S 0404A 60 11F40 00000028 00000004 00000080 00000000 00000001 00000003 00000019 00000005 000DFE8E 00A448DF 003E1968 003E1CF6 003E4000 003E02D8 003E5200 4AB955A7
S 0408E 60 11F9E 000000B2 0000001C 000000B0 00000000 00000003 00000015 00000018 0000001D 000D2612 00200008 003E1BC6 003E1968 003E0F48 003E1CF6 003E5200 B2CAF2AF
X 040D2 44
S 041BE 60 0367C 00000004 0000007F 002100AC 00000074 00000074 00000008 00000012 00000013 0000FE02 0001004E 005DC0C8 003E1968 003E0F48 003E0864 003E4FE8 6C4D7450
S 0427E 60 1359E 0000B9CE 00000015 0000001F 00000000 00000007 00000010 00000007 0000000B 003C001C 003C07FC 003E0F48 003E1BC6 003E1968 003E0864 003E5200 6BEE9C21
S 04332 60 11F2A 00000000 0000FFFF 000000C0 00000000 00000003 0000000F 0000001C 0000000E 000E4D13 00200008 003E1968 003E1968 003E02D8 003E1968 003E5200 EDA4EB8D
X 0435A 11
X 043C2 16
S 0441C 60 035A0 00000002 00258434 0000003E 00F8010F 00000017 00000001 00000001 00000005 000215F2 0000FE02 00F8010F 003E0864 003E02D8 003E0864 003E4F9C E27546CF
S 044A2 60 0EF10 00000003 000044A2 00000082 00000018 00000013 0000000F 0000000C 00000007 003E1D0E 00011BD2 003E0864 003E1968 003E02D8 003E4000 003E4FE8 8946FCB7
S 0450C 60 0C4B8 00001B40 00000000 00000000 0000006D 00000009 0000000E 00000018 0000001F 003E20B0 003E20A0 003E20A0 003E02D8 003E4000 003E1BC6 003E5200 6FDA8D6E
S 0452E 60 0C4B4 00001DC0 003E0200 00000001 00000067 000000B4 0000001A 0000001E 00000019 003C1DC0 003E20A0 003E4000 003E1CF6 003E02D8 003E4000 003E5200 98D80DFF
S 04552 60 1359E 0000B9CE 0000000B 00000019 0000000F 0000000A 00000005 00000012 00000002 003C001C 003C07FC 003E0F48 003E02D8 003E4000 003E1CF6 003E5200 E0F33B28
S 045CA 60 0C820 00000440 003E0200 00000001 00000001 0001ECA0 00000004 00000011 00000006 003C0440 003E20B0 003E0864 003E0F48 003E0864 003E1968 003E5200 BBE53DF6
S 045FA 60 0C81A 00000080 00000000 00000000 00000002 0001EE20 0000000E 00000013 0000001D 003C0080 003E20B0 0000450C 003E0864 003E0F48 003E0864 003E5200 C4C0C80B
S 0463C 60 0C81A 00000240 00000000 00000000 00000009 0001ED20 00000010 0000000D 00000006 003C0240 003E20B0 0000450C 003E4000 003E0F48 003E1BC6 003E5200 39E7A057
S 0469E 60 0C4AE 00000200 00000000 00000000 00000008 0001F140 00000019 0000000C 0000000E 003C0200 003E20B0 003E1968 003E02D8 003E0864 003E0F48 003E5200 AFABF873
S 046B0 60 0C4AE 00000040 00000000 00000000 00000001 0001EE80 0000001F 00000019 0000000B 003C0040 003E20B0 003E4000 003E4000 003E1CF6 003E02D8 003E5200 88846D40
S 046C2 60 0C8C2 00000070 003E20A8 0000000C 00000000 00000001 00000003 0000000F 0000001A 003C0070 003E20A8 003E20B0 003E4000 003E1968 003E1CF6 003E5200 0E7C9975
S 046E0 60 0C81A 00000200 00000000 00000000 00000008 0001F040 00000018 00000002 0000001F 003C0200 003E20B0 0000450C 003E1968 003E1968 003E1CF6 003E5200 0CB67842
S 0472A 60 1359E 0000B9CE 0000000C 00000000 0000001B 00000004 0000000A 0000001E 00000007 003C001C 003C07FC 003E0F48 003E4000 003E0F48 003E0F48 003E5200 D5726CF6
S 04760 60 0CA24 00000101 00000000 00000000 0000000A 00000004 0000000D 0000000E 00000018 003C0100 003E20B0 003E0F48 003E1BC6 003E0F48 003E1BC6 003E5200 02994D68
S 047C6 60 0C80A 00000000 00000000 00000000 0000FD00 0000FDC2 00000000 0000001C 00000011 003C0000 003E20B0 003E1CF6 003E1BC6 003E1BC6 003E02D8 003E5200 A859A647
S 0482E 60 048EC 00000003 00000003 00000000 0001F240 00000015 0000001E 00000009 0000001F 003E1968 0000FE0A 0000450C 0000452E 003E1AE2 003E1BC6 003E5200 10062455
S 04880 60 0C502 00000000 003E20A8 00000000 003E20B0 0001F2A0 00000002 00000014 00000012 003E20B0 003E20A8 003E2498 0000452E 003E02D8 003E0864 003E5200 D1560C06
S 048AE 60 0C536 003E20B0 003E20A8 00000000 0001F203 0001F2A0 00000012 00000003 00000007 003E20B0 003E20A8 0000450C 0000452E 003E02D8 003E0F48 003E5200 80C4B87D
S 04A6A 60 0C6C0 00000005 0000000D 00000000 00000005 0000FE18 0000FE18 00000005 00000000 003E20B0 003E20A8 003E20B0 003E02D8 003E1BC6 003E1CF6 003E5200 49900622
S 04AB8 60 0C4AE 00000340 00000000 00000000 0000000D 0001EDA0 00000014 00000007 00000013 003C0340 003E20B0 003E1BC6 003E02D8 003E0864 003E1BC6 003E5200 26C062EF
S 04B0A 60 1359E 0000B9CE 0000000F 0000000A 00000004 00000004 00000001 0000001F 0000000E 003C001C 003C07FC 003E0F48 003E1CF6 003E1968 003E02D8 003E5200 0F7AC98A
S 04BFA 60 0C77A 0000028C 000000A0 00000000 0000000A 0001F7E8 00000019 00000012 00000005 003C028C 003E20A8 003E20B0 003E1BC6 003E0F48 003E02D8 003E5200 2C460888
S 04C80 60 0C89A 000000C4 003E20A8 00000001 00000000 00000003 0000000C 00000002 0000001D 003C00C4 003E20A8 003E20B0 003E1968 003E0F48 003E1BC6 003E5200 F680CB80
S 04D44 60 0C6E4 00000002 00000234 00000000 00000008 0000FE18 00000000 00000006 00000019 003C0234 003E20A8 003E20B0 003E0F48 003E1CF6 003E4000 003E5200 49DECE62
S 04D6C 60 0C620 00000000 0000000F 00000000 0000000F 00000001 0000001B 0000001E 0000000C 003C03C4 003E20A8 003E20B0 003E0F48 003E02D8 003E0864 003E5200 64B39E53
S 04D90 60 0C75E 00000FD1 00000FD0 00000000 000000FD 00020F62 00000019 0000000D 00000018 003E20B0 003E20A8 003E20B0 003E1BC6 003E1BC6 003E0864 003E5200 9021AF7C
S 04DD2 60 0C888 00000010 003E20A8 00000001 00000200 00000001 0000007E 00000000 00000016 003E20B0 003E20A8 003E20B0 003E1968 003E02D8 003E0F48 003E5200 9AEE8E83
S 04E20 60 0C88E 0000010A 003E20A8 00000005 00000000 00000008 00000006 0000000B 0000000A 003E20B0 003E20A8 003E20B0 003E1968 003E0864 003E4000 003E5200 7CA60DDD
S 04E82 60 1359E 0000B9CE 00000002 00000002 00000012 0000000A 0000000C 0000001C 00000001 003C001C 003C07FC 003E1CF6 003E1BC6 003E1968 003E4000 003E5200 3E9E2BF3
X 04F8C 8
S 04F9E 60 0C4B0 00000001 00000000 00000000 00000005 00000000 00000003 00000015 00000003 003C0000 003E20B0 0000C95E 003E1CF6 003E1968 003E02D8 003E5200 89099A16
S 04FEA 60 0C818 00000540 003E0200 00000001 00000005 0000FDE2 00000011 00000013 00000000 003C0540 003E20B0 0000FDE2 003E02D8 003E1CF6 003E1968 003E5200 BA31BD97
S 05000 60 0C4B4 00001300 00000000 00000000 0000004C 003E6000 0000001F 00000005 0000000B 003C1300 003E20A0 003E0F48 003E0864 003E0F48 003E1CF6 003E5200 ED1B0512
S 05020 60 0C81A 00000000 00000000 00000000 00000000 0000FDC2 00000000 00000013 0000001C 003C0000 003E20B0 0000FDC2 003E1BC6 003E02D8 003E0F48 003E5200 46E985DA
S 05056 60 05B7E 000000A0 00000000 00000000 19040000 0000000A 00000016 0000001D 0000000B 0000FD5E 19040000 F0260004 003E02D8 003E0050 003E1CF6 003E5200 41746687
S 050C6 60 0EF10 00000002 000050C6 000000EF 0000FFFF 00000004 0000001C 00000017 00000017 003E1D1A 00011B0C 11DE0018 003E1BC6 003E1BC6 003E02D8 003E5200 6CDDD765
S 0512A 60 1359E 0000B9CE 0000001F 00000006 00000010 00000004 00000008 00000007 00000009 003C001C 003C07FC 003E0864 003E0F48 003E0864 003E02D8 003E5200 CD009B0B
X 05168 14
X 05192 32
X 0522E 28
X 05280 19
X 052E2 33
X 05346 8
S 053A6 60 053C6 00000002 00000000 00000006 FFFFFFF0 000000E0 00000080 00000002 00000019 0000FE3E 003E0EC2 003E0318 003E0ECE 003E1CF6 003E1BC6 003E5200 2436A541
S 053F8 60 1359E 0000B9CE 0000001B 00000001 00000010 0000000F 00000001 00000001 00000013 003C001C 003C07FC 003E1968 003E02D8 003E02D8 003E02D8 003E5200 310EE6B1
X 0545A 6
X 05474 3
S 05488 60 05100 003E0318 0000000B 00000000 00000003 00000000 00000010 0000001B 0000000E 0000FE3E 003E4000 003E0ECA 003E0864 003E0F48 003E02D8 003E5200 8EC7C602
S 054A8 60 05BBA 00000000 0000004D 0000004D 00000000 0000000A 00000035 00000014 0000000D 0000FD5E 003E1CF6 0000FD34 003E0378 003E0050 003E1968 003E5200 0320D2B8
X 0551C 10
S 05622 60 0EEB8 00000005 000050C6 00000000 00000040 00000001 0000006B 0000003E 00000018 003E1CF6 00011B0C 003E1968 003E0EC2 003E0864 003E0864 003E4FE8 C8F23431
S 056F4 60 058C8 00000006 00000000 00000050 00000200 0000001B 0000000E 00000019 00000010 0020000B 0021E007 003E0864 003E0F48 003E0864 003E0864 003E4FE8 924367E7
S 05818 60 1359E 0000B9CE 00000002 00000016 00000014 00000016 0000001E 0000001B 00000006 003C001C 003C07FC 003E1968 003E1CF6 003E0F48 003E1CF6 003E5200 306E43A4
S 05892 60 058CE 0080000A 00000000 000000B0 00000200 0000000E 00000016 0000000C 00000005 00A01CBD 0021E00A 003E0F48 003E1968 003E4000 003E02D8 003E5200 BC57DC72
X 058E6 11
X 05908 11
X 0592A 41
S 05948 60 0EF0C 00000002 00005948 00000074 00000001 00000001 0000001D 00000015 00000001 003E1D1A 00011AC4 00000074 003E1F0E 003E195C 0000FF90 003E5200 A4CF10BC
S 059EE 60 05A6C 00000001 00000004 00000093 00000001 00000006 00000005 00000010 00000015 003E1ED0 0000FFFA 003E1CF6 003E1BC6 003E02D8 003E0F48 003E5200 C69E9DCC
S 05AB0 60 05AEC 00000064 00398000 00000046 0000009A 00000013 00000011 00000009 00000013 00000036 003E433E 003E1CF6 00000030 003E42A1 003E0F48 003E5200 AED50790
S 05AFC 60 1359E 0000B9CE 00000011 00000010 0000001C 00000001 0000000F 00000017 0000000C 003C001C 003C07FC 003E1BC6 003E1CF6 003E1CF6 003E0F48 003E5200 4F25D8EF
X 05B16 8
X 05B40 48
X 05C60 12
S 05C80 60 05C98 00000010 00000006 00000010 00000041 00000000 0000001A 00000017 00000001 003E1968 003E0864 003E0318 003E1968 003E02D8 003E02D8 003E5200 97C38E68
X 05CB0 7
S 05CCE 60 05D0C 00000000 00000005 00000056 00000004 00000011 00000007 00000007 0000000C 003E0020 003E4000 003E1968 003E1968 003E02D8 003E1968 003E5200 000B2984
X 05D8C 4
S 05DEA 60 1359E 0000B9CE 00000015 00000009 00000007 00000018 00000010 0000001D 00000014 003C001C 003C07FC 003E4000 003E1CF6 003E1968 003E0F48 003E5200 48265182
X 05DEC 1
X 05DFE 0
X 05E00 0
X 05E02 1
X 05E08 0
X 05E0A 17
S 05E38 60 0EEC4 0000FFFF 00005EA2 003E1AE2 0000001E 0000000C 00000016 00000006 0000001F 003E1D3E 00011AE2 003E1960 003E02D8 003E1968 003E1968 003E4FE8 0EA8122D
S 05EA2 60 1359E 0000B9CE 0000000D 00000018 0000001E 00000004 00000012 00000003 00000001 003C001C 003C07FC 003E4000 003E4000 003E0F48 003E02D8 003E5200 2414432C
S 05FA6 60 06050 0000003F 00000007 00000007 000128B8 00000040 003E0864 00000041 00000000 003E0864 00011748 0071003E 00011748 00021BE0 003E0864 003E4FE8 EF466900
S 060BE 60 0C22E 0000001A 00000000 00000011 00000007 00000017 0000000E 0000001D 0000000D 003E4FEC 003E4FE2 003E4FEA 003E1C50 003E1CF6 003E0F48 003E4FE2 3FE28803
S 06166 60 12012 00000000 00000007 00000000 00000007 0000000F 0000001A 00000015 00000014 0000001B FFFFF001 003E0864 003E02D8 003E0F48 0000001B 003E5200 43CE31FA
S 061C2 60 02A96 000000FF 000000FF 0002065A 00000000 0000000C 00000000 0000001D 0000001E 003E186C 0000001C 003E1CF6 003E1968 003E02D8 00000001 003E5200 CF032D1C
S 062A6 60 06352 00200000 00000001 00000007 000128B8 003E0865 00000040 00000041 00000009 003E0865 00011748 0053003E 00011748 00021BE0 003E1CF6 003E4FE8 DE681DCB
S 063CA 60 0C22E 0000001A 00000000 0000001A 00000012 0000001B 0000001E 00000014 0000001D 003E4FEC 003E4FE2 003E4FEA 003E1C50 003E0864 003E0864 003E4FE2 498811A8
S 06460 60 11F1C 00004665 0000001A 002000E0 00000000 00000007 00000011 00000006 0000001C 000D6C6D 00200004 00011EFE 00021C48 003E1BC6 003E1CF6 003E5200 BD7AD161
S 065AA 60 1359E 0000B9CE 00000001 00000010 00000001 00000006 00000015 00000004 0000001E 003C001C 003C07FC 003E0864 003E1BC6 003E0864 003E02D8 003E5200 DACB9265
X 0661A 10
X 0663C 3
S 06648 60 066E0 00000007 0000000F 000000B0 000000C0 00000007 00205004 00000007 00000002 00000076 003E0869 003E0F48 003E02D8 003E0F48 003E1BC6 003E4FE8 8DE7295B
S 066C8 60 066E6 00000012 00000002 0000000F 0000001A 00000012 0000701C 0000001D 0000000D 003E4000 003E1BCD 003E1CF6 003E1968 003E4000 003E0F48 003E5200 E71B5ABA
S 066CC 60 066E0 00000012 00000001 00000008 00000011 00000012 0000700F 00000007 0000001C 003E4000 003E086B 003E4000 003E4000 003E02D8 003E0864 003E5200 75310FC5
S 066CE 60 066E6 00000005 00000010 0000000B 0000001A 00000005 0000700C 00000010 00000012 003E4000 003E02DF 003E1968 003E1968 003E1BC6 003E0864 003E5200 33CE3F0E
S 066D2 60 06680 00000014 0000000C 00000004 0000000C 00000014 00007010 0000000A 00000017 003E1BC6 003E4007 003E0F48 003E0F48 003E4000 003E1BC6 003E5200 4539F8B1
S 066D4 60 1359E 0000B9CE 00000011 0000001E 00000011 00000002 00000001 0000000E 00000017 003C001C 003C07FC 003E1968 003E0864 003E1BC6 003E0864 003E5200 E6C7A913
X 0670E 49
S 0672E 60 067D4 003E0A1C 00000001 00000008 003E0A1C 0000000D 0000001D 00000019 00000001 003E19B0 003E4FE8 003E1960 003E1968 003E1968 003E4000 003E4FE8 C20458DC
S 067F6 60 06954 00000040 00000001 003E0866 00000002 003E0865 00000009 00000001 00000016 003E0864 003E1CF6 003E4FDC 00021BE0 000000D9 003E0864 003E4FE8 2C14A77E
X 06988 19
S 069AE 60 069D8 00000000 0000001A FFFFFFFF 0000001A 0000004C 0000001C 0000001D 00000004 003E1BC6 003E1CF6 003E10B4 003E0F48 003E0F48 003E0F48 003E5200 D6BD2B53
X 069E2 13
X 06B10 18
S 06BC0 60 1359E 0000B9CE 0000000B 00000013 0000000E 00000002 00000016 0000001B 00000012 003C001C 003C07FC 003E0864 003E4000 003E1BC6 003E1968 003E5200 D0E3D4B4
X 06C20 7
S 06CAE 60 06EEC 0000001A 0000FFFF 003E1C84 003E1952 0000000A 0000001A 0000000B 00000014 003E1C84 003E1968 000000AE 00019614 003E0864 003E02D8 003E4FE8 9C05E709
X 06EF8 47
S 06F80 60 06CCE 00000001 00000014 003E1C84 003E1952 00000002 0000000E 00000000 0000001D 003E1D3E 003E1AE2 003E1AE2 00000000 003E02D8 003E1968 003E4FD4 912BD137
X 06FB4 43
S 07004 60 073C0 00000059 00000008 000128AC 0001F900 0001F8D8 0001F8EC 0001F910 0000001D 003E02D8 003E1968 003E1018 00000000 00009150 003E0864 003E4FE8 ED9EEE68
X 071DC 15
S 073DC 60 1359E 0000B9CE 00000001 00000012 0000001C 0000001B 0000001C 00000014 00000003 003C001C 003C07FC 003E1CF6 003E1BC6 003E0864 003E0864 003E5200 75254D37
S 0744E 60 0745C 00000000 0000000D 0000001F 0000000D 00000006 0000001B 00000000 00000009 003E4FF4 8658009D 003E1968 003E4000 003E0F48 003E0864 003E5200 74F85664
S 0747A 60 11BDA 00000000 00000000 00000000 00000008 00000016 00000007 00000003 00000007 003E18F1 003E1968 00000026 003E1CF6 003E1968 003E1BC6 003E5200 EE871E6F
X 074FA 13
S 07578 60 033B6 0000003D 00000000 00000010 00000018 00000009 00000008 00000009 0000000C 003E08A3 003E0F48 003E1CF6 003E1BC6 003E4000 003E0864 003E5200 415E7944
X 076EE 29
S 0778A 60 07916 00000000 00000000 00000003 00000020 003E0865 003E0884 00000000 00000010 0001000A 0000007D 00007954 003E0865 003E0F46 003E4000 003E4FD8 C1E38E04
S 077C8 60 0787C 00000060 00000011 00000060 00000000 00000004 0000001A 00000012 00000011 0001000A 003E4000 00000018 003E1BC6 003E0864 003E1968 003E4FCC 0EADE487
S 07800 60 1359E 0000B9CE 0000000B 00000006 0000000A 0000000D 00000003 00000002 00000015 003C001C 003C07FC 003E1CF6 003E02D8 003E1BC6 003E1CF6 003E5200 AEE89440
S 07870 60 078B6 0000006A 00004282 0000006A 00000020 003E0866 003E0885 00004282 00000011 003E1CF6 003E02D8 00007954 003E0865 003E0F46 003E0864 003E4FE8 42657EED
S 079B6 60 1965C 00000001 0000005A 80000000 00000006 0000001A 00000004 0000000F 0000000B 003E4F96 003E4F94 003E1870 003E0F48 003E02D8 003E1CF6 003E4FA4 38F24881
S 079CE 60 19636 00000001 0000FFBF 80000000 0000000D 00000015 00000016 00000019 0000000F 003E4F92 003E4F90 003E1870 003E4000 003E4000 003E4000 003E4FA0 052E7E03
S 07A02 60 0EF78 00000001 00007A24 0000001D 00000008 00000002 00000001 00000017 0000000D 003E1D1A 003E1D3E 003E1968 003E0864 003E1CF6 003E0864 003E5200 A9B72F94
X 07A12 22
S 07A24 60 19668 00000001 00010032 80000000 0000001E 00000002 0000001E 0000000F 00000001 003E4F9D 003E4F9C 003E1870 003E0864 003E0F48 003E1968 003E4FAC AAAA318A
S 07A88 60 196A8 0000FFFF 00010036 000000A3 00000017 0000000A 00000018 0000001C 0000001D 003E4FB0 003E4FB0 003E1CF6 003E1CF6 003E02D8 003E0864 003E4FC0 36722AAC
S 07B14 60 1359E 0000B9CE 0000001B 0000001D 0000001D 0000000E 0000001C 0000000A 0000000E 003C001C 003C07FC 003E0864 003E4000 003E02D8 003E1BC6 003E5200 DB34C47C
S 07B3E 60 141AC 00000000 00000000 00000001 00000006 003E1968 0001178A 00000007 00000005 003E1BC6 003E1BC6 003E1BC6 003E1BC6 003E0864 003E1CF6 003E4FE8 505E01CE
X 07C04 16
S 07C72 60 0EEC0 00000006 00005474 00000000 0000000C 0000000D 00000006 00000014 0000000D 003E1D02 00011B1E 003E0F48 003E0864 003E1968 003E1CF6 003E5200 9F1D01E6
S 07CB0 60 11BF4 00000000 00000000 00000020 0000000C 00039E90 00000014 00000013 0000000B 0000FE02 000100CA 003E2148 003E0F48 003E0864 003E1BC6 003E4FCC 5452E773
S 07CF0 60 13FB6 00000000 00000001 00000001 0000000B 00000000 0000000B 00000013 00000013 003E02D8 003E1968 003E1CF6 003E02D8 003E4000 003E1968 003E5200 33DAA0D0
S 07D50 60 11BFA 00002015 00000000 00000074 0000000C 00300035 00000018 0000001E 0000001B 0000FE02 0001004E 003E35F4 003E1CF6 003E1BC6 003E1BC6 003E4FD0 83AEBC73
S 07D80 60 11BEC 00000000 00000020 00000000 0000000C 000384E0 0000000C 00000000 0000000A 0000FE02 0001004E 003E1968 003E1968 003E1BC6 003E4000 003E4FB4 5E3C5800
S 07DCE 60 1359E 0000B9CE 0000000F 00000001 0000000D 00000007 0000000E 0000001C 0000001F 003C001C 003C07FC 003E1BC6 003E0864 003E1968 003E1CF6 003E5200 E7E40936
X 07E7A 10
S 07EA4 60 194F6 8657FC2E 00000001 8657FC2E 865803D4 00000000 00000006 00000015 00000007 003E4FAD 00000005 0000008A 003E4000 003E1BC6 003E02D8 003E4FBC C2EFF380
X 07F5A 8
S 08008 60 081E8 0000007E 00000006 000000FE 00011BA8 00011BB4 00011BBA 0000EE90 00000015 0001004E 003E4FE6 0000FE06 00021506 003E1A64 003E0F48 003E4FE8 3CB15BE1
X 08200 24
S 08326 60 08464 00000020 003E0CFE 00000020 0000001A 00000002 002FA12C 00000086 0000001E 003E4FE6 003E125E 000000E8 003E0CFE 003E1BC6 003E0F48 003E4FE8 32305B36
S 0848E 60 08332 0000002D 00000011 00000003 00011B36 00000000 00000009 00000005 00000006 003E1998 003E0864 003E1968 003E0864 003E1968 003E4000 003E4FC8 68AD06E7
S 084DA 60 1359E 0000B9CE 0000000E 00000006 0000001D 00000016 0000000B 00000012 0000001A 003C001C 003C07FC 003E1CF6 003E0F48 003E1968 003E0864 003E5200 46840D14
S 08536 60 0051A 00000006 00000015 00000011 00000009 00000015 00000007 00000001 00000007 003E1CF6 003E1968 003E1CF6 003E1968 003E1CF6 003E1968 003E5200 D604FACD
S 08576 60 11F14 00000017 00200004 00000EB0 00030029 00000011 0000001D 00000029 00000007 000D261F 00200004 000333F8 00011EFE 003E1CF6 003E1CF6 003E4FAC 7B77F4B5
S 08598 60 0C4F4 00000001 003E20A8 00000000 003E20B0 0001EE80 0000001A 00000012 00000017 003E20B0 003E20E2 003E2498 003E0864 003E1968 003E0F48 003E5200 E8D1064B
X 08606 8
X 0865E 8
X 086AE 45
S 0875E 60 08808 00090000 00000002 003E1960 00000032 0000FFFE 0000003E 00000018 00000007 00000002 00000002 00090040 003E4FF0 003E4FE4 003E0F48 003E4FE8 4B7AD4ED
S 08878 60 1359E 0000B9CE 00000001 00000013 00000002 0000000E 0000001C 00000015 00000005 003C001C 003C07FC 003E1968 003E0864 003E02D8 003E0864 003E5200 B45D285B
S 08A70 60 08A4C 003E2823 00000000 00000030 00000003 00000001 00000030 00000004 00000018 003E2823 003E4FD8 003E4FD6 003E4FD4 00000000 00008A24 003E4FDA F45013AA
S 08A9C 60 08AE0 00008675 00000016 00000001 00000002 00000003 0000001B 00000008 0000001D 003E4FE6 00000017 003E4FE4 0000FCDA 0000FCE2 003E1CF6 003E4FE8 A60673AC
S 08B0C 60 08AF6 00000006 00000003 00000032 003E0000 00000001 FFFFFFFF 00000001 00000004 003E4FAC 00000003 003E4FAA 0000FCDA 0000FCE2 003E4FE0 003E4FAE 4CDC2004
X 08BB2 9
X 08C7A 12
X 08D0E 9
S 08F2E 60 02BB8 00000002 0000003F 0000001C 000000E0 00000009 0000001C 0000001E 00000004 003E08C3 003E08A2 00011EFE 00000000 003E1BC6 003E1968 003E5200 C7380232
S 08FC8 60 1359E 0000B9CE 0000001F 0000000C 00000019 0000000B 00000009 00000017 00000000 003C001C 003C07FC 003E1CF6 003E1BC6 003E4000 003E02D8 003E5200 304F3449
S 0900A 60 04224 0000FFFF 0000FFFF 0000000A 00000000 00039320 00000015 0000000C 00000002 00010052 003E4FCE 003E4000 003E4000 003E0F48 003E1BC6 003E4FD0 B10BCBC9
X 09034 6
X 09080 6
X 090BE 10
X 090E6 19
X 090FE 17
X 0910E 31
S 09150 60 1359E 0000B9CE 0000000B 00000002 00000005 00000002 00000002 0000001D 00000002 003C001C 003C07FC 003E0864 003E4000 003E02D8 003E1CF6 003E5200 B6ACD1FD
S 09208 60 00614 00000000 000000FC 00000000 0000000E 00000007 00000006 0000001F 0000000D 003E4000 003E0836 003E1958 003E1870 003E1960 003E0864 003E4FE8 DB51AA1D
S 09266 60 13FAE 00000000 00000015 00000001 0000001F 0000000E 0000001F 00000000 0000001B 003E1D3E 003E1968 003E194C 003E194A 003E1CF6 003E4000 003E4FD0 324D4154
X 09D80 51
X 0A000 57
X 0A7E4 0
X 0A7E6 46
S 0A80C 60 0A832 00000007 00000005 00000006 0000000D 003E1964 00000003 00000017 0000000C 003E1B72 003E0864 003E02D8 003E1CF6 003E1CF6 003E02D8 003E5200 CEF0DB26
S 0A90E 60 1359E 0000B9CE 0000001D 0000001B 0000001C 0000001C 00000009 0000000E 0000001A 003C001C 003C07FC 003E02D8 003E0864 003E02D8 003E1CF6 003E5200 A702D079
S 0A9BE 60 0EF78 00000002 0000AD5A 00000007 00000007 00000011 0000001D 00000011 00000018 003E1D0E 003E1D3E 0000EE90 003E02D8 003E1BC6 003E0864 003E5200 F7458467
S 0AA86 60 0EEAE 00000006 0000B5E4 003E1A64 00000000 00000004 0000001E 00000015 0000001F 003E1CF6 00011B4E 0000EE90 003E4000 003E1BC6 003E0864 003E5200 04A6C356
S 0AB12 60 0EF7E 00000002 0000B5E4 00000013 00000001 00000006 00000005 0000000D 00000005 003E1D26 00011B4E 003E1CF6 003E02D8 003E4000 003E1968 003E5200 A1058D05
S 0AB58 60 0ABD0 00000000 00000000 00011922 003E1C9A 00000002 00000008 00000004 00000011 003E1CA5 0001183A 003E1CA0 003E1C98 003E1CAE 00011922 003E5200 1A371FF5
X 0AC4C 45
S 0AD5A 60 0EF52 0000FFFF 0000AD5A 000000ED 000000C0 00000000 00000004 0000000F 0000000F 003E1D3E 00011B48 003E0F48 003E0864 003E1CA0 003E1BC6 003E4FE8 97CFBAA1
X 0AF72 38
S 0B032 60 1359E 0000B9CE 00000001 00000000 00000008 00000000 0000001A 0000001E 0000000C 003C001C 003C07FC 003E0864 003E1CF6 003E1CF6 003E02D8 003E5200 5C164980
X 0B2E8 7
X 0B53A 11
X 0B5B8 20
X 0B5E4 19
X 0B738 9
S 0B7FA 60 0B920 00000001 00000000 00000014 00000041 00000017 0000000B 00000013 0000001B 0001000A 003E4FE2 0000006E 003E0864 003E1946 003E02D8 003E4FE8 73511A06
X 0B958 39
S 0B9C8 60 1359E 0000B9CE 0000001D 00000003 00000006 0000000B 00000008 0000000A 00000003 003C001C 003C07FC 003E1968 003E4000 003E02D8 003E4000 003E5200 EC763E0C
X 0BB38 25
S 0BB7C 60 02E64 00200004 000000FE 00200004 00000070 0000001D 00000006 00000008 0000001C 00021466 003E1A64 000354FA 003E0864 003E0F48 003E4000 003E5200 F13A5DA2
S 0C150 60 0C17A 00000024 00000000 0000001A 00000023 00000015 0000000B 00000007 00000015 003E1902 003E4FE8 003E4FF0 003E4FE6 003E1904 003E4000 003E4FE8 B3949AE3
X 0C1EE 5
S 0C206 60 0C21C 00000019 00000000 0000001F 0000000A 0000000F 00000006 00000003 00000006 003E4FF0 003E4FE6 003E4FF0 003E1C50 003E0864 003E0864 003E4FE8 6356653C
S 0C240 60 0C22C 0000001A 00000000 00000007 00000002 00000007 00000009 00000013 00000001 003E4FE4 003E4FDA 003E4FE2 003E1C50 003E1BC6 003E4000 003E4FDA FC7FC441
X 0C2BC 9
S 0C2DC 60 1359E 0000B9CE 00000003 0000000C 00000017 00000011 0000000F 0000001D 00000002 003C001C 003C07FC 003E1968 003E0864 003E0864 003E0F48 003E5200 1E7F9235
X 0C3E8 38
X 0C436 30
X 0C4AE 12
X 0C4CA 10
X 0C4E8 8
X 0C504 23
X 0C538 14
S 0C568 60 1359E 0000B9CE 0000000E 00000001 00000003 00000015 00000012 00000017 0000000A 003C001C 003C07FC 003E1CF6 003E4000 003E02D8 003E1968 003E5200 FA7D80C9
S 0C5CA 60 0C636 00000000 0000000A 00000200 00000050 0000004E 0000001C 00000004 0000001E 003C1938 003E20A8 003E20B0 003E02D8 003E0F48 003E0864 003E5200 6B4CAF64
S 0C688 60 0C70A 00000CFF 000036E0 00000200 000000C1 00000024 0000000D 00000018 00000014 003C36E0 003E20A8 003E20B0 003E0864 003E1968 003E1CF6 003E5200 5F380FB7
S 0C724 60 0C4AE 00001148 00000350 00000200 00000035 00000014 00000001 0000001D 00000007 003C1148 003E20A8 003E20B0 003E1CF6 003E0864 003E0F48 003E5200 A81EF0D4
S 0C7BC 60 0C4C6 000019C0 003E0200 00000075 00000057 000000BD 0000000C 00000018 00000008 003E20B0 003E20A0 003E1BC6 003E1968 003E1968 003E02D8 003E5200 16E9415D
S 0C832 60 0C4B4 00000F58 003E20A8 00000056 00000200 00000028 00000003 0000000B 00000007 003C0F58 003E20A0 003E20B0 003E1BC6 003E02D8 003E0F48 003E5200 2D0C714C
S 0C8DE 60 0C4BC 00000F01 003E0200 0000005F 000000D0 0000002D 00000009 0000000C 0000000B 003E20B0 003E20A0 003E20A0 003E1CF6 003E1BC6 003E02D8 003E5200 EB43187C
S 0C95E 60 0C4C2 0000221E 003E0200 0000006B 000000A0 00000078 00000008 0000000A 00000006 003E20B0 003E20A0 003E20A0 003E02D8 003E0864 003E02D8 003E5200 7A7776EA
S 0C9D2 60 1359E 0000B9CE 00000015 0000000F 0000001F 00000012 00000016 00000005 0000000B 003C001C 003C07FC 003E1CF6 003E0F48 003E4000 003E0F48 003E5200 A93B5A59
X 0CA52 9
X 0CA88 11
X 0CAE2 9
S 0CB24 60 0EFD2 00000005 000050C6 00000001 00011B06 00011B0C 00000000 0000001C 00000012 003E1D3E 00011B0C 003E1968 003E1968 003E0F48 003E0864 003E5200 9E4F2855
X 0CBAE 45
X 0CC18 37
S 0CC3A 60 04242 0000000C 00000020 00000000 0000000C 00038DE0 00000018 0000001F 00000016 0000FE02 0001004E 003E1968 003E0F48 00038DE0 003E0864 003E4FC0 0DE9DA47
S 0CCB2 60 1359E 0000B9CE 0000000F 0000000E 00000016 00000001 00000013 00000018 0000001E 003C001C 003C07FC 003E1BC6 003E02D8 003E1968 003E1CF6 003E5200 E3E0237E
S 0CCE6 60 05068 00000004 00010001 00000020 00000040 00000001 0001FB10 00000001 00000001 0000FE3E 0001004E 000000E9 003E1CF6 003E1BC6 003E02D8 003E4FB2 B2CA7072
S 0CD4A 60 0567A 00000038 0000000E 00000020 00000040 00000001 0000002C 00000001 0000001A 0000FE3E 08010002 003E42A7 08010002 003E1968 003E4000 003E4FC6 A2F0A5BB
S 0CDAE 60 0507E 00000001 00010001 00000020 003E0EDA 00000005 0001FB10 00000001 00000019 0000FE3E 003E0EDA 0000FD93 003E1CF6 003E1BC6 003E02D8 003E4FBA 99458EEE
S 0CDC0 60 0506C 0000021C 00010087 00000020 00000000 00000001 0001FB0C 00000001 0000000A 0000FE3E 00000000 000000FC 003E1BC6 003E1BC6 003E0F48 003E4FB6 EB3E27E9
S 0CDF6 60 0F2FA 0001FB00 00000000 00000020 00000040 00000001 0001FB02 00000001 00000008 0000FE3E 003E0EC2 003E0328 003E0EC6 003E1968 003E1BC6 003E4FCA 5FA30F7A
X 0CE48 4
X 0CE76 56
S 0CEE8 60 1359E 0000B9CE 00000003 00000006 00000009 0000000C 0000001F 00000016 0000000C 003C001C 003C07FC 003E4000 003E0F48 003E02D8 003E02D8 003E5200 14A50ED6
S 0CF40 60 0EFEE 00000001 003E32FE 000000F4 00004EF9 00008DFC 00000005 00000004 0000001C 003E1D32 00000000 000000F4 003E02D8 003E1CF6 003E0F48 003E5200 6DB81D06
S 0CFDA 60 13FB4 00000000 00000017 00000001 00000019 00000014 00000007 0000001E 0000000E 003E1D3E 003E1CF6 003E194C 003E194A 003E0F48 003E02D8 003E4FD4 0E062640
S 0D030 60 15610 00003F96 00000000 00000000 00000004 00000756 00000008 0000001D 00000005 003E3622 003E365C 003E365A 003E3642 003E1CF6 003E1CF6 003E5200 6A6981C6
S 0D04E 60 0F01E 00000003 0000D7A0 00000007 00000014 0000000A 00000013 00000014 00000000 003E1D0E 00011B8A 003E0F48 003E02D8 003E1BC6 003E0864 003E5200 7C27B2FB
S 0D696 60 0510A 003E0338 0000001F 00000000 00000004 0000BFFF 00000014 00000012 0000000B 0000FE3E 003E4000 003E0EC6 003E0864 003E0864 003E1BC6 003E5200 7F20D7A2
X 0D7A0 46
X 0DB66 1
S 0DB6C 60 1359E 0000B9CE 00000010 00000000 00000015 00000018 0000001E 0000000A 0000001C 003C001C 003C07FC 003E0F48 003E1CF6 003E1BC6 003E0864 003E5200 447AD742
X 0DB72 1
X 0DB78 1
S 0DB7E 60 1408C 00070000 00000000 00000001 00000001 00000019 00000018 0000001C 00000006 003E0F48 003E1CF6 003E3448 003E3446 003E0F48 003E1BC6 003E4FE8 5570403E
S 0DBE6 60 13FCA 00000001 00000007 00000001 0000000E 00000006 0000000A 00000013 0000000E 003E0864 003E0F48 003E3446 003E4000 003E0864 003E1968 003E5200 E6E163EB
S 0DC10 60 13FCC 00000001 00000007 00000001 00000016 00000003 0000001C 0000001B 00000000 003E0864 003E0864 003E0864 003E0864 003E02D8 003E02D8 003E5200 2B4CE974
S 0DC3A 60 035BA 00000000 0021A064 00000F70 00030011 0000000C 00000003 00210011 0000001A 003E4000 003E02D8 000354FC 003E0864 003E1BC6 003E1968 003E4F8C 76B8C837
S 0DE1A 60 0DEB0 00000000 00000000 00000001 00000000 00000000 00000005 0000000B 00000001 003E1BC6 003E0836 003E19E6 003E1870 003E1968 003E1968 003E5200 85B8B8A5
S 0DEC8 60 1359E 0000B9CE 00000019 00000006 00000019 00000007 00000002 00000009 0000000B 003C001C 003C07FC 003E4000 003E1BC6 003E1968 003E1968 003E5200 B20B8D24
S 0E000 60 14946 00000000 00000000 0000000F 00000000 0000001A 0000001A 00000004 00000014 003E34CC 003E4000 003E34CC 000143B0 003E3536 003E02D8 003E4FDC D41D9B3B
S 0E020 60 147F0 00000001 0000000F 0000001A 00000001 00000000 00005673 00000012 00000006 0001D616 003E34CC 003E0DE0 003E02D8 003E0864 003E02D8 003E5200 2ECF775B
S 0E0EE 60 0C7FA 00000200 00000000 00000000 00000008 0001F040 00000058 0000002D 0000000C 003C0200 003E20B0 0000450C 003E4050 003E0864 003E1CF6 003E4FE8 35B89A9C
S 0E332 60 18E6A 00000000 000000F0 00000041 00000003 00000018 00000017 0000001A 0000001F 00011A8C 003E02D8 003E02D8 003E0864 003E1968 003E1CF6 003E5200 05C3117A
S 0E3B0 60 0E5F0 00000000 000000FC 00000003 003E400E 003E1CE0 00000000 00000012 00000015 003E1CE0 003E08BC 00000088 003E1CD4 003E1CD4 003E1CF6 003E4FE8 A18830A3
S 0E516 60 14804 00000000 00000000 00000019 00000001 00000000 00005673 00000018 00000007 0001D616 003E34CC 003E1968 003E1CF6 003E02D8 003E0F48 003E5200 C8E29782
S 0E546 60 14450 00000002 00000003 0000001B 00000000 003E34FE 00000012 00000017 0000000B 003E34F4 003E0864 003E3536 003E3528 003E3536 003E1968 003E4FDC 4CBAC06E
S 0E554 60 1359E 0000B9CE 0000000B 00000007 00000016 0000000F 0000000B 0000001F 00000005 003C001C 003C07FC 003E0864 003E0864 003E1CF6 003E0864 003E5200 78C5EA2E
X 0E7A8 60
S 0E824 60 12556 000000A9 0000001F 000000A0 00000000 00000007 000001F8 00000000 00000003 000C297E 00200005 00055280 003E1CB4 003E0DD4 003E1BC6 003E4FD0 D7604565
X 0E98C 35
X 0EA46 15
X 0EA68 12
S 0EABA 60 0C2FE 00000006 0000000F 00000001 00000000 0000001A 00000017 0000001A 0000000C 003E1C4F 003E4FDF 003E4FDE 003E1C4E 003E1968 003E02D8 003E4FE0 A5C7D1AE
X 0EAC8 5
S 0EBBA 60 1359E 0000B9CE 00000005 00000000 00000004 00000008 00000001 00000003 00000003 003C001C 003C07FC 003E1BC6 003E1BC6 003E1968 003E1968 003E5200 8A85A6A0
S 0EC3A 60 0357E 00000009 0000000C 00201004 0003827C 0000001C 0000000D 0000000F 0000000E 003E4FE8 0000005C 00000012 0000ECB0 003E0864 003E1CF6 003E4F8A 32068BC0
S 0ECB0 60 035E2 0000000C 00200004 00000FA0 00E5000B 0000001E 00000008 0000001E 00000005 003E0F48 003E0864 00E5003E 003E0864 003E1CF6 003E1BC6 003E4FA4 92D691E8
X 0EDEA 12
X 0EE22 4
X 0EE3A 1
S 0EE44 60 0EE8A 00000000 003E1C84 0000FFFF 00000018 00000001 00000003 0000001A 0000001E 003E1A64 003E4FD4 003E1D3E 0000BFEA 003E1CF6 003E02D8 003E5200 A20B29D5
X 0EE90 41
S 0EEEE 60 1359E 0000B9CE 00000017 0000001D 00000005 00000003 00000012 0000001A 00000016 003C001C 003C07FC 003E1968 003E02D8 003E0864 003E4000 003E5200 58A594B4
X 0EF58 33
X 0EFBA 10
X 0EFFA 33
S 0F000 60 00090 00000000 003E60FE 00000067 0000000C 00000009 0000001D 0000001F 00000000 003E1D3E 003E4297 003E0864 003E1BC6 003E02D8 003E02D8 003E5200 FD2E81B9
S 0F13E 60 0F154 00000006 0000000C 0000001A 00000015 00000005 00000013 0000004B 00000006 003E3FB0 003E4000 003E0258 003E0864 003E02D8 003E0000 003E5200 A43853A0
X 0F1FA 38
X 0F26A 25
S 0F2CC 60 1359E 0000B9CE 00000010 00000016 00000006 00000015 00000013 0000001C 00000000 003C001C 003C07FC 003E1968 003E02D8 003E0864 003E1968 003E5200 CDF7D111
X 0F2EE 2
X 0F2FA 2
S 0F306 60 0F446 00000003 00000000 00000048 00000007 00000000 00000003 00000000 0000001E 003E3F40 003E4348 003E02B4 003E0240 003E0000 003E1BC6 003E5200 FC41970F
X 0F3B2 54
X 0F4CA 41
X 0F52C 20
X 0F540 28
S 0F5F6 60 1359E 0000B9CE 0000001A 00000013 00000018 0000000C 0000001C 00000018 0000000B 003C001C 003C07FC 003E0864 003E1968 003E1968 003E0F48 003E5200 6779E591
S 0F630 60 0F922 00000000 00000001 00000000 003E0248 00000000 00000049 00000048 00000007 003E02F8 003E02C2 003E0308 003E02F8 003E0744 003E0740 003E4FE8 7AFC32AE
S 0F79E 60 0F92C 00000000 00000000 00000000 00000049 0000004C 0000004B 0000000C 00000007 003E0358 003E02C2 003E0358 003E0348 003E0000 003E0750 003E4FE8 19C31B43
X 0F922 4
S 0F936 60 0FAA2 00000049 00000049 00000003 00000007 00000000 00000000 00000002 00000000 003E3F40 003E4000 003E0018 003E02B4 003E0308 003E1BC6 003E4FE8 F089BB64
X 0FB74 1
S 0FB80 60 0FBB2 58A70644 00000006 00000006 00000010 0000001B 0000001D 0000001C 00000000 000102AE 000101C2 00011E92 003E4000 003E0F48 003E0864 003E5200 E3A07344
X 0FBC6 7
X 0FBE2 5
X 0FBE4 10
X 0FC06 1
X 0FC0E 0
S 0FC10 60 1359E 0000B9CE 00000006 0000001E 0000000F 00000012 00000007 00000009 0000001A 003C001C 003C07FC 003E1BC6 003E02D8 003E0864 003E02D8 003E5200 FE14018F
X 0FC1E 9
X 0FC32 4
X 0FC3A 2
X 0FC46 10
X 0FC4A 10
X 0FC74 9
X 0FC88 4
S 0FC9C 60 1359E 0000B9CE 00000009 00000017 00000005 00000014 0000000F 0000000C 0000001F 003C001C 003C07FC 003E1968 003E1968 003E02D8 003E4000 003E5200 F95C499C
X 11BD8 5
X 11BEC 7
X 11C04 8
X 11CE2 8
X 11CF8 25
X 11D5C 15
S 11D96 60 11DC8 000000B3 003E4104 00003A64 00000040 00000051 003E41BD 00000007 00000010 0021E006 00000011 003E0864 0000000A 003E0864 003E1BC6 003E5200 BAEA84FF
S 11E10 60 1359E 0000B9CE 00000008 00000016 00000013 00000019 0000000A 00000011 0000001C 003C001C 003C07FC 003E1BC6 003E1968 003E0864 003E1968 003E5200 877127A1
X 11E58 13
S 11EDA 60 11FDA 00000012 00000012 000000C0 000000CB 00000000 00000005 00000009 00000004 000E5A2D 003E42D6 003E1BC6 003E02D8 003E1BC6 003E0F48 003E5200 74127EAC
S 11EF2 60 11FE2 000000DC 00000001 000000D0 00000000 00000001 00000008 00000015 00000000 000DAE1D 003E41DD 003E0864 003E02D8 003E0864 003E0864 003E5200 6E8E1784
S 11EFE 60 11F92 000000CB 00000013 000000C0 00000000 00000003 00000016 00000013 00000016 000D2641 003E44A7 003E1968 003E0864 003E1BC6 003E0F48 003E5200 7A3A3F7D
S 11F2A 60 11F40 0000005C 0000000A 00000007 0000001B 0000000F 00000008 00000013 00000006 003E1CF8 003E02E7 003E4000 003E1968 003E0864 003E1CF6 003E5200 541142D1
S 11FF8 60 1200E 000042B9 00000005 000042B6 00000006 00000001 00000006 00000019 00000012 003E4000 00000270 003E4000 003E1BC6 003E0F48 003E1BC6 003E5200 FE1C4E24
S 12026 60 12036 00004227 00000003 00000002 00000003 00000004 0000001E 00000009 00000015 003E1CF6 00000A4F 003E1968 003E02D8 003E0864 003E1CF6 003E5200 3C8D651E
S 1204C 60 1359E 0000B9CE 0000001B 00000000 0000001A 00000008 0000000E 00000002 00000011 003C001C 003C07FC 003E1968 003E0864 003E1968 003E4000 003E5200 1F26573F
X 12066 41
S 12078 60 120B8 00000086 00000002 00000000 00000000 000085F9 FFFF7C00 00000002 00000011 00000064 003E4241 003E1CF6 003E02D8 003E0F48 003E4000 003E5200 8B338A38
S 120A2 60 1213C 000000DA 00000013 00000012 0000009E 00000009 00000019 0000001F 00000012 003E4005 003E086F 003E02D8 003E1CF6 003E02D8 003E02D8 003E5200 2FC5DD2E
S 1217E 60 1219E 00000052 000000C2 00000005 003E4189 0000001B 00000015 00000007 00000008 003E432D 00000106 003E1BC6 003E1968 003E02D8 003E1968 003E5200 38816A0C
S 121C4 60 122C6 0000424D 00000012 00004243 000000A8 00000050 00000014 00000006 00000000 000DAE05 00000001 0001229E 000DADDE 0001232C 0000420D 003E5200 9EA061A2
X 12222 6
X 122C6 6
S 12306 60 1359E 0000B9CE 0000000C 00000009 0000000B 0000001B 00000006 0000000E 00000018 003C001C 003C07FC 003E0864 003E1CF6 003E0F48 003E02D8 003E5200 066BA138
X 1231A 7
X 12354 2
S 1238C 60 124A6 00000027 00000000 0000001C 00000000 0000000B 0000000B 00000006 0000000A 003E02DB 003E0868 0003A3B7 003E0864 003E02D8 003E1BC6 003E5200 38066066
S 124BE 60 124E8 00000086 0000FFFF 00000000 00000000 00000004 000001F8 00000014 0000000A 0000004B 003E42F3 0003A438 003E1BC6 003E0864 003E1CF6 003E5200 2787A6C9
S 124E2 60 125AC 00000034 00000000 00000003 00000000 0000001B 00000017 0000001C 0000001A 003E02DC 003E196C 0003A3B9 003E1968 003E4000 003E1CF6 003E5200 B33E5A59
S 12574 60 12578 00000000 00000010 0000001D 00000000 000001D5 0000001B 00000014 00000019 003E02DA 003E0896 003E02D8 003E02D8 003E0864 003E1CF6 003E5200 8DB08AFC
X 1259C 24
S 125DA 60 1359E 0000B9CE 0000000F 0000001E 0000000C 00000003 0000001F 00000015 00000009 003C001C 003C07FC 003E1968 003E0864 003E1968 003E1968 003E5200 D1E96530
X 1262A 33
X 128BC 22
S 13000 60 13010 0000000D 000003EC 00000008 00000013 00000008 00000016 00000008 0000001D 00200028 0021FFFE 003E1CF6 003E4000 003E0864 003E0F48 003E5200 C2963EA6
X 130B0 8
S 130EE 60 13814 00000000 00000007 00000009 00000000 00000006 00000017 00000000 0000000B 003E0010 003E0000 003E07FE 0072FFFE 000135D6 0001326C 000137A0 9D3062E1
S 130F8 60 136AE 00000171 00000275 FFF0000F 00000FF8 00000064 00000000 00000010 0000000A 00000010 003E02D8 00013328 003E0864 003E1BC6 00013300 003E5200 EF0C1BB5
S 13350 60 19F98 00000003 000000C0 00000002 00000011 00000013 0000000D 0000001F 00000014 003E4000 003E37CE 003E370E 00019CE4 003E1968 003E4000 003E5200 CFD2D071
S 133B2 60 19744 00000000 FFFFFFFF 00000002 00000001 00000019 0000001C 00000010 0000001E 003E367A 003E02D8 003E02D8 003E1CF6 003E1968 003E1CF6 003E5200 65B8C539
S 133EC 60 0F1EA 00000049 0000000A 0000000F 00000000 00008000 0000001D 00000048 00000007 003E3FB0 003E20A0 003E0248 003E1968 003E02D8 003E0000 003E5200 D9EB9EDB
X 1354C 8
S 1357C 60 135A0 0000B9CE 00000007 00000000 00000008 0000001C 0000000C 0000001D 0000000D 003C001C 003C07FC 003E1CF6 003E1BC6 003E0864 003E1968 003E5200 5A71109C
S 1378E 60 1381A 00000000 0000001D 0000000B 0000001E 00000018 0000001F 00000000 00000019 003E197C 003E1968 003E1CF6 0072FFFE 003E0F48 003E4000 000137A0 B258166A
S 1397A 60 139F8 00000000 00000018 0000000A 00000010 00000009 00000019 00000000 00000012 003E02EC 003E02D8 003E1BC6 0072FFFE 003E1CF6 003E0864 0001398C D4976E65
X 13CDA 16
S 13D1E 60 13D66 00000003 0000001C 0000001F 00000254 00000000 0000001C 00000013 00000014 00013E04 00013DFD 003E4000 003E4000 003E1968 003E4000 003E5200 1C789635
S 13E0A 60 19628 00000001 000B0033 00000000 0000001A 00000010 0000001A 00000006 00000002 00000056 00000054 00000054 003E1CF6 003E0864 003E1CF6 003E5200 BE97B465
S 13E6A 60 13D62 00000003 0000001C 0000001F 00000243 00000000 0000000C 00000018 00000010 00013E03 00013DFD 003E1968 003E1CF6 003E0F48 003E4000 003E4FE8 37133B6B
X 13E94 51
S 13F40 60 1482A 0000001B 00000000 0000001B 00000001 00000000 000036A0 0000001A 00000007 0001D616 003E34CC 003E02D8 003E02D8 003E1BC6 003E02D8 003E5200 2B626B71
X 13F98 15
S 13FCE 60 1359E 0000B9CE 00000004 00000019 0000000B 0000001A 00000005 00000006 00000005 003C001C 003C07FC 003E0F48 003E1BC6 003E4000 003E0F48 003E5200 88FE5962
S 14044 60 140DA 00070000 00000001 00000001 00000001 00000007 00000004 00000003 00000014 003E1BC6 003E0F48 003E3448 003E3446 003E1CF6 003E02D8 003E5200 528D80C1
X 14138 34
S 141D4 60 14828 00000002 00000000 00000002 00000000 00000000 00005083 0000000C 00000008 0001D616 003E34CC 003E1CF6 003E1BC6 003E4000 003E02D8 003E5200 FF9B36C4
X 1425C 11
X 143B0 11
S 14492 60 142BE 00000022 00000003 00000001 00000018 00000009 00000007 0000001B 00000014 003E3536 00500001 003E352F 003E3508 003E352A 003E4000 003E5200 F43D554B
X 144AE 8
S 144D0 60 1359E 0000B9CE 0000001B 00000018 00000010 0000001E 0000001B 00000000 0000000B 003C001C 003C07FC 003E02D8 003E0864 003E1BC6 003E02D8 003E5200 17A8E182
S 14578 60 14510 00000000 00000007 003E34CC 00000000 003E34CC 0000001D 0000000A 0000001B 003E4FBF 003E1BC6 003E3536 000143B0 003E34F4 003E0F48 003E4FC0 812D5E21
X 14772 9
X 1485C 14
X 14A36 22
X 14B2C 10
X 14C3C 32
S 14DD2 60 19C12 00000030 00000000 00000008 003E3554 00000011 00000000 00000004 0000001C 003E3554 003E3556 003E1968 003E1BC6 003E1968 003E0864 003E4FE8 AA890E4D
S 14E5C 60 14E7C 0000000E 00000000 0000000E 003E3454 00000000 00000004 0000001D 00000003 003E3454 003E3468 003E02D8 003E0F48 003E0F48 003E02D8 003E5200 888CFFB8
X 14ECA 6
X 14EF8 9
X 14F7A 7
X 14FF2 7
X 15064 24
X 15100 6
S 1520E 60 1750A 00000007 00000000 0000001A 00000015 0000001D 0000000C 0000001A 0000000D 00200048 003E1968 0001D762 003E361E 003E1968 003E1968 003E5200 006EC87D
S 155A0 60 1359E 0000B9CE 00000015 00000011 0000000F 00000003 00000005 00000006 00000004 003C001C 003C07FC 003E1BC6 003E1968 003E1CF6 003E0864 003E5200 FDDFA9E1
S 15672 60 15602 00000756 00000000 00000009 00000004 00000756 00000000 00000003 0000000D 003E3622 003E365C 003E365A 003E3642 003E0864 003E4000 003E5200 1DD19507
S 1568E 60 15600 00000756 00000000 00000009 00000004 00000756 00000013 00000004 00000017 003E3622 003E365C 003E365A 003E3642 003E02D8 003E0F48 003E5200 A3C53C36
S 156AC 60 155E4 00000756 00000000 00000009 00000002 00000756 00000005 00000005 00000009 003E0F48 003E365C 003E365A 003E3642 003E0864 003E1BC6 003E5200 2D69EB76
S 15830 60 14F1C 00000005 00000005 00000001 00000013 00000001 00000001 0000000B 00000013 003E34B8 003E4000 003E1CF6 003E0F48 003E1BC6 003E0F48 003E5200 FB90C61E
S 160BA 60 19390 00000001 00000029 00000034 00000007 0000000F 00000012 0000000F 00000019 00200038 00000004 003E4000 003E0864 003E02D8 003E0864 003E5200 2A62EF17
S 1684C 60 19390 00000001 00000029 0000007E 0000001D 0000001E 0000000C 00000019 0000001A 00200038 00000004 003E0864 003E1BC6 003E1CF6 003E1968 003E5200 95B55EFA
S 168F8 60 19390 00000000 00000029 00000009 00000003 00000010 00000014 00000005 0000000C 0020003C 00000004 003E1BC6 003E0864 003E1BC6 003E4000 003E5200 D7C93F53
S 16BC8 60 1359E 0000B9CE 0000001D 0000001B 0000000C 00000010 0000000F 00000003 00000002 003C001C 003C07FC 003E0F48 003E1BC6 003E1968 003E0864 003E5200 952F0F6B
S 16BDA 60 14514 00008000 00000010 003E34CC 00000000 003E34CC 00000007 00000013 0000000A 003E4F97 003E1CF6 003E3536 000143B0 003E34F4 003E1CF6 003E4F98 CF6DA3CD
S 16D3E 60 19390 00000002 00000029 00000001 00000013 00000006 0000000D 0000000F 0000000D 00200034 00000004 003E02D8 003E0864 003E02D8 003E02D8 003E5200 16B06173
S 16D4E 60 182C4 00003DE0 000000D2 00003DE0 00000030 3DE07BC0 00000018 00000018 00000001 003C00D2 003E02D8 0001829C 003E1968 003E1CF6 003E4000 003E4FD8 EC3AC424
S 16D60 60 182C4 00003DE0 000000D2 00003DE0 00000030 3DE07BC0 00000012 00000005 00000009 003C00D2 003E1CF6 0001829C 003E1968 003E0F48 003E02D8 003E4FD8 231017EC
S 16D6E 60 17508 00000019 00000006 00000000 00000019 00000005 00000001 00000009 00000016 00200048 003E02D8 0001D762 003E361E 003E1CF6 003E02D8 003E5200 1033A8E6
S 16D78 60 174B4 00000008 000000A3 00000101 00000017 00000010 0000000C 00000017 0000000A 0020000A 0020000A 003E02D8 0001851C 003E4000 003E1BC6 003E4FE4 A6CD5F1B
S 16D80 60 1750A 00000009 00000015 00000001 00000000 0000000D 00000010 0000000B 0000000B 0020003C 003E1CF6 00018B76 0001851C 00017EDE 003E4000 003E4FE4 D8A19574
S 16D88 60 174BC 00000008 000000A3 00000101 00000000 00000006 00000001 0000000E 00000003 0020000A 0020000A 003E02D8 003E02D8 003E02D8 003E02D8 003E5200 BD3A1F3C
S 16E14 60 1359E 0000B9CE 00000017 00000019 0000000C 00000011 0000001E 00000016 0000000E 003C001C 003C07FC 003E1968 003E1968 003E0F48 003E1CF6 003E5200 663DD591
S 16E1C 60 17510 0000000D 0000000F 0000001E 00000012 0000000B 00000000 00000002 0000000E 00200044 003E1968 003E4000 003E0000 00018B5C 003E02D8 003E4FE4 C5EA4D6B
S 16E24 60 17508 00000006 0000000B 00000017 0000000C 00000019 0000001F 00000015 0000000E 00200048 003E0864 0001829C 00016958 003E02D8 003E4000 003E5200 9E31F4C5
S 16E2C 60 17510 00000019 0000001A 00000007 00000000 00000000 0000001F 0000001D 00000005 00200040 003E02D8 003E1968 003E0F48 003E4000 003E0F48 003E5200 C6825389
S 16EEC 60 17510 0000000D 00000003 00000010 00000000 00000000 00000007 00000000 0000000B 00200040 003E0864 003E1968 003E4000 003E1BC6 003E1968 003E5200 051EA1D0
S 16FF0 60 17510 00000014 0000000C 00000001 00000000 0000001B 00000016 0000000C 00000013 0020003C 003E0864 00018B76 0001851C 00017EDE 003E0864 003E4FE8 7C70B432
S 17330 60 1E700 00000000 00000013 0000007D 00002000 00000000 00000001 00000004 00000010 000D2608 0020907C 003E4000 003E0864 003E0864 003E1CF6 003E5200 DF13981F
S 173D8 60 1750A 00000002 00000012 000041E5 00000081 00000017 0000000F 00000001 0000001E 00200048 003E02D8 003E02D8 003E02D8 003E4000 003E0864 003E5200 E1A5C280
S 174A2 60 1359E 0000B9CE 0000000D 00000012 00000019 0000000D 00000003 0000001E 0000001E 003C001C 003C07FC 003E0864 003E02D8 003E1CF6 003E1968 003E5200 D1ABB54F
S 17500 60 17510 00000009 00000017 0000000A 0000001F 00000012 00000019 00000000 00000016 0020004C 003E0864 003E1BC6 003E1BC6 003E1CF6 003E02D8 003E5200 3E4AB4E3
S 1753C 60 17556 000040E3 000040E2 0000009D 00000007 0000001D 00000000 0000000D 00000006 0000040C 003E1968 003E1BC6 003E0864 003E1968 003E1BC6 003E5200 6414EF8C
S 175DE 60 174B6 00000008 000000A3 00000101 0000000D 00000006 00000018 00000016 00000011 0020000C 0020000A 00018B76 000190DA 003E4000 003E0F48 003E5200 7FEE04BC
S 177E8 60 1E700 00000000 00000030 FFFFFFAB 00000000 0000000E 00000014 0000000D 00000008 000D2608 0020003C 000191E6 0001E15B 000192E6 003E1968 003E5200 0F4761C6
S 17800 60 174B6 00000008 000000A3 00000101 00000016 00000016 00000013 0000000E 0000000E 0020000C 0020000A 003E02D8 0001851C 003E0864 003E02D8 003E4FE8 15B32F65
X 1796E 19
S 1798C 60 17508 00000014 00000006 00000010 0000001D 0000001D 00000011 0000001F 00000002 00200048 003E02D8 003E02D8 003E0000 00018B5C 003E4000 003E4FE8 12DEFD4C
S 17EDE 60 1359E 0000B9CE 00000001 00000010 00000007 0000000E 0000001E 0000000F 0000000D 003C001C 003C07FC 003E1968 003E1BC6 003E02D8 003E1968 003E5200 150A2E54
S 17EF4 60 17508 0000001E 00000003 0000003D 000000F5 000041EA 00000004 00000001 00000008 00200048 003E0F48 003E1968 003E1CF6 003E0F48 003E02D8 003E5200 3C8F5B4A
S 17F42 60 18692 0000001D 00000002 0000002A 00000006 0000001B 0001DFB2 00000007 0000000A 0001DFC8 0001DFB2 003E0F48 003E02D8 003E02D8 003E1BC6 003E5200 3D9C60A0
S 17F70 60 18692 00000017 00000006 0000002A 0000000B 0000001B 0001DF8A 00000008 00000014 0001DFA0 0001DF8A 003E0864 003E1CF6 003E1BC6 003E02D8 003E5200 CE46CA7C
S 17FCC 60 18BF0 00000098 00040013 00000071 000000D0 00000000 00000066 00000014 00000011 00000067 0024F38C 003E4000 003E0864 003E02D8 003E02D8 003E5200 289F3C4C
S 18000 60 1E6E6 00000554 00010013 00000001 00000000 00000000 0000001D 00000011 00000018 0002001E 0021000C 003E02D8 003E0F48 003E1BC6 003E1968 003E5200 C28D1F46
S 18040 60 182D0 0000003E 0000020A 00000015 0000007E 003E425F 00000013 00000000 0000001E 003C020A 003E02D8 0001829C 003E1CF6 003E1CF6 003E02D8 003E4FE8 A85ED76A
S 1815A 60 182BE 00000000 00000012 00000000 00000000 00005254 00000011 00000008 00000018 00000012 003E1BC6 0001829C 003E02D8 003E1CF6 003E1968 003E4FD8 2904C343
S 1829C 60 1359E 0000B9CE 00000003 00000017 0000000D 00000004 00000015 00000008 00000015 003C001C 003C07FC 003E0864 003E1968 003E1CF6 003E0F48 003E5200 9565FCF4
X 183F2 8
S 18418 60 14948 00000000 00000000 0000000F 00000000 0000001A 0000001A 00000004 00000012 003E34CC 003E0F48 003E34CC 000143B0 003E3536 003E0F48 003E4FDC D7E68E52
X 1851C 12
X 18544 5
X 18548 4
X 18556 4
X 18564 4
S 18576 60 1359E 0000B9CE 00000002 00000003 00000016 00000015 00000014 00000019 0000000A 003C001C 003C07FC 003E1968 003E1BC6 003E1CF6 003E1BC6 003E5200 E5CB579E
X 18588 4
X 18598 4
X 185AA 4
X 185B6 4
X 185CC 4
X 185DC 4
X 185EE 4
S 18600 60 1359E 0000B9CE 0000001B 00000013 00000018 00000008 00000018 0000000E 00000019 003C001C 003C07FC 003E1BC6 003E0F48 003E4000 003E1BC6 003E5200 25B2AA2A
X 18614 4
X 18626 4
X 1863E 4
X 18652 3
X 18658 1
X 1865E 7
X 1866C 7
S 1867C 60 1359E 0000B9CE 00000002 0000001A 0000000F 0000001C 00000006 0000000E 0000001D 003C001C 003C07FC 003E0864 003E0864 003E1CF6 003E0F48 003E5200 4B4B372A
X 1868C 9
X 1869E 8
X 18764 19
S 1884A 60 1E79C 00001002 0000001C 00001000 00000000 00000004 00000016 0000001A 00000003 000D2A24 00226438 00018601 003E1BC6 003E02D8 003E1CF6 003E5200 CEEBB59C
X 1885A 13
X 1888C 9
X 188AA 13
S 188EC 60 1359E 0000B9CE 0000001F 00000004 0000000E 00000007 0000000E 00000001 00000009 003C001C 003C07FC 003E02D8 003E0F48 003E1CF6 003E0864 003E5200 86F0A0FF
S 188F8 60 189E6 00000007 0000B2B2 00000008 00000010 00000004 0000001B 00000011 00000019 00000000 00201F0E 003E1BC6 003E0F48 003E0864 003E02D8 003E5200 BF1AE5E3
X 1890C 11
S 18A5E 60 18C0E 00000000 00000013 00004132 00000030 00000000 0000001D 00000018 0000000B 86000002 00201004 00000052 003E0F48 003E02D8 003E0F48 003E5200 D26670E3
X 18A66 58
S 18AFE 60 19666 00000003 00010037 00000000 00000008 0000001B 00000004 00000018 00000018 003EA680 003E647A 003E02D8 003E4000 003E1968 003E0864 003E4FE8 8B82AF43
S 18B26 60 19668 00000000 00000030 80000000 0000001A 00000006 0000000B 00000012 0000000A 003E92C8 003E4FD8 003E0F48 003E1BC6 003E1BC6 003E0864 003E4FE8 9FBA16FA
S 18B5C 60 195EC 0000411B 00080000 00080000 00000004 0000000F 00000007 00000000 00000003 003E90F4 00000030 003E4000 003E4000 003E0F48 003E0864 003E4FE8 8EE197D7
S 18B76 60 1359E 0000B9CE 00000019 00000013 00000006 00000005 00000006 0000000E 00000018 003C001C 003C07FC 003E0F48 003E02D8 003E0F48 003E1CF6 003E5200 5F9CBA9F
S 18B92 60 1E73A 00000004 00000001 00000010 00000000 00000007 00000003 00000009 00000004 000D3642 00200019 003E1CF6 003E0F48 003E0F48 003E02D8 003E5200 63A4AEB1
X 18C3C 14
S 18C48 60 1E7EE 0000001D 00000005 0000001A 00000000 00000006 00000004 00000011 0000001D 000D2692 0020056E 003E0F48 003E1CF6 003E1968 003E02D8 003E5200 18734F99
S 18CAA 60 1E73A 0000007C 0000001E 00000001 00000000 00000006 00000005 00000007 00000006 000D268F 00207135 003E1968 003E1968 003E1CF6 003E0F48 003E5200 82EB6B8A
S 18CCE 60 1E720 00000000 0000FFFF 00000070 00000000 00000005 0000000F 0000000F 00000011 000D2A41 002CD70E 003E0F48 003E1BC6 003E0864 003E1BC6 003E5200 59927EA5
S 18CDE 60 1E720 00000000 0000FFFF 0000001B 00000000 00000000 00000017 00000019 00000012 000D295B 002694EB 003E1BC6 003E4000 003E4000 003E0F48 003E5200 D703DB48
X 18D18 20
S 18D88 60 1359E 0000B9CE 00000014 00000010 00000014 00000002 0000001A 0000001A 00000011 003C001C 003C07FC 003E4000 003E4000 003E4000 003E0F48 003E5200 377557A8
S 18DC4 60 18AA0 00026430 00026430 43300000 0000000C 0000001F 00000002 00000005 0000000E 00018603 00000040 00000040 003E1BC6 003E4000 003E0F48 003E5200 9154AB1D
X 18DEA 31
X 18DF6 52
X 18DFC 52
X 18E06 25
S 18E66 60 18F10 00000017 000042EC 00000000 00000006 00000004 00000006 0000001F 0000000F 003E4000 002B9277 000185BC 00018653 000192E6 003E1CF6 003E5200 D4F5F569
S 18F10 60 1E79A 00000004 0000000F FFFF0000 00000000 00000004 00000000 00000014 00000009 000D49C5 003E196C 00019192 003E1968 003E4000 003E1968 003E5200 F74ABB7B
S 19010 60 1359E 0000B9CE 00000004 0000001C 00000001 00000010 00000015 0000000A 00000001 003C001C 003C07FC 003E1968 003E1BC6 003E0864 003E0F48 003E5200 7A7855D6
S 19032 60 1E7F0 000000F2 00000002 FFFF00F0 00000000 00000007 00000002 0000000E 0000000E 000DB7A9 000000A1 00019A4A 003E0F48 003E1CF6 003E0864 003E5200 4014107F
S 19054 60 1965C 00000003 00000010 00000000 0000000D 00000002 00000004 0000001B 00000007 003EA728 003E64A2 003E02D8 003E02D8 003E4000 003E0F48 003E4FE8 F06C9C9D
S 190C0 60 195EE 00004135 00080000 00080000 00000004 0000000F 00000007 00000011 00000019 003E910E 00000030 003E1968 003E1BC6 003E4000 003E1968 003E4FE8 A84264E2
X 190DA 36
S 19366 60 19394 0000FFFF 00000029 0000001B 00000013 00000004 00000008 00000000 0000000F 00200040 00000004 003E1BC6 003E1CF6 003E1CF6 003E1BC6 003E5200 65E8C41F
X 1939C 20
X 193F2 4
S 19404 60 1359E 0000B9CE 0000001F 0000000D 0000000D 00000005 0000001C 00000010 00000012 003C001C 003C07FC 003E0F48 003E0864 003E0F48 003E4000 003E5200 2E7BE694
S 1940A 60 19422 000007E5 00000000 00000015 0000000D 00000019 0000000F 0000000B 0000000A 003E1CF6 002F4070 003E0864 003E1968 003E0864 003E1BC6 003E5200 289799DB
S 1942A 60 1945E 000B03F6 21212121 0F0F0F0F 00000000 0000001D 00000007 0000000E 00000015 003E4000 002B0028 003E0864 003E4000 003E4000 003E4000 003E5200 89673C83
S 1946E 60 195FE 0000FFFD 20000001 40000030 00000001 00000001 00000027 00000015 00000015 003E41DC 00000030 003E1CF6 003E4000 003E0864 003E4000 003E5200 B7FC3DC2
S 19552 60 19594 00000007 00FFD400 00000019 00000004 00000014 00000002 00000019 00000015 003E0F59 003E086F 003E1968 003E0F48 003E1BC6 003E02D8 003E5200 06E0DC4D
S 195B4 60 1960E FFFF00C9 00000020 00000000 00000004 0000000F 00000007 0000000C 00000003 003E42C0 00000030 003E4000 003E1968 003E02D8 003E0864 003E5200 F5DD4FEB
X 1960A 20
X 19614 47
S 196AC 60 1359E 0000B9CE 0000001F 0000001F 0000000A 00000008 00000012 00000010 00000012 003C001C 003C07FC 003E0F48 003E02D8 003E1CF6 003E1BC6 003E5200 E87C46C9
X 19786 18
X 1978E 20
X 197D8 59
X 198C0 9
X 1997A 53
S 19A24 60 19AB6 00000000 FFFFFF80 00000000 00000000 00000000 00000000 000000FE 00000006 003E1CF5 003E1D8C 003E0864 003E1CF6 0001996D 003E0F48 003E5200 21D8E3D9
S 19BB8 60 19BC8 00000001 000000B3 00000008 00000014 0000000A 0000001F 0000000E 00000004 003E406D 0000001D 003E4000 003E1CF6 003E0864 003E0F48 003E5200 78D1323D
S 19BD8 60 1359E 0000B9CE 00000018 00000018 00000012 00000010 00000007 00000012 0000000F 003C001C 003C07FC 003E1CF6 003E4000 003E02D8 003E1968 003E5200 5FECD00A
S 19C00 60 19C10 00000068 003E41FE 0000001B 0000001E 00000000 00000011 0000000C 00000014 000000EC 00000108 003E02D8 003E0864 003E4000 003E0F48 003E5200 711CFFEF
S 19C22 60 1972E 00000000 FFFFFFFF 00000002 0000001A 00000004 0000000C 0000000D 00000019 003E3675 003E4000 003E1BC6 003E02D8 003E4000 003E02D8 003E5200 55A51F2A
X 19C2E 2
S 19C3C 60 19C9E 000000FF 00000017 00000003 00000000 0000001B 0000001E 00000012 00000007 006C0005 003E368C 003E4000 003E4000 003E1BC6 003E1968 003E5200 978DC376
X 19C70 19
X 19CCC 7
X 19CD0 5
S 19F3E 60 19F9E 00000120 000000C0 00000002 0000001B 00000000 00000001 00000014 00000006 003E4000 003E382E 003E370E 00019CE4 003E02D8 003E1968 003E5200 A6EBAB93
X 1A05A 8
S 1A0CC 60 1359E 0000B9CE 00000002 0000001A 00000016 0000001D 00000010 00000019 0000000E 003C001C 003C07FC 003E1BC6 003E0F48 003E02D8 003E02D8 003E5200 7366C989
X 1A100 14
S 1A14E 60 1B556 00000004 00000000 00000001 003E3D16 00000015 0000000A 0000000D 00000018 003E3D12 003E0864 003E3706 003E370A 003E36EC 003E1CF6 003E5200 886A6114
S 1A1CA 60 1A340 00000010 00000120 00000001 00000003 00000017 00000008 00000015 00000007 003E1968 0001B69C 003E370E 0001B692 003E0F48 003E1968 003E5200 63834C74
X 1A230 8
X 1A23C 9
X 1A248 10
X 1A256 6
S 1A260 60 1359E 0000B9CE 0000000E 00000010 00000018 0000000E 00000010 0000000D 0000000E 003C001C 003C07FC 003E02D8 003E0864 003E1BC6 003E4000 003E5200 D4EE33DE
X 1A284 15
X 1A2C6 34
X 1A318 15
S 1A3E6 60 1A516 00002704 00002700 003E3D12 003E3D0E 003E3D22 00002704 00000002 00000005 003E3D22 003E4000 0000009A 003E3B2E 00018658 003E0864 003E5200 4240F85A
X 1A58A 12
X 1A5F0 18
S 1A8C0 60 1AEFA 00000008 0000003E 00019E32 00078000 00000032 00000004 00000002 0000001A 0001EA4C 003E1BC6 003E0F48 003E1CF6 003E1968 003E1BC6 003E5200 E9380B9D
S 1ACE0 60 1359E 0000B9CE 00000005 0000001F 0000001C 0000000B 0000000F 00000015 0000000A 003C001C 003C07FC 003E1BC6 003E0F48 003E0864 003E1BC6 003E5200 4FEE1272
S 1ACEC 60 1AF2C 00005000 00000000 00000000 0000003E 0000003E 0000000C 00000011 00000003 0001EA4C 003E02D8 003E02D8 003E1CF6 003E0864 003E1BC6 003E5200 B31CAFEA
S 1ACF6 60 1AF14 0000001C 00000048 00019E66 0000A000 000000E7 00000001 0000000C 00000004 0001EA4C 003E0F48 003E1CF6 003E0F48 003E4000 003E1968 003E5200 E7C80187
S 1AD04 60 1AF24 00005000 00000000 00000000 00005000 0000003E 00000006 0000001C 00000009 0001EA4C 003E0F48 003E1BC6 003E4000 003E1968 003E1BC6 003E5200 9CA9A87A
S 1AD20 60 1A824 00000000 000000CA 07070709 000000A6 000000A0 0000000D 00000013 00000006 0707070D 003E0864 003E0864 003E1BC6 003E0864 003E02D8 003E5200 082EC4BB
S 1AD42 60 1AF0C 0000001C 00000048 00019E66 0000A000 000000E7 00000006 00000018 00000006 0001EA4C 003E4000 003E1CF6 003E4000 003E4000 003E1968 003E5200 79CB6554
S 1AD54 60 1AF2A 00004E00 00000200 00000100 00000000 0000003E 0000001F 0000000B 0000001A 0001EA4C 003E0864 003E1968 003E1CF6 003E0864 003E4000 003E5200 CD5CA191
S 1AD60 60 1AF26 00005000 00000000 00000000 00005000 0000003E 00000014 00000000 00000006 0001EA4C 003E02D8 003E1BC6 003E1CF6 003E02D8 003E02D8 003E5200 1606B906
S 1AD6E 60 1359E 0000B9CE 0000000D 00000002 00000010 00000007 00000011 0000000E 0000001C 003C001C 003C07FC 003E0864 003E02D8 003E1BC6 003E1968 003E5200 E72B0F8A
S 1AD82 60 1A818 00000080 0000A100 07070709 00000080 000000DF 00000000 0000000A 00000000 0707070A 003E1968 003E0864 003E1BC6 003E1BC6 003E1968 003E5200 73731C56
S 1AD9A 60 1AF0C 0000001C 00000048 00019E66 0000A000 000000E7 00000011 0000000A 00000005 0001EA4C 003E0F48 003E1CF6 003E0F48 003E0864 003E02D8 003E5200 964D1C1A
S 1ADA2 60 1AF26 00004E00 00000200 00000100 00005000 0000003E 00000013 00000002 0000001F 0001EA4C 003E0F48 003E1968 003E1BC6 003E02D8 003E4000 003E5200 925A45B1
S 1ADB0 60 1AEB6 00019DB6 00000000 00019DB6 00000000 00000001 0000001D 0000001F 00000004 00019DB6 003E0864 003E02D8 003E0864 003E0F48 003E1968 003E5200 DC823AAF
S 1ADCC 60 1A828 00000000 00000000 000000FE FE323E00 00000000 00000011 0000000D 0000000A FE323E01 003E4000 003E02D8 003E02D8 003E0F48 003E02D8 003E5200 7D65BB6E
S 1ADE2 60 1A82A 00000000 00000000 000000FE FE323E00 00000000 0000000F 0000000C 00000012 FE323E01 003E1CF6 003E02D8 003E4000 003E0864 003E1BC6 003E5200 00D5A469
S 1ADF8 60 1A81E 00000080 0000A000 0707070D 00000050 000000A6 00000016 00000004 00000005 0707070F 003E1BC6 003E0864 003E02D8 003E0F48 003E1CF6 003E5200 F7A888B8
S 1AE0E 60 1359E 0000B9CE 00000006 00000013 0000001D 00000010 00000007 00000013 0000000C 003C001C 003C07FC 003E1CF6 003E02D8 003E02D8 003E4000 003E5200 89E9ACE9
S 1AE2A 60 1AF22 00005000 00000100 00000100 00005000 0000003E 00000016 00000009 00000002 0001EA4C 003E0F48 003E1968 003E0864 003E0F48 003E4000 003E5200 F0B11AE8
S 1AE3C 60 1AF2C 00004E00 00000200 00000100 0000003E 0000003E 00000006 00000002 0000001F 0001EA4C 003E0864 003E1968 003E1968 003E0F48 003E0864 003E5200 FEFDBCDC
X 1B06E 31
X 1B11C 17
X 1B166 5
X 1B1D2 46
S 1B2B2 60 1B2D8 00000000 00000041 00000000 00000003 00000003 0000000E 0000000C 0000001B 003E3D6E 00460000 003E0F48 003E4000 003E1BC6 003E1CF6 003E5200 86D21DE8
S 1B306 60 1359E 0000B9CE 00000018 00000002 0000000C 0000000B 00000004 00000010 00000013 003C001C 003C07FC 003E1CF6 003E4000 003E0F48 003E1BC6 003E5200 F8150538
S 1B42E 60 1A5F8 00000000 003E3FE6 00000000 000000B6 00000002 00000012 00000010 00000008 003E3D12 003E02D8 003E36FA 003E36EC 003E1968 003E0F48 003E4FB4 52E1D0B6
S 1B4BE 60 19CDE 00000300 00270000 00000007 00480000 00000004 00000002 00000002 0000000F 00480000 00640000 003E4000 003E02D8 003E1BC6 003E0F48 003E5200 327B945F
X 1B538 30
S 1B612 60 1B59C 00000000 00000000 00000000 003E3E56 00480000 0000000C 00000011 00000000 003E3E56 003E4000 003E3706 003E370A 003E36EC 003E1CF6 003E5200 0F2601E6
S 1E6B2 60 1E73E 00000020 00000005 0000406F 00000000 00000004 00000019 0000000D 00000010 000D3971 002936BF 003E1968 003E0F48 003E02D8 003E4000 003E5200 4480F7C0
S 1E6DC 60 1E738 00000020 00000003 00000020 00000000 00000002 0000000B 00000015 00000005 000D37DF 003E40D0 003E02D8 003E1BC6 003E1BC6 003E0864 003E5200 94926644
S 1E720 60 1E7E4 00000000 00000000 00000000 0000001D 00000005 00000005 0000000E 00000005 003E1BCC 003E04D5 003E4000 003E0864 003E02D8 003E4000 003E5200 0467A1EB
S 1E7B8 60 1359E 0000B9CE 00000003 00000017 00000013 00000008 00000000 00000000 00000007 003C001C 003C07FC 003E02D8 003E02D8 003E02D8 003E0F48 003E5200 7B12D80B
X 1E7E4 22
X 1E8D2 0
done 753
