W 00118 48 3E4FEA:1B 3E4FEB:C6 3E4FE8:00 3E4FE9:3E 3E4FE6:00 3E4FE7:13 3E4FE4:00 3E4FE5:00 3E342F:01 3E3433:00 3E3422:00 3E3423:FF 3E342A:00 3E342B:00 3E3416:41 3E3417:9E 3E3440:00 3E3441:00 3E3442:00 3E3443:E6 3E4FE0:00 3E4FE1:01 3E4FE2:8E 3E4FE3:58 3E4FDE:34 3E4FDF:1B 3E4FDC:00 3E4FDD:3E 3E4FDA:00 3E4FDB:02 3E4FD8:00 3E4FD9:00 3E4FD4:00 3E4FD5:01 3E4FD6:8A 3E4FD7:E2 3E4FD2:00 3E4FD3:10 3E4FD0:00 3E4FD1:00 3E4FCE:00 3E4FCF:0E 3E4FCC:00 3E4FCD:00 3E4FCA:41 3E4FCB:9E 3E4FC8:00 3E4FC9:00
# taphits after first case: 263344
W 0011E 12 3E4FEA:00 3E4FEB:12 3E4FE8:00 3E4FE9:00 3E40D4:00 3E40D3:32 3E40D2:30 3E40D1:31 3E402D:31 3E402E:30 3E402F:32 3E4030:00
W 00124 48 3E4FEA:00 3E4FEB:04 3E4FE8:00 3E4FE9:00 3E4FE6:00 3E4FE7:18 3E4FE4:00 3E4FE5:00 3E4FE2:00 3E4FE3:11 3E4FE0:00 3E4FE1:00 3E4FDE:00 3E4FDF:00 3E4FDC:00 3E4FDD:00 3E4300:00 3E42FF:36 3E42FE:45 3E42FD:20 3E42FC:20 3E42FB:20 3E42FA:20 3E42F9:20 3E42F8:20 3E42F7:20 3E42F6:20 3E42F5:20 3E42F4:20 3E42F3:20 3E42F2:20 3E42F1:20 3E42F0:20 3E42EF:20 3E42EE:20 3E42ED:20 3E42EC:20 3E42EB:20 3E42EA:20 3E42E9:20 3E42E8:20 3E42E7:20 3E42E6:20 3E42E5:20 3E42E4:20 3E42E3:20 3E42E2:20 3E42E1:20
W 0012A 48 3E4FEA:00 3E4FEB:0F 3E4FE8:00 3E4FE9:00 3E4FE6:00 3E4FE7:09 3E4FE4:00 3E4FE5:00 3E4FE2:00 3E4FE3:0A 3E4FE0:00 3E4FE1:00 3E4FDE:00 3E4FDF:01 3E4FDC:00 3E4FDD:00 3E41F0:00 3E41EF:30 3E41EE:31 3E41ED:31 3E41EC:31 3E41EB:30 3E41EA:31 3E41E9:31 3E41E8:30 3E41E7:30 3E41E6:30 3E41E5:30 3E41E4:30 3E41E3:30 3E41E2:30 3E41E1:30 3E41E0:30 3E41DF:30 3E41DE:30 3E41DD:30 3E41DC:30 3E41DB:30 3E41DA:30 3E41D9:30 3E41D8:30 3E41D7:30 3E41D6:30 3E41D5:30 3E41D4:30 3E41D3:30 3E41D2:30 3E41D1:30
W 00130 44 3E4FEA:1C 3E4FEB:F6 3E4FE8:00 3E4FE9:3E 3E4FE4:00 3E4FE5:01 3E4FE6:8D 3E4FE7:B2 3E4FE2:1B 3E4FE3:C6 3E4FE0:00 3E4FE1:3E 3E4FDE:34 3E4FDF:00 3E4FDC:00 3E4FDD:3E 3E4FDA:8D 3E4FDB:24 3E4FD6:27 3E4FD7:00 3E4FD8:00 3E4FD9:01 3E4FD4:24 3E4FD5:68 3E4FD2:01 3E4FD3:01 3E4FCE:24 3E4FCF:75 3E4FD0:00 3E4FD1:00 3E4FCA:00 3E4FCB:01 3E4FCC:85 3E4FCD:6A 3E4FC6:00 3E4FC7:01 3E4FC8:86 3E4FC9:58 3E4FC4:9C 3E4FC5:30 3E4FC0:27 3E4FC1:00 3E4FC2:00 3E4FC3:01
W 00136 23 3E4FF6:00 3E4FF7:00 3E4FEA:1B 3E4FEB:C6 3E4FE8:00 3E4FE9:3E 3E4FE6:00 3E4FE7:0D 3E4FE4:00 3E4FE5:00 3E342F:01 3E3433:00 3E3422:40 3E3423:9C 3E342A:00 3E342B:00 3E3416:00 3E3417:00 3E3440:00 3E3441:00 3E3442:00 3E3443:2E 3E341B:04
W 0013C 48 3E4FEA:19 3E4FEB:68 3E4FE8:00 3E4FE9:3E 3E4FE6:00 3E4FE7:02 3E4FE4:00 3E4FE5:00 3E342F:01 3E3433:00 3E3422:00 3E3423:C6 3E342A:00 3E342B:00 3E3416:40 3E3417:5A 3E3440:00 3E3441:00 3E3442:00 3E3443:D7 3E4FE0:00 3E4FE1:01 3E4FE2:8E 3E4FE3:58 3E4FDE:34 3E4FDF:1B 3E4FDC:00 3E4FDD:3E 3E4FDA:00 3E4FDB:06 3E4FD8:00 3E4FD9:00 3E4FD6:8A 3E4FD7:9E 3E4FD2:27 3E4FD3:04 3E4FD4:00 3E4FD5:01 3E4FD0:20 3E4FD1:52 3E4FCE:00 3E4FCF:D9 3E4FCA:20 3E4FCB:55 3E4FCC:00 3E4FCD:00 3E4FC6:00 3E4FC7:01
W 00142 0 
W 00148 21 3E4FEA:02 3E4FEB:D8 3E4FE8:00 3E4FE9:3E 3E4FE6:00 3E4FE7:17 3E4FE4:00 3E4FE5:00 3E342F:01 3E3433:00 3E3422:00 3E3423:22 3E342A:00 3E342B:00 3E3416:41 3E3417:62 3E3440:00 3E3441:00 3E3442:00 3E3443:02 3E341B:03
W 0014E 48 3E340A:00 3E340B:D3 3E3406:00 3E3407:00 3E4FEA:42 3E4FEB:AB 3E4FE8:00 3E4FE9:3E 3E4FE6:00 3E4FE7:31 3E4FE4:00 3E4FE5:00 3E4FE0:00 3E4FE1:01 3E4FE2:8D 3E4FE3:E0 3E4FDE:19 3E4FDF:68 3E4FDC:00 3E4FDD:3E 3E4FDA:00 3E4FDB:12 3E4FD8:00 3E4FD9:00 3E342F:01 3E3433:00 3E3422:00 3E3423:D3 3E342A:00 3E342B:00 3E3416:42 3E3417:AB 3E3440:00 3E3441:00 3E3442:00 3E3443:31 3E4FD4:00 3E4FD5:01 3E4FD6:8E 3E4FD7:58 3E4FD2:34 3E4FD3:1B 3E4FD0:00 3E4FD1:3E 3E4FCE:00 3E4FCF:07 3E4FCC:00 3E4FCD:00
W 00154 48 3E4FEA:1B 3E4FEB:C6 3E4FE8:00 3E4FE9:3E 3E4FE6:00 3E4FE7:12 3E4FE4:00 3E4FE5:00 3E4FE0:00 3E4FE1:01 3E4FE2:8A 3E4FE3:E2 3E4FDE:00 3E4FDF:0D 3E4FDC:00 3E4FDD:00 3E4FDA:00 3E4FDB:0E 3E4FD8:00 3E4FD9:00 3E4FD6:40 3E4FD7:9E 3E4FD4:00 3E4FD5:00 3E4FD2:86 3E4FD3:00 3E4FD0:00 3E4FD1:01 3E4FCE:00 3E4FCF:90 3E4FCC:00 3E4FCD:00 3E4FCA:04 3E4FCB:34 3E4FC8:00 3E4FC9:20 3E4FC6:00 3E4FC7:61 3E4FC4:00 3E4FC5:00 3E4FC0:00 3E4FC1:01 3E4FC2:8B 3E4FC3:FA 3E4FBE:04 3E4FBF:34 3E4FBC:00 3E4FBD:20
W 0015A 14 3E4FEA:40 3E4FEB:00 3E4FE8:00 3E4FE9:3E 3E4FE6:00 3E4FE7:1C 3E4FE4:00 3E4FE5:00 3E4FE2:00 3E4FE3:0B 3E4FE0:00 3E4FE1:00 3E3404:00 3E3405:01
W 00160 48 3E340E:00 3E340F:00 3E4FE8:00 3E4FE9:01 3E4FEA:93 3E4FEB:80 3E3400:00 3E3401:00 3E3406:00 3E3407:00 3E3402:00 3E3403:00 3E3408:00 3E3409:00 3E340A:00 3E340B:00 3E3418:00 3E3436:00 3E3437:00 3E3434:00 3E3435:00 3E3419:00 3E343A:00 3E343B:00 3E3438:00 3E3439:00 3E341A:00 3E343E:00 3E343F:00 3E343C:00 3E343D:00 3E341B:00 3E3442:00 3E3443:00 3E3440:00 3E3441:00 200002:00 200003:00 200000:00 200001:00 200006:00 200007:00 200004:00 200005:00 20000A:00 20000B:00 200008:00 200009:00
W 00166 30 3E3400:00 3E3401:00 3E3406:00 3E3407:00 3E3402:00 3E3403:00 3E3408:00 3E3409:00 3E340A:00 3E340B:00 3E3418:00 3E3436:00 3E3437:00 3E3434:00 3E3435:00 3E3419:00 3E343A:00 3E343B:00 3E3438:00 3E3439:00 3E341A:00 3E343E:00 3E343F:00 3E343C:00 3E343D:00 3E341B:00 3E3442:00 3E3443:00 3E3440:00 3E3441:00
W 0016C 0 
W 00172 0 
W 00178 40 3E4FEA:1C 3E4FEB:F6 3E4FE8:00 3E4FE9:3E 3E4FE6:00 3E4FE7:02 3E4FE4:00 3E4FE5:00 3E4FE2:00 3E4FE3:1E 3E4FE0:00 3E4FE1:00 3E4FDE:00 3E4FDF:14 3E4FDC:00 3E4FDD:00 3E4FDA:00 3E4FDB:2E 3E4FD8:00 3E4FD9:00 3E4FD4:00 3E4FD5:01 3E4FD6:4A 3E4FD7:50 3E4FD2:00 3E4FD3:0A 3E4FD0:00 3E4FD1:00 3E4FCE:00 3E4FCF:02 3E4FCC:00 3E4FCD:00 3E4FCA:42 3E4FCB:B9 3E4FC8:00 3E4FC9:3E 3E4FC6:00 3E4FC7:2E 3E4FC4:00 3E4FC5:00
W 0017E 48 3E4FEA:08 3E4FEB:64 3E4FE8:00 3E4FE9:3E 3E4FE6:1C 3E4FE7:F6 3E4FE4:00 3E4FE5:3E 3E4FE2:40 3E4FE3:00 3E4FE0:00 3E4FE1:3E 3E4FDE:00 3E4FDF:01 3E4FDC:00 3E4FDD:00 3E4FDA:00 3E4FDB:10 3E4FD8:00 3E4FD9:00 3E4FD6:00 3E4FD7:0E 3E4FD4:00 3E4FD5:00 3E354B:00 3E354A:00 3E4FD2:34 3E4FD3:CC 3E4FD0:00 3E4FD1:3E 3E4FCE:00 3E4FCF:00 3E4FCC:00 3E4FCD:00 3E4FC8:00 3E4FC9:3E 3E4FCA:35 3E4FCB:36 3E4FC4:00 3E4FC5:01 3E4FC6:45 3E4FC7:AC 3E4FC0:00 3E4FC1:3E 3E4FC2:52 3E4FC3:00 3E4FBA:35 3E4FBB:36
W 00184 16 3E4FEA:00 3E4FEB:1E 3E4FE8:00 3E4FE9:00 3E4FE6:00 3E4FE7:01 3E4FE4:00 3E4FE5:00 3E4FE2:00 3E4FE3:02 3E4FE0:00 3E4FE1:00 3E4FDE:00 3E4FDF:01 3E4FDC:00 3E4FDD:00
W 0018A 36 3E4FE8:00 3E4FE9:3E 3E4FEA:52 3E4FEB:00 3E4FE2:1C 3E4FE3:F6 3E4FE0:00 3E4FE1:3E 3E4FDE:1C 3E4FDF:F6 3E4FDC:00 3E4FDD:3E 3E4FDA:1B 3E4FDB:C6 3E4FD8:00 3E4FD9:3E 3E4FD6:00 3E4FD7:1D 3E4FD4:00 3E4FD5:00 3E4FD2:00 3E4FD3:11 3E4FD0:00 3E4FD1:00 3E4FCE:00 3E4FCF:1D 3E4FCC:00 3E4FCD:00 3E4FCA:00 3E4FCB:1C 3E4FC8:00 3E4FC9:00 3E4FC6:00 3E4FC7:13 3E4FC4:00 3E4FC5:00
W 00190 48 3E4FEA:1C 3E4FEB:F6 3E4FE8:00 3E4FE9:3E 3E4FE6:00 3E4FE7:0A 3E4FE4:00 3E4FE5:00 3E4FE2:00 3E4FE3:12 3E4FE0:00 3E4FE1:00 3E4FDE:00 3E4FDF:13 3E4FDC:00 3E4FDD:00 3E4FDA:00 3E4FDB:18 3E4FD8:00 3E4FD9:00 3E4FD6:00 3E4FD7:00 3E4FD4:00 3E4FD5:00 3E4FD2:40 3E4FD3:CE 3E4FD0:00 3E4FD1:00 3E4FCE:00 3E4FCF:20 3E4FCC:00 3E4FCD:00 3E4FC8:00 3E4FC9:01 3E4FCA:4B 3E4FCB:AA 3E4FC6:00 3E4FC7:12 3E4FC4:00 3E4FC5:00 3E4FC2:00 3E4FC3:13 3E4FC0:00 3E4FC1:00 3E4FBE:00 3E4FBF:20 3E4FBC:00 3E4FBD:00
W 00196 48 3E4FE8:00 3E4FE9:3E 3E4FEA:52 3E4FEB:00 3E4FE2:08 3E4FE3:64 3E4FE0:00 3E4FE1:3E 3E4FDE:40 3E4FDF:00 3E4FDC:00 3E4FDD:3E 3E4FDA:00 3E4FDB:02 3E4FD8:00 3E4FD9:00 3E4FD6:00 3E4FD7:08 3E4FD4:00 3E4FD5:00 3E4FD2:00 3E4FD3:04 3E4FD0:00 3E4FD1:00 3E4FCE:00 3E4FCF:04 3E4FCC:00 3E4FCD:00 3E4FCA:00 3E4FCB:0B 3E4FC8:00 3E4FC9:00 3E4FC4:00 3E4FC5:3E 3E4FC6:4F 3E4FC7:E4 3E4FC2:00 3E4FC3:54 3E4FC0:00 3E4FC1:00 3E4FBE:00 3E4FBF:6F 3E4FBC:00 3E4FBD:00 3E4FB8:00 3E4FB9:01 3E4FBA:4C 3E4FBB:66
W 0019C 48 3E4FE8:00 3E4FE9:3E 3E4FEA:52 3E4FEB:00 3E4FE2:19 3E4FE3:68 3E4FE0:00 3E4FE1:3E 3E4FDE:00 3E4FDF:00 3E4FDC:00 3E4FDD:00 3E4FDA:00 3E4FDB:13 3E4FD8:00 3E4FD9:00 3E4FD6:00 3E4FD7:06 3E4FD4:00 3E4FD5:00 3E4FD0:00 3E4FD1:3E 3E4FD2:4F 3E4FD3:E4 3E4FCE:41 3E4FCF:3E 3E4FCC:00 3E4FCD:00 3E4FCA:00 3E4FCB:00 3E4FC8:00 3E4FC9:00 3E4FC4:00 3E4FC5:01 3E4FC6:4D 3E4FC7:6A 3E4FC2:00 3E4FC3:00 3E4FC0:00 3E4FC1:00 3E4FBE:00 3E4FBF:13 3E4FBC:00 3E4FBD:00 3E4FBA:00 3E4FBB:88 3E4FB8:00 3E4FB9:00
W 001A2 28 3E4FEA:00 3E4FEB:0B 3E4FE8:00 3E4FE9:00 3E4FE6:00 3E4FE7:0E 3E4FE4:00 3E4FE5:00 3E4FE2:00 3E4FE3:1F 3E4FE0:00 3E4FE1:00 3E4FDE:00 3E4FDF:15 3E4FDC:00 3E4FDD:00 3E4FDA:40 3E4FDB:55 3E4FD8:00 3E4FD9:00 3E4FD6:00 3E4FD7:18 3E4FD4:00 3E4FD5:00 3E4FD0:00 3E4FD1:01 3E4FD2:50 3E4FD3:86
W 001A8 41 3E4FEA:02 3E4FEB:D8 3E4FE8:00 3E4FE9:3E 3E4FE6:0F 3E4FE7:48 3E4FE4:00 3E4FE5:3E 3E4FE2:00 3E4FE3:18 3E4FE0:00 3E4FE1:00 3E4FDE:00 3E4FDF:17 3E4FDC:00 3E4FDD:00 3E4FDA:00 3E4FDB:1F 3E4FD8:00 3E4FD9:00 3E3660:00 3E3661:00 3E3662:08 3E3663:72 3E3634:07 3E3635:56 3E3632:00 3E3633:00 3E3640:07 3E3641:56 3E363E:00 3E363F:00 3E3628:07 3E3629:56 3E3626:00 3E3627:00 3E365E:08 3E365F:72 3E365C:00 3E365D:00 3E365A:A8
W 001AE 0 
W 001B4 48 3E4FEA:00 3E4FEB:09 3E4FE8:00 3E4FE9:00 3E4FE4:00 3E4FE5:01 3E4FE6:56 3E4FE7:A8 3E4FE2:02 3E4FE3:D8 3E4FE0:00 3E4FE1:3E 3E4FDE:02 3E4FDF:D8 3E4FDC:00 3E4FDD:3E 3E4FDA:00 3E4FDB:06 3E4FD8:00 3E4FD9:00 3E4FD6:00 3E4FD7:12 3E4FD4:00 3E4FD5:00 3E4FD2:00 3E4FD3:1C 3E4FD0:00 3E4FD1:00 3E3660:00 3E3661:00 3E3662:08 3E3663:72 3E3634:07 3E3635:56 3E3632:00 3E3633:00 3E3640:07 3E3641:56 3E363E:00 3E363F:00 3E3628:07 3E3629:56 3E3626:00 3E3627:00 3E365E:08 3E365F:72 3E365C:00 3E365D:00
W 001BA 48 3E4FEA:0F 3E4FEB:48 3E4FE8:00 3E4FE9:3E 3E4FE6:08 3E4FE7:64 3E4FE4:00 3E4FE5:3E 3E4FE2:00 3E4FE3:19 3E4FE0:00 3E4FE1:00 3E4FDE:00 3E4FDF:0F 3E4FDC:00 3E4FDD:00 3E4FDA:00 3E4FDB:06 3E4FD8:00 3E4FD9:00 3E4FD6:00 3E4FD7:1A 3E4FD4:00 3E4FD5:00 3E4FD2:00 3E4FD3:03 3E4FD0:00 3E4FD1:00 3E4FCE:00 3E4FCF:71 3E4FCC:00 3E4FCD:00 3E4FC8:00 3E4FC9:01 3E4FCA:56 3E4FCB:E6 3E4FC6:00 3E4FC7:09 3E4FC4:00 3E4FC5:00 3E4FC0:00 3E4FC1:01 3E4FC2:56 3E4FC3:A8 3E4FBE:0F 3E4FBF:48 3E4FBC:00 3E4FBD:3E
W 001C0 48 3E4FEA:00 3E4FEB:0C 3E4FE8:00 3E4FE9:00 3E4FE4:00 3E4FE5:01 3E4FE6:60 3E4FE7:C6 3E340E:00 3E340F:00 3E4FE0:00 3E4FE1:01 3E4FE2:93 3E4FE3:80 3E3400:00 3E3401:00 3E3406:00 3E3407:00 3E3402:00 3E3403:00 3E3408:00 3E3409:00 3E340A:00 3E340B:00 3E3418:00 3E3436:00 3E3437:00 3E3434:00 3E3435:00 3E3419:00 3E343A:00 3E343B:00 3E3438:00 3E3439:00 3E341A:00 3E343E:00 3E343F:00 3E343C:00 3E343D:00 3E341B:00 3E3442:00 3E3443:00 3E3440:00 3E3441:00 200002:00 200003:00 200000:00 200001:00
W 001CA 44 3E4FEA:1C 3E4FEB:F6 3E4FE8:00 3E4FE9:3E 3E4FE6:0F 3E4FE7:48 3E4FE4:00 3E4FE5:3E 3E4FE2:08 3E4FE3:64 3E4FE0:00 3E4FE1:3E 3E4FDE:00 3E4FDF:1E 3E4FDC:00 3E4FDD:00 3E4FDA:8E 3E4FDB:DE 3E4FD6:27 3E4FD7:04 3E4FD8:00 3E4FD9:01 3E4FD4:26 3E4FD5:5A 3E4FD2:00 3E4FD3:AD 3E4FCE:26 3E4FCF:55 3E4FD0:00 3E4FD1:00 3E4FCA:00 3E4FCB:01 3E4FCC:85 3E4FCD:6A 3E4FC6:00 3E4FC7:01 3E4FC8:86 3E4FC9:58 3E4FC4:9C 3E4FC5:30 3E4FC0:27 3E4FC1:04 3E4FC2:00 3E4FC3:01
W 001D0 32 3E4FEA:1B 3E4FEB:C6 3E4FE8:00 3E4FE9:3E 3E4FE6:0F 3E4FE7:48 3E4FE4:00 3E4FE5:3E 3E4FE2:1C 3E4FE3:F6 3E4FE0:00 3E4FE1:3E 3E4FDE:00 3E4FDF:01 3E4FDC:00 3E4FDD:00 204352:00 204353:00 204350:00 204351:00 2043D2:00 2043D3:00 2043D0:00 2043D1:00 204452:00 204453:00 204450:00 204451:00 2044D2:00 2044D3:00 2044D0:00 2044D1:00
W 001D6 48 3E4FEA:0F 3E4FEB:48 3E4FE8:00 3E4FE9:3E 3E4FE6:1C 3E4FE7:F6 3E4FE4:00 3E4FE5:3E 3E4FE2:00 3E4FE3:09 3E4FE0:00 3E4FE1:00 3E4FDE:00 3E4FDF:19 3E4FDC:00 3E4FDD:00 3E4FDA:00 3E4FDB:C0 3E4FD8:00 3E4FD9:00 3E4FD6:00 3E4FD7:88 3E4FD4:00 3E4FD5:00 3E4FD2:FF 3E4FD3:AE 3E4FD0:00 3E4FD1:00 3E4FCC:00 3E4FCD:01 3E4FCE:8F 3E4FCF:92 3E4FCA:00 3E4FCB:88 3E4FC8:00 3E4FC9:00 3E4FC6:00 3E4FC7:02 3E4FC4:00 3E4FC5:80 3E4FC2:00 3E4FC3:02 3E4FC0:00 3E4FC1:00 3E4FBE:00 3E4FBF:00 3E4FBC:00 3E4FBD:00
W 001DC 48 3E4FEA:1C 3E4FEB:F6 3E4FE8:00 3E4FE9:3E 3E4FE6:1C 3E4FE7:F6 3E4FE4:00 3E4FE5:3E 3E4FE2:00 3E4FE3:02 3E4FE0:00 3E4FE1:00 3E4FDE:00 3E4FDF:1E 3E4FDC:00 3E4FDD:00 3E4FDA:00 3E4FDB:F0 3E4FD8:00 3E4FD9:00 3E4FD6:00 3E4FD7:73 3E4FD4:00 3E4FD5:00 3E4FD2:01 3E4FD3:F6 3E4FD0:00 3E4FD1:00 3E4FCC:00 3E4FCD:01 3E4FCE:8F 3E4FCF:92 3E4FCA:00 3E4FCB:73 3E4FC8:00 3E4FC9:00 3E4FC6:00 3E4FC7:80 3E4FC4:FF 3E4FC5:FE 3E4FC2:00 3E4FC3:11 3E4FC0:00 3E4FC1:00 3E4FBE:00 3E4FBF:00 3E4FBC:00 3E4FBD:00
W 001E2 0 
W 001E8 2 2000C8:42 2000C9:10
W 001EE 0 
W 001F4 8 3E4FE8:00 3E4FE9:01 3E4FEA:6B 3E4FEB:CE 3E4FE8:00 3E4FE9:01 3E4FEA:6B 3E4FEB:D8
W 001FA 27 3E4FE8:00 3E4FE9:00 3E4FEA:00 3E4FEB:14 3E4FE4:00 3E4FE5:01 3E4FE6:3F 3E4FE7:4A 3E4FE2:00 3E4FE3:0B 3E4FE0:00 3E4FE1:00 3E4FDE:00 3E4FDF:1A 3E4FDC:00 3E4FDD:00 3E4FDA:00 3E4FDB:10 3E4FD8:00 3E4FD9:00 3E4FD6:00 3E4FD7:00 3E4FD4:00 3E4FD5:00 3E3444:00 3E3445:00 3E344A:01
W 00200 0 
W 00206 0 
W 0020C 8 3E4FEA:00 3E4FEB:12 3E4FE8:00 3E4FE9:00 3E4FE4:00 3E4FE5:01 3E4FE6:41 3E4FE7:A0
W 00212 24 3E4FEA:40 3E4FEB:00 3E4FE8:00 3E4FE9:3E 3E4FE6:19 3E4FE7:68 3E4FE4:00 3E4FE5:3E 3E4FE2:00 3E4FE3:1D 3E4FE0:00 3E4FE1:00 3E4FDE:00 3E4FDF:1F 3E4FDC:00 3E4FDD:00 3E4FDA:00 3E4FDB:15 3E4FD8:00 3E4FD9:00 3E4FD4:00 3E4FD5:01 3E4FD6:40 3E4FD7:66
W 00218 37 3E4FEA:00 3E4FEB:07 3E4FE8:00 3E4FE9:00 3E4FE4:00 3E4FE5:01 3E4FE6:41 3E4FE7:16 3E4FE4:00 3E4FE5:01 3E4FE6:41 3E4FE7:22 3E4FE2:08 3E4FE3:64 3E4FE0:00 3E4FE1:3E 3E4FDE:19 3E4FDF:68 3E4FDC:00 3E4FDD:3E 3E4FDA:00 3E4FDB:0C 3E4FD8:00 3E4FD9:00 3E4FD6:00 3E4FD7:11 3E4FD4:00 3E4FD5:00 3E4FD2:00 3E4FD3:01 3E4FD0:00 3E4FD1:00 3E4FCC:00 3E4FCD:01 3E4FCE:40 3E4FCF:66 3E3448:06
W 0021E 12 3E4FEA:1C 3E4FEB:F6 3E4FE8:00 3E4FE9:3E 3E4FE6:00 3E4FE7:08 3E4FE4:00 3E4FE5:00 3E4FE0:00 3E4FE1:01 3E4FE2:41 3E4FE3:56
W 00224 0 
W 0022A 48 3E4FEA:00 3E4FEB:06 3E4FE8:00 3E4FE9:00 3E4FE6:00 3E4FE7:19 3E4FE4:00 3E4FE5:00 3E4FE2:00 3E4FE3:02 3E4FE0:00 3E4FE1:00 3E4FDC:00 3E4FDD:01 3E4FDE:41 3E4FDF:F2 3E4FDA:00 3E4FDB:0C 3E4FD8:00 3E4FD9:00 3E4FD6:00 3E4FD7:14 3E4FD4:00 3E4FD5:00 3E4FD2:00 3E4FD3:00 3E4FD0:00 3E4FD1:00 3E4FCE:00 3E4FCF:02 3E4FCC:00 3E4FCD:00 3E4FE2:00 3E4FE3:01 3E4FE0:00 3E4FE1:00 3E4FDC:00 3E4FDD:01 3E4FDE:41 3E4FDF:F2 3E4FDA:00 3E4FDB:0C 3E4FD8:00 3E4FD9:00 3E4FD6:00 3E4FD7:14 3E4FD4:00 3E4FD5:00
W 00230 48 3E4FE8:00 3E4FE9:01 3E4FEA:42 3E4FEB:40 3E4FEA:00 3E4FEB:01 3E4FE8:00 3E4FE9:00 3E4FE4:00 3E4FE5:01 3E4FE6:42 3E4FE7:50 3E4FE2:00 3E4FE3:04 3E4FE0:00 3E4FE1:00 3E4FDE:00 3E4FDF:02 3E4FDC:00 3E4FDD:00 3E4FDA:00 3E4FDB:02 3E4FD8:00 3E4FD9:00 3E4FD4:00 3E4FD5:01 3E4FD6:41 3E4FD7:F2 3E4FD2:00 3E4FD3:1F 3E4FD0:00 3E4FD1:00 3E4FCE:00 3E4FCF:01 3E4FCC:00 3E4FCD:00 3E4FCA:00 3E4FCB:00 3E4FC8:00 3E4FC9:00 3E4FC6:00 3E4FC7:02 3E4FC4:00 3E4FC5:00 3E4FDA:00 3E4FDB:01 3E4FD8:00 3E4FD9:00
W 00236 9 3E4FEA:00 3E4FEB:10 3E4FE8:00 3E4FE9:00 3E3D5C:3D 3E3D5D:4D 3E3D5A:00 3E3D5B:3E 3E3D4D:20
W 0023C 48 3E4FEA:02 3E4FEB:D8 3E4FE8:00 3E4FE9:3E 3E4FE6:40 3E4FE7:00 3E4FE4:00 3E4FE5:3E 3E4FE2:00 3E4FE3:19 3E4FE0:00 3E4FE1:00 3E3704:0D 3E36E8:00 3E3D5A:00 3E3D5B:3E 3E3D5C:3D 3E3D5D:46 3E3D56:00 3E3D57:3E 3E3D58:3D 3E3D59:46 3E3D66:00 3E3D67:3E 3E3D68:3D 3E3D69:5E 3E3D62:00 3E3D63:3E 3E3D64:3D 3E3D65:5E 3E3D6A:00 3E3D0E:00 3E3D0F:3E 3E3D10:37 3E3D11:0E 3E370E:00 3E370F:3E 3E3710:37 3E3711:6E 3E3722:00 3E3716:00 3E3717:00 3E3724:00 3E3732:00 3E3733:00 3E376D:00 3E376E:00 3E376F:3E
W 00242 48 3E4FEA:00 3E4FEB:1C 3E4FE8:00 3E4FE9:00 3E4FE4:00 3E4FE5:01 3E4FE6:68 3E4FE7:58 3E340E:00 3E340F:00 3E4FE0:00 3E4FE1:01 3E4FE2:93 3E4FE3:80 3E3400:00 3E3401:00 3E3406:00 3E3407:00 3E3402:00 3E3403:00 3E3408:00 3E3409:00 3E340A:00 3E340B:00 3E3418:00 3E3436:00 3E3437:00 3E3434:00 3E3435:00 3E3419:00 3E343A:00 3E343B:00 3E3438:00 3E3439:00 3E341A:00 3E343E:00 3E343F:00 3E343C:00 3E343D:00 3E341B:00 3E3442:00 3E3443:00 3E3440:00 3E3441:00 200002:00 200003:00 200000:00 200001:00
W 00248 16 3E4FEA:00 3E4FEB:11 3E4FE8:00 3E4FE9:00 3E4FE6:00 3E4FE7:03 3E4FE4:00 3E4FE5:00 3E4FE2:00 3E4FE3:19 3E4FE0:00 3E4FE1:00 3E4FDE:00 3E4FDF:DB 3E4FDC:00 3E4FDD:00
W 0024E 48 3E4FE8:00 3E4FE9:3E 3E4FEA:52 3E4FEB:00 3E4FD6:00 3E4FD7:00 3E4FD4:00 3E4FD5:00 3E4FD2:42 3E4FD3:33 3E4FD0:00 3E4FD1:3E 3E4FCC:00 3E4FCD:3E 3E4FCE:4F 3E4FCF:D8 3E4FCA:00 3E4FCB:5D 3E4FC8:00 3E4FC9:00 3E4FC4:00 3E4FC5:01 3E4FC6:8B 3E4FC7:3E 3E4FC2:00 3E4FC3:19 3E4FC0:00 3E4FC1:00 3E920B:00 3E920A:33 3E9209:39 3E9208:30 3E9207:30 3E9206:30 3E9205:30 3E9204:30 3E9203:30 3E9202:30 3E9201:30 3E9200:30 3E91FF:30 3E91FE:30 3E91FD:30 3E91FC:30 3E91FB:30 3E91FA:30 3E91F9:30 3E91F8:30
W 00254 0 
W 0025A 49 3E4FF6:3E 3E4FFC:00 3E4FFD:00 3E4FEA:41 3E4FEB:50 3E4FE8:00 3E4FE9:00 3E4FE4:00 3E4FE5:3E 3E4FE6:4F 3E4FE7:F6 3E4FE0:00 3E4FE1:01 3E4FE2:90 3E4FE3:F2 3E4FDE:02 3E4FDF:D8 3E4FDC:00 3E4FDD:3E 3E4FDA:1C 3E4FDB:F6 3E4FD8:00 3E4FD9:3E 3E4FD6:08 3E4FD7:64 3E4FD4:00 3E4FD5:3E 3E4FD2:00 3E4FD3:1C 3E4FD0:00 3E4FD1:00 3E4FCC:00 3E4FCD:01 3E4FCE:8E 3E4FCF:EE 3E4FCA:00 3E4FCB:B6 3E4FC8:00 3E4FC9:00 3E4FC6:4F 3E4FC7:FC 3E4FC4:00 3E4FC5:3E 3E4FC2:00 3E4FC3:17 3E4FC0:00 3E4FC1:00 3E4FBE:00 3E4FBF:00
W 00260 48 3E4FE8:00 3E4FE9:3E 3E4FEA:52 3E4FEB:00 3E4FD6:00 3E4FD7:00 3E4FD4:00 3E4FD5:00 3E4FD2:42 3E4FD3:01 3E4FD0:00 3E4FD1:3E 3E4FCC:00 3E4FCD:3E 3E4FCE:4F 3E4FCF:D8 3E4FCA:00 3E4FCB:14 3E4FC8:00 3E4FC9:00 3E4FC4:00 3E4FC5:01 3E4FC6:90 3E4FC7:A2 3E4FC2:00 3E4FC3:09 3E4FC0:00 3E4FC1:00 3E91D9:00 3E91D8:30 3E91D7:32 3E91D6:30 3E91D5:30 3E91D4:30 3E91D3:30 3E91D2:30 3E91D1:30 3E91D0:30 3E91CF:30 3E91CE:30 3E91CD:30 3E91CC:30 3E91CB:30 3E91CA:30 3E91C9:30 3E91C8:30 3E91C7:30 3E91C6:30
W 00266 48 3E4FE8:00 3E4FE9:3E 3E4FEA:52 3E4FEB:00 3E4FD6:00 3E4FD7:00 3E4FD4:40 3E4FD5:82 3E4FD2:40 3E4FD3:82 3E4FD0:00 3E4FD1:3E 3E4FCC:00 3E4FCD:3E 3E4FCE:4F 3E4FCF:D8 3E4FCA:00 3E4FCB:2C 3E4FC8:00 3E4FC9:00 3E4FC4:00 3E4FC5:01 3E4FC6:90 3E4FC7:D8 3E4FC2:00 3E4FC3:16 3E4FC0:00 3E4FC1:00 3E4FBE:00 3E4FBF:03 3E4FBC:00 3E4FBD:00 3E4FBA:00 3E4FBB:1B 3E4FB8:00 3E4FB9:00 3E4FB6:00 3E4FB7:14 3E4FB4:00 3E4FB5:00 3E905A:00 3E9059:43 3E9058:32 3E9057:30 3E9056:30 3E9055:30 3E9054:30 3E9053:30
W 0026C 4 3E3D8E:04 3E3D8F:3F 3E3D8E:04 3E3D8F:3F
W 00272 48 3E4FEA:00 3E4FEB:00 3E4FE8:00 3E4FE9:00 3E4FE4:00 3E4FE5:00 3E4FE6:00 3E4FE7:01 3E4FE2:00 3E4FE3:13 3E4FE0:00 3E4FE1:00 3E4FDC:00 3E4FDD:00 3E4FDE:00 3E4FDF:05 3E4FD8:00 3E4FD9:01 3E4FDA:58 3E4FDB:52 3E4FD6:00 3E4FD7:15 3E4FD4:00 3E4FD5:00 3E4FD2:00 3E4FD3:03 3E4FD0:00 3E4FD1:00 3E4FCE:00 3E4FCF:14 3E4FCC:00 3E4FCD:00 3E4FCA:00 3E4FCB:14 3E4FC8:00 3E4FC9:00 3E4FC6:00 3E4FC7:13 3E4FC4:00 3E4FC5:00 3E4FC2:00 3E4FC3:05 3E4FC0:00 3E4FC1:00 3E4FBC:00 3E4FBD:01 3E4FBE:50 3E4FBF:86
W 00278 48 3E4FE8:00 3E4FE9:00 3E4FEA:00 3E4FEB:01 3E4FE4:00 3E4FE5:00 3E4FE6:00 3E4FE7:0D 3E4FE0:00 3E4FE1:01 3E4FE2:58 3E4FE3:66 3E4FDE:19 3E4FDF:68 3E4FDC:00 3E4FDD:3E 3E4FDA:00 3E4FDB:15 3E4FD8:00 3E4FD9:00 3E4FD6:00 3E4FD7:0D 3E4FD4:00 3E4FD5:00 3E4FD2:00 3E4FD3:12 3E4FD0:00 3E4FD1:00 3E4FCE:00 3E4FCF:0D 3E4FCC:00 3E4FCD:00 3E4FC8:00 3E4FC9:01 3E4FCA:4A 3E4FCB:50 3E4FC6:00 3E4FC7:13 3E4FC4:00 3E4FC5:00 3E4FC2:00 3E4FC3:15 3E4FC0:00 3E4FC1:00 3E4FBE:00 3E4FBF:01 3E4FBC:00 3E4FBD:00
W 0027E 6 3E4FEA:9C 3E4FEB:30 3E4FE6:27 3E4FE7:00 3E4FE8:00 3E4FE9:01
W 00286 0 
W 0028C 48 3E4FE8:00 3E4FE9:3E 3E4FEA:52 3E4FEB:00 3E4FD6:41 3E4FD7:E6 3E4FD4:00 3E4FD5:3E 3E5006:02 3E5006:06 3E4FD2:00 3E4FD3:00 3E4FD0:00 3E4FD1:00 3E4FCC:00 3E4FCD:00 3E4FCE:00 3E4FCF:64 3E4FC8:00 3E4FC9:3E 3E4FCA:4F 3E4FCB:D8 3E4FC6:00 3E4FC7:91 3E4FC4:00 3E4FC5:00 3E4FC0:00 3E4FC1:01 3E4FC2:90 3E4FC3:82 3E4FBE:64 3E4FBF:6F 3E4FBC:00 3E4FBD:3E 3E4FBA:00 3E4FBB:01 3E4FB8:00 3E4FB9:00 3E4FB6:41 3E4FB7:E6 3E4FB4:00 3E4FB5:00 3E4FB2:64 3E4FB3:6F 3E4FB0:00 3E4FB1:3E 3E4FAE:00 3E4FAF:91
W 00292 0 
W 00300 48 3E4FE8:00 3E4FE9:00 3E4FEA:03 3E4FEB:F0 3E3F00:00 3E3F01:09 3E3F02:00 3E3F03:0D 3E3F04:00 3E3F05:0A 3E3F06:00 3E3F07:0E 3E3F08:5B 3E3F09:95 3E3F0A:10 3E3F0B:16 3E3F0C:B0 3E3F0D:87 3E0802:00 3E0803:00 3E0800:00 3E0801:00 3E4FE8:00 3E4FE9:00 3E4FEA:91 3E4FEB:8C 3E4FE6:00 3E4FE7:00 3E4FE4:00 3E4FE5:00 3E4FE2:00 3E4FE3:18 3E4FE0:00 3E4FE1:00 3E4FDC:00 3E4FDD:00 3E4FDE:5C 3E4FDF:D8 3E0804:27 3E0805:00 3E02CA:00 3E02CB:00 3E02CC:00 3E02CD:00 3E02C6:00 3E02C7:01 3E02C8:00 3E02C9:47
W 00306 48 3E0802:00 3E0803:01 3E4FE8:00 3E4FE9:00 3E4FEA:05 3E4FEB:9C 3E4FE8:00 3E4FE9:00 3E4FEA:05 3E4FEB:A2 3E4FE6:08 3E4FE7:64 3E4FE4:00 3E4FE5:3E 3E4FE2:40 3E4FE3:00 3E4FE0:00 3E4FE1:3E 3E4FDE:00 3E4FDF:0A 3E4FDC:00 3E4FDD:00 3E4FDA:00 3E4FDB:17 3E4FD8:00 3E4FD9:00 3E4FD6:00 3E4FD7:02 3E4FD4:00 3E4FD5:00 3E4FD2:00 3E4FD3:14 3E4FD0:00 3E4FD1:00 3E4FCE:00 3E4FCF:1F 3E4FCC:00 3E4FCD:00 3E4FCA:00 3E4FCB:16 3E4FC8:00 3E4FC9:00 3E4FE8:00 3E4FE9:00 3E4FEA:05 3E4FEB:A8 3E4FE6:40 3E4FE7:00
W 0042A 48 3E4FE8:00 3E4FE9:00 3E4FEA:91 3E4FEB:8C 3E4FE6:00 3E4FE7:10 3E4FE4:00 3E4FE5:00 3E4FE2:00 3E4FE3:1E 3E4FE0:00 3E4FE1:00 3E4FDC:00 3E4FDD:00 3E4FDE:5C 3E4FDF:D8 3E0804:27 3E0805:00 3E02CA:00 3E02CB:00 3E02CC:00 3E02CD:00 3E02C6:00 3E02C7:01 3E02C8:00 3E02C9:47 3E02B2:00 3E02B3:00 3E02B0:00 3E02B1:00 3E0006:00 3E0007:00 3E0004:00 3E0005:00 3E0002:00 3E0003:00 3E0000:00 3E0001:01 3E000E:00 3E000F:00 3E000C:00 3E000D:00 3E000A:00 3E000B:00 3E0008:00 3E0009:02 3E0016:00 3E0017:00
W 00430 48 3E4FEA:1C 3E4FEB:F6 3E4FE8:00 3E4FE9:3E 3E4FE6:40 3E4FE7:00 3E4FE4:00 3E4FE5:3E 3E4FE2:00 3E4FE3:1F 3E4FE0:00 3E4FE1:00 3E4FDE:00 3E4FDF:09 3E4FDC:00 3E4FDD:00 3E4FDA:00 3E4FDB:00 3E4FD8:00 3E4FD9:00 3E4FD6:FF 3E4FD7:FF 3E4FD4:FF 3E4FD5:FF 3E4FD2:AA 3E4FD3:AA 3E4FD0:AA 3E4FD1:AA 3E4FCE:55 3E4FCF:55 3E4FCC:55 3E4FCD:55 3E4FDA:55 3E4FDB:55 3E4FD8:55 3E4FD9:55 3E4FDA:55 3E4FDB:55 3E4FD8:55 3E4FD9:55 3E4FD6:00 3E4FD7:00 3E4FD4:00 3E4FD5:00 3E4FD2:FF 3E4FD3:FF 3E4FD0:FF 3E4FD1:FF
W 00438 48 3E1CF6:00 3E1CF7:95 3E4FEA:00 3E4FEB:00 3E4FE8:00 3E4FE9:00 3E4FE6:FF 3E4FE7:FF 3E4FE4:FF 3E4FE5:FF 3E4FE2:AA 3E4FE3:AA 3E4FE0:AA 3E4FE1:AA 3E4FDE:00 3E4FDF:00 3E4FDC:00 3E4FDD:00 3E4FEA:00 3E4FEB:00 3E4FE8:00 3E4FE9:00 3E4FEA:00 3E4FEB:00 3E4FE8:00 3E4FE9:00 3E4FE6:00 3E4FE7:00 3E4FE4:00 3E4FE5:00 3E4FE2:FF 3E4FE3:FF 3E4FE0:FF 3E4FE1:FF 3E4FDE:AA 3E4FDF:AA 3E4FDC:AA 3E4FDD:AA 3E4FEA:AA 3E4FEB:AA 3E4FE8:AA 3E4FE9:AA 3E4FEA:AA 3E4FEB:AA 3E4FE8:AA 3E4FE9:AA 3E4FE6:00 3E4FE7:00
W 00512 2 3E0802:00 3E0803:00
W 0052A 2 3E0802:00 3E0803:00
W 00534 6 3E1CF8:00 3E1CF9:97 3E1CF6:00 3E1CFA:00 3E1CFC:50 3E1CFD:C6
W 00580 48 3E0802:00 3E0803:01 3E4FE8:00 3E4FE9:00 3E4FEA:05 3E4FEB:9C 3E4FE8:00 3E4FE9:00 3E4FEA:05 3E4FEB:A2 3E4FE6:40 3E4FE7:00 3E4FE4:00 3E4FE5:3E 3E4FE2:08 3E4FE3:64 3E4FE0:00 3E4FE1:3E 3E4FDE:00 3E4FDF:07 3E4FDC:00 3E4FDD:00 3E4FDA:00 3E4FDB:08 3E4FD8:00 3E4FD9:00 3E4FD6:00 3E4FD7:00 3E4FD4:00 3E4FD5:00 3E4FD2:00 3E4FD3:04 3E4FD0:00 3E4FD1:00 3E4FCE:00 3E4FCF:02 3E4FCC:00 3E4FCD:00 3E4FCA:00 3E4FCB:06 3E4FC8:00 3E4FC9:00 3E4FE8:00 3E4FE9:00 3E4FEA:05 3E4FEB:A8 3E4FE6:08 3E4FE7:64
W 005B4 8 3E4FEA:00 3E4FEB:11 3E4FE8:00 3E4FE9:00 3E0844:00 3E084A:FF 3E4FE6:00 3E0844:00
W 00618 0 
W 00620 48 3E4FEA:06 3E4FEB:24 3E4FE6:20 3E4FE7:00 3E4FE8:00 3E4FE9:00 3E4FE4:02 3E4FE5:D8 3E4FE2:00 3E4FE3:3E 3E4FE0:08 3E4FE1:64 3E4FDE:00 3E4FDF:3E 3E4FDC:00 3E4FDD:0A 3E4FDA:00 3E4FDB:00 3E4FD8:00 3E4FD9:0F 3E4FD6:00 3E4FD7:00 3E4FD2:00 3E4FD3:01 3E4FD4:33 3E4FD5:BC 3E4FD0:00 3E4FD1:12 3E4FCE:00 3E4FCF:00 3E3675:00 3E3672:C8 3E3676:00 3E3673:C8 3E3677:00 3E3674:C8 3E367B:FF 3E367B:07 3E3D8E:84 3E3D8F:3F 3E4FD2:00 3E4FD3:01 3E4FD4:33 3E4FD5:C8 3E4FCE:00 3E4FCF:01 3E4FD0:33 3E4FD1:F8
W 00626 20 3E4FEA:34 3E4FEB:46 3E4FE6:00 3E4FE7:04 3E4FE8:00 3E4FE9:3E 3E4FE2:00 3E4FE3:01 3E4FE4:85 3E4FE5:7C 3E4FDE:00 3E4FDF:01 3E4FE0:86 3E4FE1:58 3E4FDC:9C 3E4FDD:30 3E4FD8:20 3E4FD9:04 3E4FDA:00 3E4FDB:01
W 0062E 0 
W 00642 0 
W 0064A 2 3E0804:27 3E0805:00
W 00656 48 3E4FEA:06 3E4FEB:5C 3E4FE6:23 3E4FE7:09 3E4FE8:00 3E4FE9:00 3E4FE4:19 3E4FE5:68 3E4FE2:00 3E4FE3:3E 3E4FE0:0F 3E4FE1:48 3E4FDE:00 3E4FDF:3E 3E4FDC:00 3E4FDD:0A 3E4FDA:00 3E4FDB:00 3E4FD8:00 3E4FD9:0D 3E4FD6:00 3E4FD7:00 3E4FD2:00 3E4FD3:01 3E4FD4:33 3E4FD5:BC 3E4FD0:00 3E4FD1:0F 3E4FCE:00 3E4FCF:00 3E3675:00 3E3672:C8 3E3676:00 3E3673:C8 3E3677:00 3E3674:C8 3E367B:FF 3E367B:07 3E3D8E:84 3E3D8F:3F 3E4FD2:00 3E4FD3:01 3E4FD4:33 3E4FD5:C8 3E4FCE:00 3E4FCF:01 3E4FD0:33 3E4FD1:F8
W 00660 48 3E0844:00 3E0845:00 3E0846:00 3E0847:00 3E0848:00 3E0849:00 3E084A:00 3E084B:00 3E084C:00 3E084D:00 3E084E:00 3E084F:00 3E0850:00 3E0851:00 3E0852:00 3E0853:00 3E0854:00 3E0855:00 3E0856:00 3E0857:00 3E0858:00 3E0859:00 3E085A:00 3E085B:00 3E085C:00 3E085D:00 3E085E:00 3E085F:00 3E0860:00 3E0861:00 3E0862:00 3E0863:00 3E0864:00 3E0865:00 3E0866:00 3E0867:00 3E0868:00 3E0869:00 3E086A:00 3E086B:00 3E086C:00 3E086D:00 3E086E:00 3E086F:00 3E0870:00 3E0871:00 3E0872:00 3E0873:00
W 00686 48 3E4FEA:19 3E4FEB:68 3E4FE8:00 3E4FE9:3E 3E4FE6:00 3E4FE7:0F 3E4FE4:00 3E4FE5:00 3E4FE2:00 3E4FE3:07 3E4FE0:00 3E4FE1:00 3E4FDE:00 3E4FDF:00 3E4FDC:00 3E4FDD:00 3E4FDA:32 3E4FDB:FF 3E4FD8:00 3E4FD9:3E 3E4FD6:00 3E4FD7:00 3E4FD2:00 3E4FD3:00 3E4FD4:06 3E4FD5:A8 3E4FCE:00 3E4FCF:3E 3E4FD0:52 3E4FD1:00 3E4FC8:19 3E4FC9:68 3E4FC6:00 3E4FC7:3E 3E4FC4:08 3E4FC5:64 3E4FC2:00 3E4FC3:3E 3E4FC0:0F 3E4FC1:48 3E4FBE:00 3E4FBF:3E 3E4FBC:19 3E4FBD:60 3E4FBA:00 3E4FBB:3E 3E4FB8:00 3E4FB9:1F
W 00778 27 3E4FE8:00 3E4FE9:3E 3E4FEA:52 3E4FEB:00 3E4FDE:08 3E4FDF:64 3E4FDC:00 3E4FDD:3E 3E4FDA:00 3E4FDB:17 3E4FD8:00 3E4FD9:00 3E4FE6:00 3E4FE7:00 3E4FE2:00 3E4FE3:00 3E4FE4:00 3E4FE5:00 3E4FD6:00 3E4FD7:00 3E4FD2:00 3E4FD3:00 3E4FD4:08 3E4FD5:56 3E4FE6:00 3E4FE7:00 3E4FE7:07
W 00800 28 3E4FEA:08 3E4FEB:14 3E4FE6:27 3E4FE7:00 3E4FE8:00 3E4FE9:00 3E4FE4:30 3E4FE5:81 3E4FE2:00 3E4FE3:01 3E4FDE:30 3E4FDF:85 3E4FE0:86 3E4FE1:00 3E4FDA:00 3E4FDB:01 3E4FDC:85 3E4FDD:6A 3E4FD6:00 3E4FD7:01 3E4FD8:86 3E4FD9:58 3E4FD4:9C 3E4FD5:30 3E4FD0:27 3E4FD1:00 3E4FD2:00 3E4FD3:01
W 008B4 48 3E4FE8:00 3E4FE9:3E 3E4FEA:52 3E4FEB:00 3E4FE2:40 3E4FE3:00 3E4FE0:00 3E4FE1:3E 3E4FDE:1C 3E4FDF:F6 3E4FDC:00 3E4FDD:3E 3E4FDA:08 3E4FDB:64 3E4FD8:00 3E4FD9:3E 3E4FD6:1C 3E4FD7:F6 3E4FD4:00 3E4FD5:3E 3E4FD2:00 3E4FD3:1B 3E4FD0:00 3E4FD1:00 3E4FCE:00 3E4FCF:03 3E4FCC:00 3E4FCD:00 3E4FCA:00 3E4FCB:17 3E4FC8:00 3E4FC9:00 3E4FC6:00 3E4FC7:07 3E4FC4:00 3E4FC5:00 3E4FC2:00 3E4FC3:1D 3E4FC0:00 3E4FC1:00 3E4FF0:04 3E4FF1:00 3E4FBE:04 3E4FBF:00 3E4FBA:00 3E4FBB:00 3E4FBC:08 3E4FBD:DA
W 00A00 21 3E0F49:01 3E5206:00 3E5207:00 3E5202:27 3E5203:04 3E5204:00 3E5205:00 3E51FE:00 3E51FF:01 3E5200:85 3E5201:7C 3E51FA:00 3E51FB:01 3E51FC:86 3E51FD:58 3E51F8:9C 3E51F9:30 3E51F4:27 3E51F5:04 3E51F6:00 3E51F7:01
W 00A20 48 3E4FE8:00 3E4FE9:3E 3E4FEA:52 3E4FEB:00 3E4FD6:0F 3E4FD7:48 3E4FD4:00 3E4FD5:3E 3E4FD2:1B 3E4FD3:C6 3E4FD0:00 3E4FD1:3E 3E4FCE:1B 3E4FCF:C6 3E4FCC:00 3E4FCD:3E 3E4FCA:00 3E4FCB:07 3E4FC8:00 3E4FC9:00 3E4FC6:00 3E4FC7:12 3E4FC4:00 3E4FC5:00 3E4FC2:00 3E4FC3:1A 3E4FC0:00 3E4FC1:00 3E4FBE:00 3E4FBF:02 3E4FBC:00 3E4FBD:00 3E4FBA:00 3E4FBB:0A 3E4FB8:00 3E4FB9:00 3E4FB6:00 3E4FB7:0D 3E4FB4:00 3E4FB5:00 3E4FE4:00 3E4FE5:00 3E4FE6:FC 3E4FE7:CA 3E4FDC:00 3E4FDD:00 3E4FDE:0B 3E4FDF:C0
W 00BC2 0 
W 00CAC 48 3E4FE8:00 3E4FE9:3E 3E4FEA:52 3E4FEB:00 3E4FDE:08 3E4FDF:64 3E4FDC:00 3E4FDD:3E 3E4FDA:19 3E4FDB:68 3E4FD8:00 3E4FD9:3E 3E4FD6:19 3E4FD7:68 3E4FD4:00 3E4FD5:3E 3E4FD2:00 3E4FD3:12 3E4FD0:00 3E4FD1:00 3E4FCE:00 3E4FCF:04 3E4FCC:00 3E4FCD:00 3E4FCA:00 3E4FCB:09 3E4FC8:00 3E4FC9:00 3E4FC6:00 3E4FC7:1D 3E4FC4:00 3E4FC5:00 3E4FC2:00 3E4FC3:07 3E4FC0:00 3E4FC1:00 3E4FBE:00 3E4FBF:00 3E4FBA:00 3E4FBB:00 3E4FBC:0C 3E4FBD:C6 3E4FE4:00 3E4FE5:3E 3E4FE6:08 3E4FE7:64 3E4FE2:00 3E4FE3:00
W 00D9A 48 3E4FEA:1C 3E4FEB:F6 3E4FE8:00 3E4FE9:3E 3E4FE4:00 3E4FE5:00 3E4FE6:00 3E4FE7:01 3E4FE2:00 3E4FE3:18 3E4FE0:00 3E4FE1:00 3E4FDC:00 3E4FDD:00 3E4FDE:00 3E4FDF:29 3E4FDA:00 3E4FDB:18 3E4FD8:00 3E4FD9:00 3E4FD6:00 3E4FD7:00 3E4FD4:00 3E4FD5:00 3E4FD0:00 3E4FD1:00 3E4FD2:0D 3E4FD3:BA 3E4FCC:00 3E4FCD:3E 3E4FCE:52 3E4FCF:00 3E4FB6:08 3E4FB7:64 3E4FB4:00 3E4FB5:3E 3E4FB2:1C 3E4FB3:F6 3E4FB0:00 3E4FB1:3E 3E4FAE:1B 3E4FAF:C6 3E4FAC:00 3E4FAD:3E 3E4FAA:0D 3E4FAB:C4 3E4FA8:00 3E4FA9:3E
W 00DDA 48 3E4FEA:40 3E4FEB:00 3E4FE8:00 3E4FE9:3E 3E4FE6:00 3E4FE7:14 3E4FE4:00 3E4FE5:00 3E4FE2:00 3E4FE3:00 3E4FE0:00 3E4FE1:00 3E4FDE:00 3E4FDF:18 3E4FDC:00 3E4FDD:00 3E4FD8:00 3E4FD9:00 3E4FDA:00 3E4FDB:29 3E4FD6:00 3E4FD7:18 3E4FD4:00 3E4FD5:00 3E4FD2:00 3E4FD3:00 3E4FD0:00 3E4FD1:00 3E4FCC:00 3E4FCD:00 3E4FCE:0D 3E4FCF:FE 3E4FC8:00 3E4FC9:3E 3E4FCA:52 3E4FCB:00 3E4FB2:1B 3E4FB3:C6 3E4FB0:00 3E4FB1:3E 3E4FAE:19 3E4FAF:68 3E4FAC:00 3E4FAD:3E 3E4FAA:02 3E4FAB:D8 3E4FA8:00 3E4FA9:3E
W 00E4E 48 3E4FE8:00 3E4FE9:3E 3E4FEA:52 3E4FEB:00 3E4FD2:19 3E4FD3:68 3E4FD0:00 3E4FD1:3E 3E4FCE:40 3E4FCF:00 3E4FCC:00 3E4FCD:3E 3E4FCA:08 3E4FCB:64 3E4FC8:00 3E4FC9:3E 3E4FC6:1B 3E4FC7:C6 3E4FC4:00 3E4FC5:3E 3E4FC2:00 3E4FC3:0C 3E4FC0:00 3E4FC1:00 3E4FBE:00 3E4FBF:17 3E4FBC:00 3E4FBD:00 3E4FBA:00 3E4FBB:06 3E4FB8:00 3E4FB9:00 3E4FB6:00 3E4FB7:05 3E4FB4:00 3E4FB5:00 3E4FB2:00 3E4FB3:0A 3E4FB0:00 3E4FB1:00 3E4FE0:00 3E4FE1:01 3E4FE2:1E 3E4FE3:FE 3E4FD5:28 3E4FD4:D5 3E4FAE:D5 3E4FAF:28
W 00F14 20 3E4FEA:0F 3E4FEB:14 3E4FE6:27 3E4FE7:00 3E4FE8:00 3E4FE9:00 3E4FE2:00 3E4FE3:01 3E4FE4:85 3E4FE5:F4 3E4FDE:00 3E4FDF:01 3E4FE0:86 3E4FE1:58 3E4FDC:9C 3E4FDD:30 3E4FD8:27 3E4FD9:00 3E4FDA:00 3E4FDB:01
W 00FB4 37 3E51F3:B0 3E4FE8:00 3E4FE9:00 3E4FEA:00 3E4FEB:B0 3E4FE6:00 3E4FE7:00 3E4FE4:00 3E4FE5:00 3E4FE2:00 3E4FE3:3E 3E4FE0:00 3E4FE1:00 3E4FDC:00 3E4FDD:00 3E4FDE:0F 3E4FDF:EA 3E4FDA:00 3E4FDB:00 3E4FD6:27 3E4FD7:00 3E4FD8:00 3E4FD9:00 3E4FD2:00 3E4FD3:01 3E4FD4:85 3E4FD5:7C 3E4FCE:00 3E4FCF:01 3E4FD0:86 3E4FD1:58 3E4FCC:9C 3E4FCD:30 3E4FC8:27 3E4FC9:00 3E4FCA:00 3E4FCB:01
W 01000 20 3E4FEA:10 3E4FEB:00 3E4FE6:27 3E4FE7:00 3E4FE8:00 3E4FE9:00 3E4FE2:00 3E4FE3:01 3E4FE4:85 3E4FE5:7C 3E4FDE:00 3E4FDF:01 3E4FE0:86 3E4FE1:58 3E4FDC:9C 3E4FDD:30 3E4FD8:27 3E4FD9:00 3E4FDA:00 3E4FDB:01
W 01206 0 
W 0122C 48 3E4FE8:00 3E4FE9:3E 3E4FEA:52 3E4FEB:00 3E4FE2:0F 3E4FE3:48 3E4FE0:00 3E4FE1:3E 3E4FDE:1B 3E4FDF:C6 3E4FDC:00 3E4FDD:3E 3E4FDA:00 3E4FDB:08 3E4FD8:00 3E4FD9:00 3E4FD6:00 3E4FD7:18 3E4FD4:00 3E4FD5:00 3E4FD2:00 3E4FD3:0A 3E4FD0:00 3E4FD1:00 3E4FCE:00 3E4FCF:13 3E4FCC:00 3E4FCD:00 3E4FE6:00 3E4FE7:00 3E4FE7:01 3E4FE7:02 3E4FE7:03 3E4FE7:04 3E4FE7:05 3E4FE7:06 3E4FE7:07 3E4FE7:08 3E4FE7:09 3E4FE7:0A 3E4FE7:0B 3E4FE7:0C 3E4FE7:0D 3E4FE7:0E 3E4FE7:0F 3E4FE7:10 3E4FE7:11 3E4FE7:12
W 012CA 48 3E4FE8:00 3E4FE9:3E 3E4FEA:52 3E4FEB:00 3E4FE2:0F 3E4FE3:48 3E4FE0:00 3E4FE1:3E 3E4FDE:02 3E4FDF:D8 3E4FDC:00 3E4FDD:3E 3E4FDA:1B 3E4FDB:C6 3E4FD8:00 3E4FD9:3E 3E4FD6:00 3E4FD7:00 3E4FD4:00 3E4FD5:00 3E4FD2:00 3E4FD3:04 3E4FD0:00 3E4FD1:00 3E4FCE:00 3E4FCF:07 3E4FCC:00 3E4FCD:00 3E4FCA:00 3E4FCB:0F 3E4FC8:00 3E4FC9:00 3E4FC6:00 3E4FC7:1E 3E4FC4:00 3E4FC5:00 3E0DC4:19 3E4FE7:18 3E4FE6:00 3E4FC2:00 3E4FC3:18 3E4FBE:00 3E4FBF:00 3E4FC0:13 3E4FC1:1E 3E4FE6:00 3E4FE6:01 3E4FE6:02
W 013B2 48 3E4FE8:00 3E4FE9:3E 3E4FEA:52 3E4FEB:00 3E4FE2:1C 3E4FE3:F6 3E4FE0:00 3E4FE1:3E 3E4FDE:1C 3E4FDF:F6 3E4FDC:00 3E4FDD:3E 3E4FDA:00 3E4FDB:0A 3E4FD8:00 3E4FD9:00 3E4FD6:00 3E4FD7:0E 3E4FD4:00 3E4FD5:00 3E4FD2:00 3E4FD3:15 3E4FD0:00 3E4FD1:00 3E4FCE:00 3E4FCF:01 3E4FCC:00 3E4FCD:00 3E4FCA:00 3E4FCB:09 3E4FC8:00 3E4FC9:00 3E4FC6:00 3E4FC7:00 3E4FC2:00 3E4FC3:00 3E4FC4:13 3E4FC5:CA 3E4FC4:00 3E4FC5:00 3E4FC0:00 3E4FC1:00 3E4FC2:13 3E4FC3:D6 3E4FE6:00 3E4FE7:00 3E4FE6:00 3E4FE7:01
W 0149A 14 3E4FEA:00 3E4FEB:06 3E4FE8:00 3E4FE9:00 3E4FE6:00 3E4FE7:17 3E4FE4:00 3E4FE5:00 3E4FE2:00 3E4FE3:3E 3E4FDE:00 3E4FDF:00 3E4FE0:14 3E4FE1:C0
W 014DC 48 3E4FEA:40 3E4FEB:00 3E4FE8:00 3E4FE9:3E 3E4FE6:00 3E4FE7:10 3E4FE4:00 3E4FE5:00 3E4FE2:00 3E4FE3:15 3E4FE0:00 3E4FE1:00 3E4FDE:00 3E4FDF:03 3E4FDC:00 3E4FDD:00 3E0DC6:00 3E0DC7:00 3E4FD8:00 3E4FD9:00 3E4FDA:15 3E4FDB:04 3E4FD4:00 3E4FD5:3E 3E4FD6:52 3E4FD7:00 3E4FC8:1C 3E4FC9:F6 3E4FC6:00 3E4FC7:3E 3E4FC4:1C 3E4FC5:F6 3E4FC2:00 3E4FC3:3E 3E4FC0:40 3E4FC1:00 3E4FBE:00 3E4FBF:3E 3E4FBC:FC 3E4FBD:FA 3E4FBA:00 3E4FBB:00 3E4FB8:00 3E4FB9:0F 3E4FB6:00 3E4FB7:00 3E4FB4:00 3E4FB5:0D
W 01512 48 3E4FEA:19 3E4FEB:68 3E4FE8:00 3E4FE9:3E 3E4FE6:00 3E4FE7:0F 3E4FE4:00 3E4FE5:00 3E4FE2:00 3E4FE3:0A 3E4FE0:00 3E4FE1:00 3E4FDE:00 3E4FDF:12 3E4FDC:00 3E4FDD:00 3E4FD8:00 3E4FD9:00 3E4FDA:15 3E4FDB:34 3E4FD6:1C 3E4FD7:F6 3E4FD4:00 3E4FD5:3E 3E4FD2:08 3E4FD3:64 3E4FD0:00 3E4FD1:3E 3E4FCE:02 3E4FCF:D8 3E4FCC:00 3E4FCD:3E 3E4FCA:FC 3E4FCB:F2 3E4FC8:00 3E4FC9:00 3E4FC6:00 3E4FC7:0A 3E4FC4:00 3E4FC5:00 3E4FC2:00 3E4FC3:1A 3E4FC0:00 3E4FC1:00 3E4FBE:00 3E4FBF:00 3E4FBC:00 3E4FBD:00
W 0156C 2 3E0DC8:40 3E0DC9:94
W 01578 2 3E0DC6:20 3E0DC7:7D
W 01584 2 3E0DC8:40 3E0DC9:00
W 01592 2 3E0DC6:20 3E0DC7:00
W 015A0 20 3E4FE8:00 3E4FE9:00 3E4FEA:60 3E4FEB:00 3E4FE4:00 3E4FE5:00 3E4FE6:15 3E4FE7:A8 3E0DC6:00 3E0DC7:00 3E4FE4:00 3E4FE5:00 3E4FE6:10 3E4FE7:00 3E4FE0:00 3E4FE1:00 3E4FE2:15 3E4FE3:B0 3E0DC6:10 3E0DC7:00
W 015B4 1 3E1AE2:FF
W 015BE 0 
W 015D6 14 3E4FEA:00 3E4FEB:1C 3E4FE8:00 3E4FE9:00 3E4FE6:00 3E4FE7:1C 3E4FE4:00 3E4FE5:00 3E1968:08 3E1969:00 3E19E6:00 3E19E7:01 3E1A64:00 3E1A65:02
W 015FE 48 3E4FE8:00 3E4FE9:3E 3E4FEA:52 3E4FEB:00 3E4FE2:08 3E4FE3:64 3E4FE0:00 3E4FE1:3E 3E4FDE:0F 3E4FDF:48 3E4FDC:00 3E4FDD:3E 3E4FDA:0F 3E4FDB:48 3E4FD8:00 3E4FD9:3E 3E4FD6:00 3E4FD7:19 3E4FD4:00 3E4FD5:00 3E4FD2:00 3E4FD3:19 3E4FD0:00 3E4FD1:00 3E4FCE:00 3E4FCF:18 3E4FCC:00 3E4FCD:00 3E4FCA:00 3E4FCB:1D 3E4FC8:00 3E4FC9:00 3E4FC6:00 3E4FC7:04 3E4FC4:00 3E4FC5:00 3E0DCE:FF 3E0DCF:FF 3E0DD0:FF 3E4FC0:00 3E4FC1:00 3E4FC2:16 3E4FC3:50 3E4FE7:03 3E0DCA:00 3E0DCB:01 3E0DCC:00 3E0DCD:40
W 01836 48 3E4FEA:1B 3E4FEB:C6 3E4FE8:00 3E4FE9:3E 3E4FE6:02 3E4FE7:D8 3E4FE4:00 3E4FE5:3E 3E4FE2:40 3E4FE3:00 3E4FE0:00 3E4FE1:3E 3E4FDE:00 3E4FDF:05 3E4FDC:00 3E4FDD:00 3E4FDA:00 3E4FDB:09 3E4FD8:00 3E4FD9:00 3E4FD6:00 3E4FD7:0A 3E4FD4:00 3E4FD5:00 3E4FD0:00 3E4FD1:00 3E4FD2:18 3E4FD3:40 3E4FCE:40 3E4FCF:00 3E4FCC:00 3E4FCD:3E 3E4FC8:00 3E4FC9:01 3E4FCA:1A 3E4FCB:C4 3E4FC4:00 3E4FC5:00 3E4FC6:1B 3E4FC7:56 3E4FC2:0F 3E4FC3:48 3E4FC0:00 3E4FC1:3E 3E4FBE:FF 3E4FBF:FF 3E4FBC:FF 3E4FBD:FF
W 018A6 5 3E0DD8:00 3E19B2:00 3E19B3:01 3E19B4:10 3E19B5:6E
W 018FA 48 3E4FE8:00 3E4FE9:3E 3E4FEA:52 3E4FEB:00 3E4FE2:1C 3E4FE3:F6 3E4FE0:00 3E4FE1:3E 3E4FDE:1C 3E4FDF:F6 3E4FDC:00 3E4FDD:3E 3E4FDA:02 3E4FDB:D8 3E4FD8:00 3E4FD9:3E 3E4FD6:00 3E4FD7:16 3E4FD4:00 3E4FD5:00 3E4FE6:0C 3E4FE7:17 3E4FD2:0C 3E4FD3:17 3E4FD0:19 3E4FD1:68 3E4FCE:00 3E4FCF:3E 3E4FCA:00 3E4FCB:00 3E4FCC:19 3E4FCD:2E 3E4FC8:00 3E4FC9:13 3E4FC6:00 3E4FC7:00 3E4FC4:00 3E4FC5:00 3E4FC2:00 3E4FC3:00 3E4FC0:0C 3E4FC1:17 3E4FBC:00 3E4FBD:00 3E4FBE:14 3E4FBF:C0 3E4FE6:0C 3E4FE7:17
W 01980 28 3E4FEA:1B 3E4FEB:C6 3E4FE8:00 3E4FE9:3E 3E4FE6:00 3E4FE7:00 3E4FE4:00 3E4FE5:00 3E4FE2:00 3E4FE3:0E 3E4FE0:00 3E4FE1:00 3E4FDE:00 3E4FDF:14 3E4FDC:00 3E4FDD:00 3E080C:03 3E080D:40 3E0814:06 3E0815:00 3E081C:00 3E081D:00 3E0824:00 3E0825:00 3E082C:00 3E082D:00 3E0834:00 3E0835:00
W 019D8 28 3E4FEA:19 3E4FEB:DE 3E4FE6:27 3E4FE7:00 3E4FE8:00 3E4FE9:00 3E4FE4:20 3E4FE5:69 3E4FE2:01 3E4FE3:15 3E4FDE:20 3E4FDF:75 3E4FE0:00 3E4FE1:00 3E4FDA:00 3E4FDB:01 3E4FDC:85 3E4FDD:6A 3E4FD6:00 3E4FD7:01 3E4FD8:86 3E4FD9:58 3E4FD4:9C 3E4FD5:30 3E4FD0:27 3E4FD1:00 3E4FD2:00 3E4FD3:01
W 019EE 0 
W 01A70 12 3E4FEA:00 3E4FEB:11 3E4FE8:00 3E4FE9:00 3E4FE6:00 3E4FE7:05 3E4FE4:00 3E4FE5:00 3E4FE2:00 3E4FE3:00 3E4FE0:00 3E4FE1:00
W 01AEA 49 3E4FEA:19 3E4FEB:68 3E4FE8:00 3E4FE9:3E 3E4FE6:00 3E4FE7:07 3E4FE4:00 3E4FE5:00 3E4FE2:00 3E4FE3:04 3E4FE0:00 3E4FE1:00 3E4FDE:00 3E4FDF:12 3E4FDC:00 3E4FDD:00 3E4FDA:00 3E4FDB:03 3E4FD8:00 3E4FD9:00 3E4FD6:00 3E4FD7:10 3E4FD4:00 3E4FD5:00 3E19DA:00 3E19DB:3E 3E19DC:0F 3E19DD:48 3E19D6:00 3E19D7:3E 3E19D8:0F 3E19D9:48 3E198B:08 3E4FD2:19 3E4FD3:68 3E4FD0:00 3E4FD1:3E 3E4FCE:1A 3E4FCF:EE 3E4FCC:00 3E4FCD:01 3E4FC8:00 3E4FC9:00 3E4FCA:1B 3E4FCB:28 3E4FC6:1B 3E4FC7:C6 3E4FC4:00 3E4FC5:3E
W 01B46 48 3E4FEA:40 3E4FEB:00 3E4FE8:00 3E4FE9:3E 3E4FE4:00 3E4FE5:01 3E4FE6:1A 3E4FE7:C4 3E4FE0:00 3E4FE1:00 3E4FE2:1B 3E4FE3:56 3E4FDE:1B 3E4FDF:C6 3E4FDC:00 3E4FDD:3E 3E4FDA:00 3E4FDB:04 3E4FD8:00 3E4FD9:00 3E4FD6:00 3E4FD7:19 3E4FD4:00 3E4FD5:00 3E4FE0:00 3E4FE1:01 3E4FE2:1A 3E4FE3:D0 3E4FDC:00 3E4FDD:00 3E4FDE:1B 3E4FDF:5E 3E4FDA:1B 3E4FDB:C6 3E4FD8:00 3E4FD9:3E 3E4FD6:00 3E4FD7:04 3E4FD4:00 3E4FD5:00 3E4FD2:00 3E4FD3:19 3E4FD0:00 3E4FD1:00 3E4FDC:00 3E4FDD:01 3E4FDE:1A 3E4FDF:D6
W 01B96 48 3E4FEA:02 3E4FEB:D8 3E4FE8:00 3E4FE9:3E 3E4FE6:40 3E4FE7:00 3E4FE4:00 3E4FE5:3E 3E4FE2:02 3E4FE3:D8 3E4FE0:00 3E4FE1:3E 3E4FDE:02 3E4FDF:D8 3E4FDC:00 3E4FDD:3E 3E4FDA:00 3E4FDB:09 3E4FD8:00 3E4FD9:00 3E4FD6:00 3E4FD7:05 3E4FD4:00 3E4FD5:00 3E4FD2:00 3E4FD3:0E 3E4FD0:00 3E4FD1:00 3E1986:01 3E186D:01 3E1992:00 3E1993:00 3E1990:00 3E1991:00 3E4FCE:19 3E4FCF:68 3E4FCC:00 3E4FCD:3E 3E4FC8:00 3E4FC9:00 3E4FCA:1B 3E4FCB:DC 3E4FC6:19 3E4FC7:68 3E4FC4:00 3E4FC5:3E 3E4FC2:19 3E4FC3:56
W 01C34 48 3E4FEA:02 3E4FEB:D8 3E4FE8:00 3E4FE9:3E 3E4FE6:00 3E4FE7:16 3E4FE4:00 3E4FE5:00 3E4FE2:00 3E4FE3:17 3E4FE0:00 3E4FE1:00 3E4FDE:19 3E4FDF:68 3E4FDC:00 3E4FDD:3E 3E4FD8:00 3E4FD9:00 3E4FDA:1C 3E4FDB:50 3E4FD6:19 3E4FD7:68 3E4FD4:00 3E4FD5:3E 3E4FD2:40 3E4FD3:00 3E4FD0:00 3E4FD1:3E 3E4FCE:40 3E4FCF:00 3E4FCC:00 3E4FCD:3E 3E4FCA:19 3E4FCB:68 3E4FC8:00 3E4FC9:3E 3E4FC6:00 3E4FC7:0D 3E4FC4:00 3E4FC5:00 3E4FC2:00 3E4FC3:00 3E4FC0:00 3E4FC1:00 3E4FBE:00 3E4FBF:03 3E4FBC:00 3E4FBD:00
W 01C66 48 3E4FE8:00 3E4FE9:3E 3E4FEA:52 3E4FEB:00 3E4FDA:1B 3E4FDB:C6 3E4FD8:00 3E4FD9:3E 3E4FD6:40 3E4FD7:00 3E4FD4:00 3E4FD5:3E 3E4FD2:00 3E4FD3:0E 3E4FD0:00 3E4FD1:00 3E4FCE:00 3E4FCF:0C 3E4FCC:00 3E4FCD:00 3E4FCA:00 3E4FCB:18 3E4FC8:00 3E4FC9:00 3E4FC6:00 3E4FC7:07 3E4FC4:00 3E4FC5:00 3E4FC2:00 3E4FC3:0E 3E4FC0:00 3E4FC1:00 3E4FE2:00 3E4FE3:00 3E4FE4:00 3E4FE5:00 3E4FDE:00 3E4FDF:00 3E4FE6:FF 3E4FE7:FF 3E4FDC:00 3E4FDD:01 3E4FE0:00 3E4FE1:00 3E4FE0:00 3E4FE1:01 3E4FE0:00 3E4FE1:02
W 01E00 20 3E4FEA:1E 3E4FEB:00 3E4FE6:27 3E4FE7:00 3E4FE8:00 3E4FE9:00 3E4FE2:00 3E4FE3:01 3E4FE4:85 3E4FE5:F4 3E4FDE:00 3E4FDF:01 3E4FE0:86 3E4FE1:58 3E4FDC:9C 3E4FDD:30 3E4FD8:27 3E4FD9:00 3E4FDA:00 3E4FDB:01
W 01E74 0 
W 01F3A 1 3E8C33:01
W 01F60 0 
W 01F70 0 
W 01F82 48 3E4FEA:02 3E4FEB:D8 3E4FE8:00 3E4FE9:3E 3E4FE6:00 3E4FE7:0E 3E4FE4:00 3E4FE5:00 3E4FE2:00 3E4FE3:51 3E4FE0:00 3E4FE1:00 3E4FDC:00 3E4FDD:00 3E4FDE:1F 3E4FDF:9E 3E4FD8:00 3E4FD9:3E 3E4FDA:52 3E4FDB:00 3E4FD2:00 3E4FD3:51 3E4FD0:00 3E4FD1:00 3E4FD6:15 3E4FD7:10 3E4FCC:00 3E4FCD:00 3E4FCE:00 3E4FCF:01 3E4FCA:00 3E4FCB:1B 3E4FC8:00 3E4FC9:00 3E4FC6:00 3E4FC7:21 3E4FC4:00 3E4FC5:00 3E4FC2:00 3E4FC3:0F 3E4FC0:00 3E4FC1:00 3E4FBE:00 3E4FBF:14 3E4FBC:00 3E4FBD:00 3E4FB8:00 3E4FB9:00
W 01FD6 48 3E4FEA:00 3E4FEB:1B 3E4FE8:00 3E4FE9:00 3E4FE6:00 3E4FE7:1F 3E4FE4:00 3E4FE5:00 3E4FE2:00 3E4FE3:17 3E4FE0:00 3E4FE1:00 3E4FDE:00 3E4FDF:0B 3E4FDC:00 3E4FDD:00 3E4FDA:00 3E4FDB:00 3E4FD8:00 3E4FD9:00 3E4FD4:00 3E4FD5:00 3E4FD6:1F 3E4FD7:F2 3E4FD0:00 3E4FD1:3E 3E4FD2:52 3E4FD3:00 3E4FC2:1B 3E4FC3:C6 3E4FC0:00 3E4FC1:3E 3E4FBE:19 3E4FBF:68 3E4FBC:00 3E4FBD:3E 3E4FBA:19 3E4FBB:68 3E4FB8:00 3E4FB9:3E 3E4FB6:08 3E4FB7:64 3E4FB4:00 3E4FB5:3E 3E4FB2:00 3E4FB3:09 3E4FB0:00 3E4FB1:00
W 02000 28 3E4FFE:20 3E4FFF:0A 3E4FFA:27 3E4FFB:00 3E4FFC:00 3E4FFD:00 3E4FF8:4E 3E4FF9:75 3E4FF6:42 3E4FF7:6D 3E4FF2:4E 3E4FF3:76 3E4FF4:00 3E4FF5:3E 3E4FEE:00 3E4FEF:01 3E4FF0:85 3E4FF1:6A 3E4FEA:00 3E4FEB:01 3E4FEC:86 3E4FED:58 3E4FE8:9C 3E4FE9:30 3E4FE4:27 3E4FE5:00 3E4FE6:00 3E4FE7:01
W 0200A 48 3E4FE8:00 3E4FE9:3E 3E4FEA:52 3E4FEB:00 3E4FDA:1B 3E4FDB:C6 3E4FD8:00 3E4FD9:3E 3E4FD6:1B 3E4FD7:C6 3E4FD4:00 3E4FD5:3E 3E4FD2:1B 3E4FD3:C6 3E4FD0:00 3E4FD1:3E 3E4FCE:1B 3E4FCF:C6 3E4FCC:00 3E4FCD:3E 3E4FCA:00 3E4FCB:18 3E4FC8:00 3E4FC9:00 3E4FC6:00 3E4FC7:15 3E4FC4:00 3E4FC5:00 3E4FC2:00 3E4FC3:18 3E4FC0:00 3E4FC1:00 3E4FBE:00 3E4FBF:1A 3E4FBC:00 3E4FBD:00 3E4FBA:00 3E4FBB:15 3E4FB8:00 3E4FB9:00 3E4FE0:00 3E4FE1:3E 3E4FE2:19 3E4FE3:54 3E4FE4:00 3E4FE5:3E 3E4FE6:1A 3E4FE7:E2
W 02020 0 
W 02118 20 3E4FEA:21 3E4FEB:18 3E4FE6:27 3E4FE7:00 3E4FE8:00 3E4FE9:00 3E4FE2:00 3E4FE3:01 3E4FE4:85 3E4FE5:F4 3E4FDE:00 3E4FDF:01 3E4FE0:86 3E4FE1:58 3E4FDC:9C 3E4FDD:30 3E4FD8:27 3E4FD9:00 3E4FDA:00 3E4FDB:01
W 0219A 33 3E4FEA:1C 3E4FEB:F6 3E4FE8:00 3E4FE9:3E 3E4FE4:00 3E4FE5:00 3E4FE6:00 3E4FE7:15 3E4FE0:00 3E4FE1:00 3E4FE2:21 3E4FE3:AA 3E4FDE:00 3E4FDF:09 3E4FDC:00 3E4FDD:00 3E4FDA:00 3E4FDB:15 3E4FD8:00 3E4FD9:00 3E4FD6:00 3E4FD7:01 3E4FD4:00 3E4FD5:00 3E4FD2:00 3E4FD3:1D 3E4FD0:00 3E4FD1:00 3E0DE0:40 3E0DE1:15 3E0DDA:01 3E0DDC:07 3E0DDE:04
W 0220C 48 3E4FEA:00 3E4FEB:1C 3E4FE8:00 3E4FE9:00 3E4FE6:00 3E4FE7:00 3E4FE4:00 3E4FE5:00 3E4FE2:00 3E4FE3:00 3E4FE0:00 3E4FE1:00 3E4FDE:00 3E4FDF:34 3E4FDC:00 3E4FDD:00 3E4FDA:43 3E4FDB:37 3E4FD8:00 3E4FD9:00 3E4FD6:00 3E4FD7:58 3E4FD4:00 3E4FD5:00 3E4FD2:00 3E4FD3:02 3E4FD0:1B 3E4FD1:4E 3E4FCC:00 3E4FCD:00 3E4FCE:22 3E4FCF:40 3E4FCA:02 3E4FCB:D8 3E4FC8:00 3E4FC9:3E 3E4FC6:02 3E4FC7:D8 3E4FC4:00 3E4FC5:3E 3E4FC2:19 3E4FC3:68 3E4FC0:00 3E4FC1:3E 3E4FBE:40 3E4FBF:00 3E4FBC:00 3E4FBD:3E
W 02248 49 3E4FEA:40 3E4FEB:00 3E4FE8:00 3E4FE9:3E 3E4FE6:19 3E4FE7:68 3E4FE4:00 3E4FE5:3E 3E4FE2:00 3E4FE3:00 3E4FE0:00 3E4FE1:00 3E4FDE:00 3E4FDF:04 3E4FDC:00 3E4FDD:00 3E4FDA:00 3E4FDB:1D 3E4FD8:00 3E4FD9:00 3E4FD6:00 3E4FD7:16 3E4FD4:00 3E4FD5:00 3E1968:00 3E1969:00 3E196A:00 3E198E:00 3E198F:00 3E198C:00 3E198D:00 3E19C6:00 3E19C7:3E 3E19C8:08 3E19C9:0C 3E19CA:00 3E19CB:3E 3E19CC:08 3E19CD:14 3E19E2:00 3E19E3:3E 3E19E4:18 3E19E5:88 3E4FD2:19 3E4FD3:68 3E4FD0:00 3E4FD1:3E 3E4FCC:00 3E4FCD:00
W 022BA 48 3E4FEA:0F 3E4FEB:48 3E4FE8:00 3E4FE9:3E 3E4FE6:02 3E4FE7:D8 3E4FE4:00 3E4FE5:3E 3E4FE2:00 3E4FE3:1A 3E4FE0:00 3E4FE1:00 3E4FDE:00 3E4FDF:12 3E4FDC:00 3E4FDD:00 3E4FDA:00 3E4FDB:02 3E4FD8:00 3E4FD9:00 3E4FD6:00 3E4FD7:01 3E4FD4:00 3E4FD5:00 3E4FD2:00 3E4FD3:00 3E4FD0:00 3E4FD1:00 3E4FCE:00 3E4FCF:00 3E4FCC:00 3E4FCD:00 3E4FCA:00 3E4FCB:00 3E4FC8:00 3E4FC9:00 3E4FC4:00 3E4FC5:00 3E4FC6:22 3E4FC7:DC 3E4FC2:00 3E4FC3:01 3E4FC0:00 3E4FC1:00 3E4FBE:00 3E4FBF:00 3E4FBC:00 3E4FBD:00
W 02300 48 200004:00 200005:00 200006:00 200007:00 200008:00 200009:00 20000A:00 20000B:00 20000C:00 20000D:00 20000E:00 20000F:00 200010:00 200011:00 200012:00 200013:00 200014:00 200015:00 200016:00 200017:00 200018:00 200019:00 20001A:00 20001B:00 20001C:00 20001D:00 20001E:00 20001F:00 200020:00 200021:00 200022:00 200023:00 200024:00 200025:00 200026:00 200027:00 200028:00 200029:00 20002A:00 20002B:00 20002C:00 20002D:00 20002E:00 20002F:00 200030:00 200031:00 200032:00 200033:00
W 02338 48 3E4FE8:00 3E4FE9:3E 3E4FEA:52 3E4FEB:00 3E4FDE:40 3E4FDF:00 3E4FDC:00 3E4FDD:3E 3E4FDA:19 3E4FDB:68 3E4FD8:00 3E4FD9:3E 3E4FD6:1C 3E4FD7:F6 3E4FD4:00 3E4FD5:3E 3E4FD2:00 3E4FD3:18 3E4FD0:00 3E4FD1:00 3E4FCE:00 3E4FCF:1D 3E4FCC:00 3E4FCD:00 3E4FCA:00 3E4FCB:19 3E4FC8:00 3E4FC9:00 3E4FC6:00 3E4FC7:0B 3E4FC4:00 3E4FC5:00 3E4FC2:00 3E4FC3:04 3E4FC0:00 3E4FC1:00 3E4FBE:00 3E4FBF:3E 3E4FBA:00 3E4FBB:00 3E4FBC:23 3E4FBD:68 3E4FE4:00 3E4FE5:23 3E4FE6:E0 3E4FE7:04 3E4FBC:00 3E4FBD:00
W 0255C 0 
W 025F4 48 3E4FEA:02 3E4FEB:D8 3E4FE8:00 3E4FE9:3E 3E4FE6:1C 3E4FE7:F6 3E4FE4:00 3E4FE5:3E 3E4FE2:00 3E4FE3:0B 3E4FE0:00 3E4FE1:00 3E4FDE:00 3E4FDF:1A 3E4FDC:00 3E4FDD:00 3E4FDA:00 3E4FDB:3E 3E4FD6:00 3E4FD7:00 3E4FD8:26 3E4FD9:0C 3E4FD8:00 3E4FD9:3E 3E4FD4:00 3E4FD5:00 3E4FD6:26 3E4FD7:18 3E4FDA:26 3E4FDB:44 3E4FD6:27 3E4FD7:00 3E4FD8:00 3E4FD9:00 3E4FD4:24 3E4FD5:52 3E4FD2:00 3E4FD3:2B 3E4FCE:24 3E4FCF:55 3E4FD0:00 3E4FD1:00 3E4FCA:00 3E4FCB:01 3E4FCC:85 3E4FCD:6A 3E4FC6:00 3E4FC7:01
W 02698 49 3E4FEA:1C 3E4FEB:F6 3E4FE8:00 3E4FE9:3E 3E4FE6:00 3E4FE7:08 3E4FE4:00 3E4FE5:00 3E4FE2:00 3E4FE3:13 3E4FE0:00 3E4FE1:00 3E4FDE:00 3E4FDF:16 3E4FDC:00 3E4FDD:00 3E4FDA:00 3E4FDB:1A 3E4FD8:00 3E4FD9:00 3E4FD6:00 3E4FD7:00 3E4FD2:00 3E4FD3:00 3E4FD4:26 3E4FD5:AA 3E0885:47 3E4FD6:00 3E4FD7:B0 3E4FD4:00 3E4FD5:00 3E4FD2:00 3E4FD3:00 3E4FD0:47 3E4FD1:D2 3E4FCE:00 3E4FCF:03 3E4FCA:00 3E4FCB:00 3E4FCC:27 3E4FCD:24 3E4FC8:19 3E4FC9:68 3E4FC6:00 3E4FC7:3E 3E4FC4:1B 3E4FC5:C6 3E4FC2:00 3E4FC3:3E
W 0272E 36 3E4FEA:1B 3E4FEB:C6 3E4FE8:00 3E4FE9:3E 3E4FE6:00 3E4FE7:0C 3E4FE4:00 3E4FE5:00 3E4FE2:00 3E4FE3:1E 3E4FE0:00 3E4FE1:00 3E4FDE:00 3E4FDF:10 3E4FDC:00 3E4FDD:00 3E4FDA:00 3E4FDB:00 3E4FD8:00 3E4FD9:00 3E4FD6:00 3E4FD7:0B 3E4FD4:00 3E4FD5:00 3E4FD2:00 3E4FD3:00 3E4FCE:00 3E4FCF:00 3E4FD0:27 3E4FD1:40 3E4FD2:00 3E4FD3:00 3E4FCE:00 3E4FCF:00 3E4FD0:29 3E4FD1:48
W 027C2 48 3E4FEA:00 3E4FEB:00 3E4FE6:00 3E4FE7:00 3E4FE8:27 3E4FE9:CA 3E4FE4:0F 3E4FE5:48 3E4FE2:00 3E4FE3:3E 3E4FE0:08 3E4FE1:64 3E4FDE:00 3E4FDF:3E 3E4FDC:00 3E4FDD:04 3E4FDA:00 3E4FDB:00 3E4FD8:00 3E4FD9:12 3E4FD6:00 3E4FD7:00 3E4FD4:00 3E4FD5:15 3E4FD2:00 3E4FD3:00 3E4FD0:00 3E4FD1:0E 3E4FCE:00 3E4FCF:00 3E4FCC:00 3E4FCD:00 3E4FC8:00 3E4FC9:00 3E4FCA:3B 3E4FCB:B2 3E4FCC:00 3E4FCD:03 3E4FCA:00 3E4FCB:00 3E4FC8:00 3E4FC9:07 3E4FC6:00 3E4FC7:00 3E4FC4:08 3E4FC5:64 3E4FC2:00 3E4FC3:3E
W 02988 6 3E4FEA:00 3E4FEB:00 3E4FE6:00 3E4FE7:00 3E4FE8:29 3E4FE9:92
W 02A5C 48 3E4FEA:00 3E4FEB:1D 3E4FE8:00 3E4FE9:00 3E4FE6:00 3E4FE7:03 3E4FE4:00 3E4FE5:00 3E4FE2:00 3E4FE3:00 3E4FDE:00 3E4FDF:00 3E4FE0:2A 3E4FE1:70 3E4FE2:00 3E4FE3:00 3E4FE0:06 3E4FE1:5A 3E4FDE:00 3E4FDF:02 3E4FDA:00 3E4FDB:00 3E4FDC:2A 3E4FDD:A6 3E4FD8:08 3E4FD9:64 3E4FD6:00 3E4FD7:3E 3E4FD4:08 3E4FD5:64 3E4FD2:00 3E4FD3:3E 3E4FD0:00 3E4FD1:00 3E4FCE:00 3E4FCF:00 3E4FCC:06 3E4FCD:5A 3E4FCA:00 3E4FCB:02 3E4FC8:00 3E4FC9:00 3E4FC4:00 3E4FC5:00 3E4FC6:26 3E4FC7:0C 3E4FC6:00 3E4FC7:00
W 02AAE 49 3E4FEA:08 3E4FEB:64 3E4FE8:00 3E4FE9:3E 3E4FE6:1C 3E4FE7:F6 3E4FE4:00 3E4FE5:3E 3E4FE2:00 3E4FE3:01 3E4FE0:00 3E4FE1:00 3E4FDE:00 3E4FDF:0A 3E4FDC:00 3E4FDD:00 3E4FDA:00 3E4FDB:02 3E4FD8:00 3E4FD9:00 3E4FD6:00 3E4FD7:00 3E4FD4:00 3E4FD5:00 3E4FD2:00 3E4FD3:00 3E4FCE:00 3E4FCF:00 3E4FD0:2A 3E4FD1:BC 3E0885:0B 3E4FD2:00 3E4FD3:E0 3E4FD0:00 3E4FD1:00 3E4FCE:00 3E4FCF:00 3E4FCC:3F 3E4FCD:7E 3E4FCA:00 3E4FCB:03 3E4FC6:00 3E4FC7:00 3E4FC8:2B 3E4FC9:6A 3E4FC4:08 3E4FC5:85 3E4FC2:00 3E4FC3:3E
W 02B74 0 
W 02B88 48 3E4FEA:1B 3E4FEB:C6 3E4FE8:00 3E4FE9:3E 3E4FE6:0F 3E4FE7:48 3E4FE4:00 3E4FE5:3E 3E4FE2:00 3E4FE3:02 3E4FE0:00 3E4FE1:00 3E4FDE:00 3E4FDF:1D 3E4FDC:00 3E4FDD:00 3E4FDA:00 3E4FDB:00 3E4FD6:00 3E4FD7:00 3E4FD8:2B 3E4FD9:9C 3E4FDA:00 3E4FDB:00 3E4FD6:00 3E4FD7:00 3E4FD8:2C 3E4FD9:06 3E4FD8:00 3E4FD9:E0 3E4FD6:00 3E4FD7:00 3E4FD4:00 3E4FD5:04 3E4FD2:00 3E4FD3:20 3E4FD0:46 3E4FD1:65 3E4FCE:00 3E4FCF:00 3E4FCA:00 3E4FCB:00 3E4FCC:2C 3E4FCD:18 3E4FC8:08 3E4FC9:64 3E4FC6:00 3E4FC7:3E
W 02C5C 49 3E4FE8:00 3E4FE9:00 3E4FEA:00 3E4FEB:80 3E4FE6:00 3E4FE7:00 3E4FE4:45 3E4FE5:EC 3E4FE2:00 3E4FE3:03 3E4FDE:00 3E4FDF:00 3E4FE0:2C 3E4FE1:80 3E4FDC:19 3E4FDD:68 3E4FDA:00 3E4FDB:3E 3E4FD8:1B 3E4FD9:C6 3E4FD6:00 3E4FD7:3E 3E4FD4:08 3E4FD5:64 3E4FD2:00 3E4FD3:3E 3E4FD0:00 3E4FD1:1F 3E4FCE:00 3E4FCF:00 3E4FCC:00 3E4FCD:19 3E4FCA:00 3E4FCB:00 3E4FC8:00 3E4FC9:0B 3E4FC6:00 3E4FC7:00 3E4FE7:FF 3E4FC4:00 3E4FC5:FF 3E4FC0:00 3E4FC1:00 3E4FC2:2F 3E4FC3:DA 3E4FC2:00 3E4FC3:FF 3E4FBE:00 3E4FBF:00
W 02C86 48 3E4FEA:08 3E4FEB:64 3E4FE8:00 3E4FE9:3E 3E4FE6:08 3E4FE7:64 3E4FE4:00 3E4FE5:3E 3E4FE2:00 3E4FE3:19 3E4FE0:00 3E4FE1:00 3E4FDE:00 3E4FDF:05 3E4FDC:00 3E4FDD:00 3E4FDA:00 3E4FDB:00 3E4FD6:00 3E4FD7:00 3E4FD8:2C 3E4FD9:9A 3E4FDA:00 3E4FDB:00 3E4FD6:00 3E4FD7:00 3E4FD8:2D 3E4FD9:22 3E4FD8:00 3E4FD9:19 3E4FD6:00 3E4FD7:00 3E4FD4:00 3E4FD5:04 3E4FD2:00 3E4FD3:20 3E4FD0:4D 3E4FD1:D9 3E4FCE:00 3E4FCF:00 3E4FCA:00 3E4FCB:00 3E4FCC:2D 3E4FCD:34 3E4FC8:08 3E4FC9:65 3E4FC6:00 3E4FC7:3E
W 02D78 49 3E4FEA:00 3E4FEB:1C 3E4FE8:00 3E4FE9:00 3E4FE6:00 3E4FE7:17 3E4FE4:00 3E4FE5:00 3E4FE2:00 3E4FE3:00 3E4FDE:00 3E4FDF:00 3E4FE0:2D 3E4FE1:8A 3E4FE2:00 3E4FE3:07 3E4FE0:00 3E4FE1:00 3E4FDE:00 3E4FDF:00 3E4FDC:1D 3E4FDD:76 3E4FDA:00 3E4FDB:02 3E4FD6:00 3E4FD7:00 3E4FD8:2E 3E4FD9:1E 3E4FD4:0F 3E4FD5:48 3E4FD2:00 3E4FD3:3E 3E4FD0:0F 3E4FD1:48 3E4FCE:00 3E4FCF:3E 3E4FCC:00 3E4FCD:14 3E4FCA:00 3E4FCB:00 3E4FC8:1D 3E4FC9:76 3E4FC6:00 3E4FC7:02 3E4FDF:FF 3E4FC4:00 3E4FC5:FF 3E4FC0:00 3E4FC1:00
W 02E28 48 3E4FEA:0F 3E4FEB:48 3E4FE8:00 3E4FE9:3E 3E4FE6:00 3E4FE7:01 3E4FE4:00 3E4FE5:00 3E4FE2:00 3E4FE3:12 3E4FE0:00 3E4FE1:00 3E4FDE:00 3E4FDF:00 3E4FDA:00 3E4FDB:00 3E4FDC:2E 3E4FDD:36 3E4FDC:00 3E4FDD:00 3E4FD8:00 3E4FD9:00 3E4FDA:2E 3E4FDB:64 3E4FD8:00 3E4FD9:00 3E4FDA:00 3E4FDB:B0 3E4FD6:00 3E4FD7:04 3E4FD4:00 3E4FD5:20 3E4FD2:00 3E4FD3:08 3E4FD0:00 3E4FD1:00 3E4FCC:00 3E4FCD:00 3E4FCE:2E 3E4FCF:9A 3E4FCA:19 3E4FCB:68 3E4FC8:00 3E4FC9:3E 3E4FC6:1B 3E4FC7:E0 3E4FC4:00 3E4FC5:02
W 02EB8 48 3E4FEA:02 3E4FEB:D8 3E4FE8:00 3E4FE9:3E 3E4FE6:00 3E4FE7:05 3E4FE4:00 3E4FE5:00 3E4FE2:00 3E4FE3:00 3E4FDE:00 3E4FDF:00 3E4FE0:2E 3E4FE1:C6 3E4FE0:00 3E4FE1:00 3E4FDC:00 3E4FDD:00 3E4FDE:2E 3E4FDF:F8 3E4FDE:00 3E4FDF:70 3E4FDC:00 3E4FDD:00 3E4FDA:00 3E4FDB:04 3E4FD8:00 3E4FD9:20 3E4FD6:00 3E4FD7:00 3E4FD4:00 3E4FD5:00 3E4FD0:00 3E4FD1:00 3E4FD2:2F 3E4FD3:0E 3E4FCE:1B 3E4FCF:C6 3E4FCC:00 3E4FCD:3E 3E4FCA:14 3E4FCB:66 3E4FC8:00 3E4FC9:02 3E4FC6:00 3E4FC7:1B 3E4FC4:00 3E4FC5:00
W 02F18 49 3E4FEA:19 3E4FEB:68 3E4FE8:00 3E4FE9:3E 3E4FE6:0F 3E4FE7:48 3E4FE4:00 3E4FE5:3E 3E4FE2:00 3E4FE3:12 3E4FE0:00 3E4FE1:00 3E4FDE:00 3E4FDF:15 3E4FDC:00 3E4FDD:00 3E4FF5:3D 3E4FDA:00 3E4FDB:3D 3E4FD6:00 3E4FD7:00 3E4FD8:2F 3E4FD9:38 3E4FD8:00 3E4FD9:00 3E4FD6:00 3E4FD7:00 3E4FD4:D0 3E4FD5:04 3E4FD2:00 3E4FD3:23 3E4FD0:00 3E4FD1:01 3E4FCE:00 3E4FCF:00 3E4FCA:00 3E4FCB:00 3E4FCC:2F 3E4FCD:4A 3E4FC8:08 3E4FC9:64 3E4FC6:00 3E4FC7:3E 3E4FC4:19 3E4FC5:68 3E4FC2:00 3E4FC3:3E 3E4FC0:00 3E4FC1:10
W 02FB6 0 
W 03194 48 3E4FEA:00 3E4FEB:00 3E4FE6:00 3E4FE7:00 3E4FE8:31 3E4FE9:9E 3E4FE6:00 3E4FE7:00 3E4FE8:00 3E4FE9:10 3E4FE4:00 3E4FE5:04 3E4FE2:00 3E4FE3:20 3E4FE0:41 3E4FE1:ED 3E4FDE:00 3E4FDF:00 3E4FDA:00 3E4FDB:00 3E4FDC:31 3E4FDD:B4 3E4FD8:1C 3E4FD9:F6 3E4FD6:00 3E4FD7:3E 3E4FD4:08 3E4FD5:64 3E4FD2:00 3E4FD3:3E 3E4FD0:00 3E4FD1:1F 3E4FCE:00 3E4FCF:00 3E4FCC:00 3E4FCD:09 3E4FCA:00 3E4FCB:00 3E4FC8:00 3E4FC9:02 3E4FC6:00 3E4FC7:00 3E4FC4:00 3E4FC5:02 3E4FC2:00 3E4FC3:00 3E4FBE:00 3E4FBF:01
W 031BA 49 3E4FEA:00 3E4FEB:10 3E4FE8:00 3E4FE9:00 3E4FE6:00 3E4FE7:00 3E4FE2:00 3E4FE3:00 3E4FE4:31 3E4FE5:CA 3E4FE6:00 3E4FE7:B0 3E4FE4:00 3E4FE5:00 3E4FE2:00 3E4FE3:00 3E4FE0:40 3E4FE1:3E 3E4FDE:00 3E4FDF:03 3E4FDA:00 3E4FDB:00 3E4FDC:32 3E4FDD:3A 3E4FD8:19 3E4FD9:68 3E4FD6:00 3E4FD7:3E 3E4FD4:0F 3E4FD5:48 3E4FD2:00 3E4FD3:3E 3E4FD0:00 3E4FD1:05 3E4FCE:00 3E4FCF:00 3E4FCC:40 3E4FCD:3E 3E4FCA:00 3E4FCB:03 3E4FE3:FF 3E4FC8:00 3E4FC9:FF 3E4FC4:00 3E4FC5:00 3E4FC6:2F 3E4FC7:38 3E4FC6:00 3E4FC7:B0
W 03242 49 3E4FEA:02 3E4FEB:D8 3E4FE8:00 3E4FE9:3E 3E4FE6:00 3E4FE7:1B 3E4FE4:00 3E4FE5:00 3E4FE2:00 3E4FE3:08 3E4FE0:00 3E4FE1:00 3E4FDE:00 3E4FDF:10 3E4FDC:00 3E4FDD:00 3E4FDA:00 3E4FDB:00 3E4FD6:00 3E4FD7:00 3E4FD8:32 3E4FD9:4E 3E4FD4:00 3E4FD5:10 3E4FD2:00 3E4FD3:00 3E4FD0:00 3E4FD1:00 3E4FCC:00 3E4FCD:00 3E4FCE:33 3E4FCF:60 3E4FCE:00 3E4FCF:00 3E4FCA:00 3E4FCB:00 3E4FCC:33 3E4FCD:6A 3E4FD8:00 3E4FD9:00 3E4FD4:00 3E4FD5:00 3E4FD6:32 3E4FD7:5A 3E4FF1:FF 3E4FD6:00 3E4FD7:FF 3E4FD2:00 3E4FD3:00
W 03354 16 3E4FEA:00 3E4FEB:04 3E4FE8:00 3E4FE9:00 3E4FE6:00 3E4FE7:00 3E4FE2:00 3E4FE3:00 3E4FE4:33 3E4FE5:60 3E4FE4:00 3E4FE5:00 3E4FE0:00 3E4FE1:00 3E4FE2:33 3E4FE3:6A
W 033F4 48 3E4FEA:1C 3E4FEB:F6 3E4FE8:00 3E4FE9:3E 3E4FE6:00 3E4FE7:10 3E4FE4:00 3E4FE5:00 3E4FE2:00 3E4FE3:14 3E4FE0:00 3E4FE1:00 3E4FDE:00 3E4FDF:1B 3E4FDC:00 3E4FDD:00 3E4FDA:00 3E4FDB:00 3E4FD6:00 3E4FD7:00 3E4FD8:34 3E4FD9:02 3E4FDA:00 3E4FDB:00 3E4FD6:00 3E4FD7:00 3E4FD8:34 3E4FD9:50 3E4FD8:00 3E4FD9:B0 3E4FD6:00 3E4FD7:00 3E4FD4:00 3E4FD5:04 3E4FD2:00 3E4FD3:20 3E4FD0:00 3E4FD1:08 3E4FCE:00 3E4FCF:00 3E4FCA:00 3E4FCB:00 3E4FCC:34 3E4FCD:86 3E4FC8:0F 3E4FC9:48 3E4FC6:00 3E4FC7:3E
W 034B2 49 3E4FEA:0F 3E4FEB:48 3E4FE8:00 3E4FE9:3E 3E4FE6:0F 3E4FE7:48 3E4FE4:00 3E4FE5:3E 3E4FE2:00 3E4FE3:0B 3E4FE0:00 3E4FE1:00 3E4FDE:00 3E4FDF:05 3E4FDC:00 3E4FDD:00 3E4FDA:00 3E4FDB:00 3E4FD6:00 3E4FD7:00 3E4FD8:34 3E4FD9:C0 3E4FF1:FF 3E4FD8:00 3E4FD9:FF 3E4FD4:00 3E4FD5:00 3E4FD6:34 3E4FD7:D4 3E4FD8:00 3E4FD9:00 3E4FDA:00 3E4FDB:80 3E4FD6:F0 3E4FD7:04 3E4FD4:00 3E4FD5:2F 3E4FD2:50 3E4FD3:C4 3E4FD0:00 3E4FD1:00 3E4FCC:00 3E4FCD:00 3E4FCE:35 3E4FCF:0E 3E4FCA:0F 3E4FCB:48 3E4FC8:00 3E4FC9:3E
W 0357A 34 3E4FE8:00 3E4FE9:3E 3E4FEA:52 3E4FEB:00 3E4FE2:19 3E4FE3:68 3E4FE0:00 3E4FE1:3E 3E4FDE:1C 3E4FDF:F6 3E4FDC:00 3E4FDD:3E 3E4FDA:00 3E4FDB:0A 3E4FD8:00 3E4FD9:00 3E4FD6:00 3E4FD7:09 3E4FD4:00 3E4FD5:00 3E4FD2:00 3E4FD3:0C 3E4FD0:00 3E4FD1:00 3E4FCE:00 3E4FCF:01 3E4FCC:00 3E4FCD:00 3E4FCA:00 3E4FCB:00 3E4FC8:00 3E4FC9:00 3E4FE4:00 3E4FE5:00
W 035EE 0 
W 0362A 48 3E4FEA:00 3E4FEB:16 3E4FE8:00 3E4FE9:00 3E4FE6:00 3E4FE7:11 3E4FE4:00 3E4FE5:00 3E4FE2:00 3E4FE3:00 3E4FE0:00 3E4FE1:00 3E4FDE:41 3E4FDF:C3 3E4FDC:00 3E4FDD:00 3E4FDA:00 3E4FDB:55 3E4FD8:00 3E4FD9:00 3E4FD6:43 3E4FD7:74 3E4FD4:00 3E4FD5:3E 3E4FD2:00 3E4FD3:A8 3E4FD0:00 3E4FD1:00 3E4FCC:00 3E4FCD:01 3E4FCE:1E 3E4FCF:FE 3E4FC8:00 3E4FC9:00 3E4FCA:36 3E4FCB:5C 3E4FC4:00 3E4FC5:3E 3E4FC6:52 3E4FC7:00 3E4FBE:19 3E4FBF:68 3E4FBC:00 3E4FBD:3E 3E4FBA:1B 3E4FBB:C6 3E4FB8:00 3E4FB9:3E
W 03666 48 3E4FEA:00 3E4FEB:17 3E4FE8:00 3E4FE9:00 3E4FE6:00 3E4FE7:17 3E4FE4:00 3E4FE5:00 3E4FE2:00 3E4FE3:00 3E4FE0:00 3E4FE1:00 3E4FDE:42 3E4FDF:B9 3E4FDC:00 3E4FDD:00 3E4FDA:00 3E4FDB:F7 3E4FD8:00 3E4FD9:00 3E4FD6:42 3E4FD7:49 3E4FD4:00 3E4FD5:3E 3E4FD2:00 3E4FD3:F4 3E4FD0:00 3E4FD1:00 3E4FCC:00 3E4FCD:01 3E4FCE:1E 3E4FCF:E6 3E4FC8:00 3E4FC9:00 3E4FCA:36 3E4FCB:98 3E4FC4:00 3E4FC5:3E 3E4FC6:52 3E4FC7:00 3E4FBE:0F 3E4FBF:48 3E4FBC:00 3E4FBD:3E 3E4FBA:19 3E4FBB:68 3E4FB8:00 3E4FB9:3E
W 036A2 48 3E4FE8:00 3E4FE9:3E 3E4FEA:52 3E4FEB:00 3E4FE2:08 3E4FE3:64 3E4FE0:00 3E4FE1:3E 3E4FDE:00 3E4FDF:06 3E4FDC:00 3E4FDD:00 3E4FDA:00 3E4FDB:1B 3E4FD8:00 3E4FD9:00 3E4FD6:00 3E4FD7:11 3E4FD4:00 3E4FD5:00 3E4FD2:00 3E4FD3:09 3E4FD0:00 3E4FD1:00 3E4FCE:00 3E4FCF:08 3E4FCC:00 3E4FCD:00 3E4FE6:00 3E4FE7:00 3E4FCA:36 3E4FCB:DE 3E4FC6:27 3E4FC7:00 3E4FC8:00 3E4FC9:00 3E4FC4:3D 3E4FC5:5A 3E4FC2:00 3E4FC3:93 3E4FBE:3D 3E4FBF:55 3E4FC0:00 3E4FC1:00 3E4FBA:00 3E4FBB:01 3E4FBC:85 3E4FBD:6A
W 03726 0 
W 03728 48 3E4FEA:00 3E4FEB:18 3E4FE8:00 3E4FE9:00 3E4FE6:00 3E4FE7:00 3E4FE4:00 3E4FE5:00 3E4FE2:00 3E4FE3:12 3E4FE0:00 3E4FE1:00 3E4FDE:00 3E4FDF:0B 3E4FDC:00 3E4FDD:00 3E4FD8:00 3E4FD9:00 3E4FDA:37 3E4FDB:34 3E4FD6:0F 3E4FD7:48 3E4FD4:00 3E4FD5:3E 3E4FD2:00 3E4FD3:CD 3E4FD0:00 3E4FD1:00 3E4FCE:00 3E4FCF:00 3E4FCC:00 3E4FCD:00 3E4FCA:F4 3E4FCB:20 3E4FC8:00 3E4FC9:01 3E4FC4:00 3E4FC5:00 3E4FC6:47 3E4FC7:3E 3E4FC2:F4 3E4FC3:20 3E4FC0:00 3E4FC1:01 3E4FBE:00 3E4FBF:00 3E4FBC:00 3E4FBD:00
W 037D2 48 3E4FE8:00 3E4FE9:20 3E4FEA:00 3E4FEB:04 3E4FE4:00 3E4FE5:0B 3E4FE6:B3 3E4FE7:8A 3E4FE0:00 3E4FE1:00 3E4FE2:37 3E4FE3:E4 3E4FDE:02 3E4FDF:D8 3E4FDC:00 3E4FDD:3E 3E4FDA:00 3E4FDB:01 3E4FD8:00 3E4FD9:00 3E4FD6:00 3E4FD7:15 3E4FD4:00 3E4FD5:00 3E4FD2:00 3E4FD3:04 3E4FD0:00 3E4FD1:00 3E4FCE:00 3E4FCF:18 3E4FCC:00 3E4FCD:00 3E4FCA:00 3E4FCB:19 3E4FC8:00 3E4FC9:00 3E4FC4:00 3E4FC5:01 3E4FC6:20 3E4FC7:9A 200004:00 200005:00 200006:00 200007:00 200008:00 200009:00 20000A:00 20000B:00
W 037E8 48 3E4FE8:00 3E4FE9:00 3E4FEA:00 3E4FEB:01 3E4FE4:00 3E4FE5:00 3E4FE6:00 3E4FE7:1D 3E4FE0:00 3E4FE1:00 3E4FE2:00 3E4FE3:29 3E4FDE:00 3E4FDF:00 3E4FDC:00 3E4FDD:00 3E4FDA:00 3E4FDB:00 3E4FD8:00 3E4FD9:00 3E4FD4:00 3E4FD5:00 3E4FD6:37 3E4FD7:FC 3E4FD0:00 3E4FD1:3E 3E4FD2:52 3E4FD3:00 3E4FBA:1C 3E4FBB:F6 3E4FB8:00 3E4FB9:3E 3E4FB6:02 3E4FB7:D8 3E4FB4:00 3E4FB5:3E 3E4FB2:1B 3E4FB3:C6 3E4FB0:00 3E4FB1:3E 3E4FAE:0F 3E4FAF:48 3E4FAC:00 3E4FAD:3E 3E4FAA:00 3E4FAB:10 3E4FA8:00 3E4FA9:00
W 03800 0 
W 03802 48 3E4FEA:02 3E4FEB:D8 3E4FE8:00 3E4FE9:3E 3E4FE6:00 3E4FE7:0E 3E4FE4:00 3E4FE5:00 3E0DE8:00 3E0DE9:05 3E0DEA:65 3E0DEB:18 3E0DEC:00 3E0DED:04 3E0DEE:91 3E0DEF:FE 3E0E7A:00 3E0E7B:04 3E0E7C:91 3E0E7D:FE 3E0DF0:00 3E0DF1:20 3E0DF2:00 3E0DF3:04 3E0DF4:FF 3E0DF5:FF 3E4FE2:FB 3E4FE3:20 3E4FE0:00 3E4FE1:01 3E4FDC:00 3E4FDD:00 3E4FDE:38 3E4FDF:78 3E4FDA:0F 3E4FDB:48 3E4FD8:00 3E4FD9:3E 3E4FD6:0D 3E4FD7:E8 3E4FD4:00 3E4FD5:3E 3E4FD2:00 3E4FD3:1F 3E4FD0:00 3E4FD1:00 3E4FCE:00 3E4FCF:14
W 038B0 48 3E4FE8:00 3E4FE9:3E 3E4FEA:52 3E4FEB:00 3E4FD6:02 3E4FD7:D8 3E4FD4:00 3E4FD5:3E 3E4FD2:1B 3E4FD3:C6 3E4FD0:00 3E4FD1:3E 3E4FCE:40 3E4FCF:00 3E4FCC:00 3E4FCD:3E 3E4FCA:02 3E4FCB:D8 3E4FC8:00 3E4FC9:3E 3E4FC6:00 3E4FC7:05 3E4FC4:00 3E4FC5:00 3E4FC2:00 3E4FC3:15 3E4FC0:00 3E4FC1:00 3E4FBE:00 3E4FBF:05 3E4FBC:00 3E4FBD:00 3E4FBA:00 3E4FBB:19 3E4FB8:00 3E4FB9:00 3E4FB6:00 3E4FB7:18 3E4FB4:00 3E4FB5:00 3E4FDE:00 3E4FDF:01 3E4FDB:01 3E0DC4:01 3E4FB0:00 3E4FB1:00 3E4FB2:00 3E4FB3:01
W 03A08 48 3E4FEA:00 3E4FEB:97 3E4FE6:00 3E4FE7:00 3E4FE8:3B 3E4FE9:16 3E4FE2:00 3E4FE3:3E 3E4FE4:52 3E4FE5:00 3E4FDC:08 3E4FDD:64 3E4FDA:00 3E4FDB:3E 3E4FD8:1C 3E4FD9:F6 3E4FD6:00 3E4FD7:3E 3E4FDE:00 3E4FDF:97 3E4FE0:00 3E4FE1:97 3E4FE0:00 3E4FE1:97 3E4FE0:00 3E4FE1:97 3E4FE0:00 3E4FE1:97 3E4FE0:00 3E4FE1:97 3E4FE0:00 3E4FE1:97 3E4FE0:00 3E4FE1:97 3E4FE0:00 3E4FE1:97 3E4FE0:00 3E4FE1:97 3E4FE0:00 3E4FE1:97 3E4FE0:00 3E4FE1:97 3E4FE0:00 3E4FE1:97 3E4FE0:00 3E4FE1:97 3E4FE0:00 3E4FE1:97
W 03A4A 48 3E51FA:00 3E51FB:08 3E51F8:00 3E51F9:00 3E51FE:00 3E51FF:20 3E51FC:00 3E51FD:00 3E1968:9D 3E51F4:00 3E51F5:01 3E51FA:00 3E51FB:10 3E51F8:00 3E51F9:00 3E51FE:00 3E51FF:40 3E51FC:00 3E51FD:00 3E1968:9E 3E51F4:00 3E51F5:01 3E51FA:00 3E51FB:18 3E51F8:00 3E51F9:00 3E51FE:00 3E51FF:60 3E51FC:00 3E51FD:00 3E1968:9F 3E51F4:00 3E51F5:01 3E51FA:00 3E51FB:20 3E51F8:00 3E51F9:00 3E51FE:00 3E51FF:80 3E51FC:00 3E51FD:00 3E1968:A0 3E51F4:00 3E51F5:01 3E51FA:00 3E51FB:28 3E51F8:00 3E51F9:00
W 03BA4 48 3E4FEA:1C 3E4FEB:F6 3E4FE8:00 3E4FE9:3E 3E4FE6:08 3E4FE7:64 3E4FE4:00 3E4FE5:3E 3E4FE2:00 3E4FE3:02 3E4FE0:00 3E4FE1:00 3E4FDE:00 3E4FDF:1D 3E4FDC:00 3E4FDD:00 3E4FDA:00 3E4FDB:06 3E4FD8:00 3E4FD9:00 3E4FD6:00 3E4FD7:1D 3E4FD4:00 3E4FD5:00 3E4FD2:00 3E4FD3:00 3E4FCE:00 3E4FCF:00 3E4FD0:3B 3E4FD1:B2 3E4FD2:00 3E4FD3:03 3E4FD0:00 3E4FD1:00 3E4FCE:00 3E4FCF:07 3E4FCC:00 3E4FCD:00 3E4FCA:08 3E4FCB:64 3E4FC8:00 3E4FC9:3E 3E4FC4:00 3E4FC5:00 3E4FC6:3C 3E4FC7:06 3E4FC2:00 3E4FC3:00
W 03C00 48 3E4FEA:02 3E4FEB:D8 3E4FE8:00 3E4FE9:3E 3E4FE4:00 3E4FE5:00 3E4FE6:3C 3E4FE7:06 3E4FE2:00 3E4FE3:09 3E4FE0:00 3E4FE1:00 3E4FDE:00 3E4FDF:19 3E4FDC:00 3E4FDD:00 3E4FE6:00 3E4FE7:10 3E4FE4:00 3E4FE5:00 3E4FE2:00 3E4FE3:19 3E4FE0:00 3E4FE1:00 3E4FDE:02 3E4FDF:D8 3E4FDC:00 3E4FDD:3E 3E4FD8:00 3E4FD9:00 3E4FDA:3C 3E4FDB:28 3E4FD6:00 3E4FD7:09 3E4FD4:00 3E4FD5:00 3E4FD2:00 3E4FD3:19 3E4FD0:00 3E4FD1:00 3E500E:00 3E500F:00 3E500A:27 3E500B:00 3E500C:00 3E500D:00 3E5006:00 3E5007:01
W 03CEE 48 3E4FEA:1C 3E4FEB:F6 3E4FE8:00 3E4FE9:3E 3E4FE6:00 3E4FE7:00 3E4FE4:00 3E4FE5:00 3E4FE2:00 3E4FE3:03 3E4FE0:00 3E4FE1:00 3E4FDE:00 3E4FDF:00 3E4FDA:00 3E4FDB:00 3E4FDC:3C 3E4FDD:FC 3E4FDE:00 3E4FDF:8F 3E4FDC:00 3E4FDD:00 3E4FDA:00 3E4FDB:00 3E4FD6:00 3E4FD7:00 3E4FD8:3D 3E4FD9:8E 3E4FDA:00 3E4FDB:04 3E4FD8:00 3E4FD9:20 3E4FD4:00 3E4FD5:00 3E4FD6:3D 3E4FD7:98 3E4FD2:19 3E4FD3:68 3E4FD0:00 3E4FD1:3E 3E4FCE:00 3E4FCF:07 3E4FCC:00 3E4FCD:00 3E4FCA:00 3E4FCB:00 3E4FC8:00 3E4FC9:00
W 03DA0 0 
W 03DE8 8 3E4FEA:00 3E4FEB:08 3E4FE8:00 3E4FE9:00 3E4FE6:00 3E4FE7:03 3E4FE4:00 3E4FE5:00
W 03E26 48 3E0DF8:00 3E0DF9:00 3E0DF6:00 3E0DF7:00 3E0E00:00 3E0E01:00 3E0DFE:00 3E0DFF:00 3E0E08:00 3E0E09:00 3E0E06:00 3E0E07:00 3E0E10:00 3E0E11:00 3E0E0E:00 3E0E0F:00 3E0E18:00 3E0E19:00 3E0E16:00 3E0E17:00 3E0E20:00 3E0E21:00 3E0E1E:00 3E0E1F:00 3E0E28:00 3E0E29:00 3E0E26:00 3E0E27:00 3E0E30:00 3E0E31:00 3E0E2E:00 3E0E2F:00 3E0E38:00 3E0E39:00 3E0E36:00 3E0E37:00 3E0E40:00 3E0E41:00 3E0E3E:00 3E0E3F:00 3E0E48:00 3E0E49:00 3E0E46:00 3E0E47:00 3E0E50:00 3E0E51:00 3E0E4E:00 3E0E4F:00
W 03E3E 48 3E4FEA:1B 3E4FEB:C6 3E4FE8:00 3E4FE9:3E 3E0DF6:00 3E0DF7:00 3E0DF8:00 3E0DF9:43 3E0DFA:00 3E0DFB:3E 3E0DFC:00 3E0DFD:00 3E4FE6:0D 3E4FE7:F6 3E4FE4:00 3E4FE5:3E 3E4FE0:00 3E4FE1:00 3E4FE2:3E 3E4FE3:6E 3E4FDE:0F 3E4FDF:48 3E4FDC:00 3E4FDD:3E 3E4FDA:19 3E4FDB:68 3E4FD8:00 3E4FD9:3E 3E4FD6:0D 3E4FD7:F6 3E4FD4:00 3E4FD5:3E 3E4FD2:00 3E4FD3:0B 3E4FD0:00 3E4FD1:00 3E4FCE:00 3E4FCF:12 3E4FCC:00 3E4FCD:00 3E4FCA:3E 3E4FCB:9E 3E4FC6:27 3E4FC7:04 3E4FC8:00 3E4FC9:00 3E4FC4:28 3E4FC5:50
W 03E84 48 3E4FEA:08 3E4FEB:64 3E4FE8:00 3E4FE9:3E 3E4FE6:40 3E4FE7:00 3E4FE4:00 3E4FE5:3E 3E4FE2:02 3E4FE3:D8 3E4FE0:00 3E4FE1:3E 3E4FDE:00 3E4FDF:16 3E4FDC:00 3E4FDD:00 3E4FDA:00 3E4FDB:1A 3E4FD8:00 3E4FD9:00 3E4FD6:3E 3E4FD7:9C 3E4FD2:27 3E4FD3:04 3E4FD4:00 3E4FD5:00 3E4FD0:20 3E4FD1:52 3E4FCE:00 3E4FCF:17 3E4FCA:20 3E4FCB:55 3E4FCC:00 3E4FCD:00 3E4FC6:00 3E4FC7:01 3E4FC8:85 3E4FC9:6A 3E4FC2:00 3E4FC3:01 3E4FC4:86 3E4FC5:58 3E4FC0:9C 3E4FC1:30 3E4FBC:27 3E4FBD:04 3E4FBE:00 3E4FBF:01
W 03F10 1 3E0E78:01
W 03F1A 1 3E0E78:00
W 03F22 49 3E4FEA:19 3E4FEB:68 3E4FE8:00 3E4FE9:3E 3E4FE6:00 3E4FE7:0A 3E4FE4:00 3E4FE5:00 3E0DFC:00 3E0DFD:30 3E0DF6:00 3E0DF7:02 3E0DF8:12 3E0DF9:72 3E4FF5:3D 3E0DFA:00 3E0DFB:3D 3E4FE2:0D 3E4FE3:F6 3E4FE0:00 3E4FE1:3E 3E4FDC:00 3E4FDD:01 3E4FDE:1B 3E4FDF:42 3E4FD8:00 3E4FD9:00 3E4FDA:3F 3E4FDB:8C 3E4FD6:0D 3E4FD7:FC 3E4FD4:00 3E4FD5:3E 3E4FD2:00 3E4FD3:02 3E4FD0:00 3E4FD1:00 3E4FCE:00 3E4FCF:12 3E4FCC:00 3E4FCD:00 3E1CF4:00 3E1CF5:06 3E1D42:00 3E1D43:00 3E1D44:3F 3E1D45:94 3E1D46:00 3E1D47:3E
W 03F94 0 
W 04000 48 3E400E:00 3E400F:3E 3E4010:1B 3E4011:C6 3E4FEA:00 3E4FEB:1E 3E4FE8:00 3E4FE9:00 3E4FE6:00 3E4FE7:04 3E4FE4:00 3E4FE5:00 3E4FE0:00 3E4FE1:00 3E4FE2:00 3E4FE3:01 3E4FDE:00 3E4FDF:00 3E4FDA:00 3E4FDB:00 3E4FDC:40 3E4FDD:18 3E4FD8:08 3E4FD9:64 3E4FD6:00 3E4FD7:3E 3E4FD4:00 3E4FD5:0E 3E4FD2:00 3E4FD3:00 3E4FD0:00 3E4FD1:07 3E4FCE:00 3E4FCF:00 3E4FCC:00 3E4FCD:0A 3E4FCA:00 3E4FCB:00 3E4FC8:00 3E4FC9:0E 3E4FC6:00 3E4FC7:00 3E4FC4:00 3E4FC5:1E 3E4FC2:00 3E4FC3:00 3E4FC0:00 3E4FC1:00
W 0404A 48 3E4FEA:00 3E4FEB:16 3E4FE8:00 3E4FE9:00 3E4FE4:00 3E4FE5:00 3E4FE6:00 3E4FE7:80 3E4FE2:EC 3E4FE3:4E 3E4FE0:00 3E4FE1:A1 3E4FDE:50 3E4FDF:B1 3E4FDC:00 3E4FDD:00 3E4FD8:00 3E4FD9:00 3E4FDA:40 3E4FDB:86 3E4FD6:1B 3E4FD7:C6 3E4FD4:00 3E4FD5:3E 3E4FD2:EC 3E4FD3:4E 3E4FD0:00 3E4FD1:A1 3E4FCE:00 3E4FCF:17 3E4FCC:00 3E4FCD:00 3E4FCA:00 3E4FCB:12 3E4FC8:00 3E4FC9:00 3E4FC6:00 3E4FC7:4E 3E4FC4:00 3E4FC5:00 3E4FC2:EC 3E4FC3:4A 3E4FC0:00 3E4FC1:81 3E4FBC:00 3E4FBD:01 3E4FBE:1F 3E4FBF:1E
W 0408E 48 3E4FEA:00 3E4FEB:00 3E4FE6:00 3E4FE7:00 3E4FE8:40 3E4FE9:98 3E4FE6:00 3E4FE7:00 3E4FE8:00 3E4FE9:B0 3E4FE4:00 3E4FE5:04 3E4FE2:00 3E4FE3:20 3E4FE0:00 3E4FE1:08 3E4FDE:00 3E4FDF:00 3E4FDA:00 3E4FDB:00 3E4FDC:40 3E4FDD:CC 3E4FD8:40 3E4FD9:00 3E4FD6:00 3E4FD7:3E 3E4FD4:1B 3E4FD5:E0 3E4FD2:00 3E4FD3:02 3E4FD0:00 3E4FD1:13 3E4FCE:00 3E4FCF:00 3E4FCC:00 3E4FCD:18 3E4FCA:00 3E4FCB:00 3E4FC8:00 3E4FC9:04 3E4FC6:00 3E4FC7:00 3E4FC4:00 3E4FC5:00 3E4FC2:00 3E4FC3:00 3E4FBE:00 3E4FBF:01
W 040D2 46 3E4FE8:00 3E4FE9:3E 3E4FEA:52 3E4FEB:00 3E4FDA:40 3E4FDB:00 3E4FD8:00 3E4FD9:3E 3E4FD6:02 3E4FD7:D8 3E4FD4:00 3E4FD5:3E 3E4FD2:0F 3E4FD3:48 3E4FD0:00 3E4FD1:3E 3E4FCE:00 3E4FCF:18 3E4FCC:00 3E4FCD:00 3E4FCA:00 3E4FCB:0E 3E4FC8:00 3E4FC9:00 3E4FC6:00 3E4FC7:0F 3E4FC4:00 3E4FC5:00 3E4FC2:00 3E4FC3:0B 3E4FC0:00 3E4FC1:00 3E4FBE:00 3E4FBF:0B 3E4FBC:00 3E4FBD:00 3E4FBA:00 3E4FBB:00 3E4FB6:00 3E4FB7:00 3E4FB8:41 3E4FB9:16 3E4FDE:00 3E4FDF:20 3E4FE0:00 3E4FE1:04
W 041BE 48 3E4FE8:00 3E4FE9:3E 3E4FEA:52 3E4FEB:00 3E4FE2:40 3E4FE3:00 3E4FE0:00 3E4FE1:3E 3E4FDE:00 3E4FDF:09 3E4FDC:00 3E4FDD:00 3E4FDA:00 3E4FDB:0E 3E4FD8:00 3E4FD9:00 3E4FD6:00 3E4FD7:1B 3E4FD4:00 3E4FD5:00 3E4FE6:15 3E4FE7:10 3E4FD2:00 3E4FD3:64 3E4FD0:00 3E4FD1:00 3E4FCE:43 3E4FCF:44 3E4FCC:00 3E4FCD:00 3E4FCA:00 3E4FCB:16 3E4FC8:00 3E4FC9:00 3E4FC6:15 3E4FC7:10 3E4FC2:00 3E4FC3:00 3E4FC4:42 3E4FC5:50 3E4FC6:00 3E4FC7:AC 3E4FC4:00 3E4FC5:21 3E4FC2:00 3E4FC3:B4 3E4FC0:00 3E4FC1:00
W 0427E 48 3E4FE8:00 3E4FE9:3E 3E4FEA:52 3E4FEB:00 3E4FE2:0F 3E4FE3:48 3E4FE0:00 3E4FE1:3E 3E4FE6:1B 3E4FE7:4E 3E4FDC:00 3E4FDD:00 3E4FDE:00 3E4FDF:01 3E4FDA:00 3E4FDB:59 3E4FD8:00 3E4FD9:00 3E4FD6:00 3E4FD7:27 3E4FD4:00 3E4FD5:00 3E4FD2:00 3E4FD3:4D 3E4FD0:00 3E4FD1:00 3E4FCE:00 3E4FCF:1A 3E4FCC:00 3E4FCD:00 3E4FC8:00 3E4FC9:00 3E4FCA:42 3E4FCB:F8 3E4FC4:00 3E4FC5:3E 3E4FC6:4F 3E4FC7:E8 3E4FAE:1C 3E4FAF:F6 3E4FAC:00 3E4FAD:3E 3E4FAA:40 3E4FAB:00 3E4FA8:00 3E4FA9:3E 3E4FA6:02 3E4FA7:D8
W 04332 48 3E4FEA:00 3E4FEB:00 3E4FE6:00 3E4FE7:00 3E4FE8:43 3E4FE9:3C 3E4FE6:00 3E4FE7:00 3E4FE8:00 3E4FE9:C0 3E4FE4:00 3E4FE5:04 3E4FE2:00 3E4FE3:20 3E4FE0:00 3E4FE1:00 3E4FDC:00 3E4FDD:00 3E4FDE:43 3E4FDF:4A 3E4FE0:9F 3E4FE1:36 3E4FDE:00 3E4FDF:00 3E4FDA:00 3E4FDB:00 3E4FDC:43 3E4FDD:54 3E4FD8:02 3E4FD9:D8 3E4FD6:00 3E4FD7:3E 3E4FD4:4F 3E4FD5:AA 3E4FD2:00 3E4FD3:03 3E4FD0:00 3E4FD1:06 3E4FCE:00 3E4FCF:00 3E4FCC:00 3E4FCD:13 3E4FCA:00 3E4FCB:00 3E4FC8:00 3E4FC9:1A 3E4FC6:00 3E4FC7:00
W 0435A 0 
W 043C2 48 3E4FE8:00 3E4FE9:3E 3E4FEA:52 3E4FEB:00 3E4FE2:0F 3E4FE3:48 3E4FE0:00 3E4FE1:3E 3E4FDE:00 3E4FDF:0D 3E4FDC:00 3E4FDD:00 3E4FDA:00 3E4FDB:10 3E4FD8:00 3E4FD9:00 3E4FD6:00 3E4FD7:0C 3E4FD4:00 3E4FD5:00 3E4FD2:00 3E4FD3:0A 3E4FD0:00 3E4FD1:00 3E4FCE:00 3E4FCF:0A 3E4FCC:00 3E4FCD:00 3E4FE6:00 3E4FE7:00 3E4FCA:00 3E4FCB:04 3E4FC8:00 3E4FC9:20 3E4FC6:43 3E4FC7:EC 3E4FC2:27 3E4FC3:04 3E4FC4:00 3E4FC5:00 3E4FC0:30 3E4FC1:1A 3E4FBE:41 3E4FBF:CF 3E4FBA:30 3E4FBB:15 3E4FBC:00 3E4FBD:3E
W 0441C 48 3E4FE8:00 3E4FE9:3E 3E4FEA:52 3E4FEB:00 3E4FE2:19 3E4FE3:68 3E4FE0:00 3E4FE1:3E 3E4FDE:00 3E4FDF:14 3E4FDC:00 3E4FDD:00 3E4FE6:00 3E4FE7:01 3E4FDA:00 3E4FDB:00 3E4FD8:00 3E4FD9:00 3E4FD4:00 3E4FD5:00 3E4FD6:00 3E4FD7:02 3E4FD0:00 3E4FD1:00 3E4FD2:00 3E4FD3:02 3E4FCE:00 3E4FCF:01 3E4FCA:00 3E4FCB:00 3E4FCC:44 3E4FCD:5C 3E4FCE:10 3E4FCF:04 3E4FCC:00 3E4FCD:20 3E4FCA:00 3E4FCB:A6 3E4FC8:00 3E4FC9:89 3E4FC4:00 3E4FC5:00 3E4FC6:44 3E4FC7:72 3E4FC2:00 3E4FC3:0B 3E4FC0:00 3E4FC1:00
W 0444E 48 3E4FE8:00 3E4FE9:00 3E4FEA:00 3E4FEB:02 3E4FE6:00 3E4FE7:00 3E4FE2:00 3E4FE3:00 3E4FE4:44 3E4FE5:5C 3E4FE6:00 3E4FE7:04 3E4FE4:00 3E4FE5:20 3E4FE2:00 3E4FE3:0D 3E4FE0:00 3E4FE1:08 3E4FDC:00 3E4FDD:00 3E4FDE:44 3E4FDF:72 3E4FDA:00 3E4FDB:0D 3E4FD8:00 3E4FD9:00 3E4FD6:00 3E4FD7:2C 3E4FD4:00 3E4FD5:00 3E4FD2:00 3E4FD3:31 3E4FD0:00 3E4FD1:00 3E4FCE:60 3E4FCF:00 3E4FCC:00 3E4FCD:00 3E4FCA:00 3E4FCB:02 3E4FC8:00 3E4FC9:00 3E4FC6:00 3E4FC7:04 3E4FC4:00 3E4FC5:20 3E4FC2:00 3E4FC3:0D
W 044A2 48 3E4FE8:00 3E4FE9:3E 3E4FEA:52 3E4FEB:00 3E4FE2:00 3E4FE3:1D 3E4FE0:00 3E4FE1:00 3E4FE6:00 3E4FE7:D6 3E4FDC:00 3E4FDD:00 3E4FDE:00 3E4FDF:01 3E4FDA:FF 3E4FDB:D7 3E4FD8:FF 3E4FD9:FF 3E4FD6:00 3E4FD7:01 3E4FD4:00 3E4FD5:00 3E4FD2:FF 3E4FD3:D6 3E4FD0:FF 3E4FD1:FF 3E4FCE:00 3E4FCF:00 3E4FCC:00 3E4FCD:00 3E4FC8:00 3E4FC9:00 3E4FCA:44 3E4FCB:F2 3E4FC4:00 3E4FC5:3E 3E4FC6:4F 3E4FC7:E8 3E4FAE:1C 3E4FAF:F6 3E4FAC:00 3E4FAD:3E 3E4FAA:19 3E4FAB:68 3E4FA8:00 3E4FA9:3E 3E4FA6:40 3E4FA7:00
W 0450C 49 3E4FEA:00 3E4FEB:93 3E4FE8:00 3E4FE9:00 3E4FE6:43 3E4FE7:1A 3E4FE4:00 3E4FE5:3E 3E4FE2:00 3E4FE3:00 3E4FE0:00 3E4FE1:00 3E4FDC:00 3E4FDD:00 3E4FDE:45 3E4FDF:20 3E4FDA:00 3E4FDB:0B 3E4FD8:00 3E4FD9:00 3E4FD6:00 3E4FD7:15 3E4FD4:00 3E4FD5:00 3E4FD2:00 3E4FD3:1B 3E4FD0:00 3E4FD1:00 3E4FCC:00 3E4FCD:00 3E4FCE:C7 3E4FCF:D0 3E4FCA:40 3E4FCB:00 3E4FC8:00 3E4FC9:3E 3E4FC6:00 3E4FC7:1A 3E4FC4:00 3E4FC5:00 3E4FC2:00 3E4FC3:00 3E4FC0:00 3E4FC1:00 3E2498:01 3E4FBE:20 3E4FBF:B0 3E4FBC:00 3E4FBD:3E
W 0452E 49 3E4FEA:00 3E4FEB:04 3E4FE8:00 3E4FE9:00 3E4FE6:40 3E4FE7:8A 3E4FE4:00 3E4FE5:3E 3E4FE0:00 3E4FE1:00 3E4FE2:00 3E4FE3:01 3E4FDC:00 3E4FDD:00 3E4FDE:45 3E4FDF:44 3E4FDA:00 3E4FDB:04 3E4FD8:00 3E4FD9:00 3E4FD6:00 3E4FD7:1B 3E4FD4:00 3E4FD5:00 3E4FD2:00 3E4FD3:00 3E4FD0:00 3E4FD1:00 3E4FCC:00 3E4FCD:00 3E4FCE:C7 3E4FCF:D0 3E4FCA:0F 3E4FCB:48 3E4FC8:00 3E4FC9:3E 3E4FC6:00 3E4FC7:8A 3E4FC4:00 3E4FC5:00 3E4FC2:00 3E4FC3:01 3E4FC0:00 3E4FC1:00 3E2498:01 3E4FBE:20 3E4FBF:B0 3E4FBC:00 3E4FBD:3E
W 04552 48 3E4FEA:0F 3E4FEB:48 3E4FE8:00 3E4FE9:3E 3E4FE4:00 3E4FE5:00 3E4FE6:45 3E4FE7:5C 3E4FE2:45 3E4FE3:2E 3E4FE0:00 3E4FE1:00 3E4FDC:00 3E4FDD:00 3E4FDE:00 3E4FDF:02 3E4FD8:00 3E4FD9:01 3E4FDA:EE 3E4FDB:20 3E4FD4:00 3E4FD5:00 3E4FD6:46 3E4FD7:0C 3E4FD2:EE 3E4FD3:20 3E4FD0:00 3E4FD1:01 3E4FCE:00 3E4FCF:02 3E4FCC:00 3E4FCD:00 3E4FCA:00 3E4FCB:00 3E4FC8:00 3E4FC9:00 3E4FC4:00 3E4FC5:00 3E4FC6:45 3E4FC7:20 3E4FC2:00 3E4FC3:16 3E4FC0:00 3E4FC1:00 3E4FBE:00 3E4FBF:08 3E4FBC:00 3E4FBD:00
W 045CA 0 
W 045FA 48 3E4FEA:1C 3E4FEB:F6 3E4FE8:00 3E4FE9:3E 3E4FE4:00 3E4FE5:00 3E4FE6:00 3E4FE7:02 3E4FE0:00 3E4FE1:01 3E4FE2:EE 3E4FE3:20 3E4FDC:00 3E4FDD:00 3E4FDE:46 3E4FDF:0C 3E4FDA:EE 3E4FDB:20 3E4FD8:00 3E4FD9:01 3E4FD6:00 3E4FD7:02 3E4FD4:00 3E4FD5:00 3E4FD2:00 3E4FD3:00 3E4FD0:00 3E4FD1:00 3E4FCC:00 3E4FCD:00 3E4FCE:45 3E4FCF:20 3E4FCA:00 3E4FCB:15 3E4FC8:00 3E4FC9:00 3E4FC6:00 3E4FC7:07 3E4FC4:00 3E4FC5:00 3E4FC2:00 3E4FC3:07 3E4FC0:00 3E4FC1:00 3E4FBC:00 3E4FBD:00 3E4FBE:C7 3E4FBF:D0
W 0463C 48 3E4FEA:08 3E4FEB:64 3E4FE8:00 3E4FE9:3E 3E4FE4:00 3E4FE5:00 3E4FE6:00 3E4FE7:09 3E4FE0:00 3E4FE1:01 3E4FE2:ED 3E4FE3:20 3E4FDC:00 3E4FDD:00 3E4FDE:46 3E4FDF:4E 3E4FDA:ED 3E4FDB:20 3E4FD8:00 3E4FD9:01 3E4FD6:00 3E4FD7:09 3E4FD4:00 3E4FD5:00 3E4FD2:00 3E4FD3:00 3E4FD0:00 3E4FD1:00 3E4FCC:00 3E4FCD:00 3E4FCE:45 3E4FCF:20 3E4FCA:00 3E4FCB:17 3E4FC8:00 3E4FC9:00 3E4FC6:00 3E4FC7:08 3E4FC4:00 3E4FC5:00 3E4FC2:00 3E4FC3:02 3E4FC0:00 3E4FC1:00 3E4FBC:00 3E4FBD:00 3E4FBE:C7 3E4FBF:D0
W 0469E 48 3E4FE8:00 3E4FE9:00 3E4FEA:00 3E4FEB:08 3E4FE4:00 3E4FE5:01 3E4FE6:F1 3E4FE7:40 3E4FE0:00 3E4FE1:00 3E4FE2:46 3E4FE3:AC 3E4FDE:F1 3E4FDF:40 3E4FDC:00 3E4FDD:01 3E4FDA:00 3E4FDB:08 3E4FD8:00 3E4FD9:00 3E4FD6:00 3E4FD7:00 3E4FD4:00 3E4FD5:00 3E4FD0:00 3E4FD1:00 3E4FD2:45 3E4FD3:20 3E4FCE:00 3E4FCF:13 3E4FCC:00 3E4FCD:00 3E4FCA:00 3E4FCB:07 3E4FC8:00 3E4FC9:00 3E4FC6:00 3E4FC7:03 3E4FC4:00 3E4FC5:00 3E4FC0:00 3E4FC1:00 3E4FC2:C7 3E4FC3:D0 3E4FBE:19 3E4FBF:68 3E4FBC:00 3E4FBD:3E
W 046B0 48 3E4FE8:00 3E4FE9:00 3E4FEA:00 3E4FEB:01 3E4FE4:00 3E4FE5:01 3E4FE6:EE 3E4FE7:80 3E4FE0:00 3E4FE1:00 3E4FE2:46 3E4FE3:BE 3E4FDE:EE 3E4FDF:80 3E4FDC:00 3E4FDD:01 3E4FDA:00 3E4FDB:01 3E4FD8:00 3E4FD9:00 3E4FD6:00 3E4FD7:00 3E4FD4:00 3E4FD5:00 3E4FD0:00 3E4FD1:00 3E4FD2:45 3E4FD3:20 3E4FCE:00 3E4FCF:0C 3E4FCC:00 3E4FCD:00 3E4FCA:00 3E4FCB:1F 3E4FC8:00 3E4FC9:00 3E4FC6:00 3E4FC7:03 3E4FC4:00 3E4FC5:00 3E4FC0:00 3E4FC1:00 3E4FC2:C7 3E4FC3:D0 3E4FBE:19 3E4FBF:68 3E4FBC:00 3E4FBD:3E
W 046C2 48 3E4FE8:00 3E4FE9:00 3E4FEA:00 3E4FEB:02 3E4FE4:00 3E4FE5:00 3E4FE6:00 3E4FE7:07 3E4FE0:00 3E4FE1:00 3E4FE2:00 3E4FE3:0C 3E4FDC:00 3E4FDD:00 3E4FDE:00 3E4FDF:01 3E4FDA:00 3E4FDB:00 3E4FD8:00 3E4FD9:00 3E4FD4:00 3E4FD5:00 3E4FD6:46 3E4FD7:DA 3E4FD2:1B 3E4FD3:C6 3E4FD0:00 3E4FD1:3E 3E4FCE:00 3E4FCF:18 3E4FCC:00 3E4FCD:00 3E4FCA:00 3E4FCB:15 3E4FC8:00 3E4FC9:00 3E4FC6:00 3E4FC7:00 3E4FC4:00 3E4FC5:00 3E4FC0:00 3E4FC1:00 3E4FC2:C8 3E4FC3:46 3E4FBE:1B 3E4FBF:C6 3E4FBC:00 3E4FBD:3E
W 046E0 48 3E4FEA:0F 3E4FEB:48 3E4FE8:00 3E4FE9:3E 3E4FE4:00 3E4FE5:00 3E4FE6:00 3E4FE7:08 3E4FE0:00 3E4FE1:01 3E4FE2:F0 3E4FE3:40 3E4FDC:00 3E4FDD:00 3E4FDE:46 3E4FDF:F2 3E4FDA:F0 3E4FDB:40 3E4FD8:00 3E4FD9:01 3E4FD6:00 3E4FD7:08 3E4FD4:00 3E4FD5:00 3E4FD2:00 3E4FD3:00 3E4FD0:00 3E4FD1:00 3E4FCC:00 3E4FCD:00 3E4FCE:45 3E4FCF:20 3E4FCA:00 3E4FCB:04 3E4FC8:00 3E4FC9:00 3E4FC6:00 3E4FC7:04 3E4FC4:00 3E4FC5:00 3E4FC2:00 3E4FC3:0A 3E4FC0:00 3E4FC1:00 3E4FBC:00 3E4FBD:00 3E4FBE:C7 3E4FBF:D0
W 0472A 48 3E4FEA:08 3E4FEB:64 3E4FE8:00 3E4FE9:3E 3E4FE6:00 3E4FE7:18 3E4FE4:00 3E4FE5:00 3E4FE2:00 3E4FE3:00 3E4FE0:00 3E4FE1:00 3E4FDE:F4 3E4FDF:20 3E4FDC:00 3E4FDD:01 3E4FD8:00 3E4FD9:00 3E4FDA:47 3E4FDB:3E 3E4FD6:F4 3E4FD7:20 3E4FD4:00 3E4FD5:01 3E4FD2:00 3E4FD3:00 3E4FD0:00 3E4FD1:00 3E4FCE:00 3E4FCF:00 3E4FCC:00 3E4FCD:00 3E4FC8:00 3E4FC9:00 3E4FCA:45 3E4FCB:20 3E4FC6:00 3E4FC7:10 3E4FC4:00 3E4FC5:00 3E4FC2:00 3E4FC3:16 3E4FC0:00 3E4FC1:00 3E4FBE:F4 3E4FBF:20 3E4FBC:00 3E4FBD:01
W 04760 0 
W 047C6 48 3E4FEA:1C 3E4FEB:F6 3E4FE8:00 3E4FE9:3E 3E4FE6:00 3E4FE7:00 3E4FE4:00 3E4FE5:00 3E4FE2:00 3E4FE3:10 3E4FE0:00 3E4FE1:00 3E4FDE:00 3E4FDF:04 3E4FDC:00 3E4FDD:00 3E4FDA:00 3E4FDB:0E 3E4FD8:00 3E4FD9:00 3E4FD6:00 3E4FD7:00 3E4FD4:00 3E4FD5:00 3E4FD2:FD 3E4FD3:C2 3E4FD0:00 3E4FD1:00 3E4FCC:00 3E4FCD:00 3E4FCE:47 3E4FCF:DE 3E4FCA:FD 3E4FCB:C2 3E4FC8:00 3E4FC9:00 3E4FC6:00 3E4FC7:00 3E4FC4:00 3E4FC5:00 3E4FC2:00 3E4FC3:00 3E4FC0:00 3E4FC1:00 3E4FBC:00 3E4FBD:00 3E4FBE:45 3E4FBF:20
W 0482E 48 3E4FEA:02 3E4FEB:D8 3E4FE8:00 3E4FE9:3E 3E4FE6:0F 3E4FE7:48 3E4FE4:00 3E4FE5:3E 3E4FE2:1B 3E4FE3:C6 3E4FE0:00 3E4FE1:3E 3E4FDE:00 3E4FDF:04 3E4FDC:00 3E4FDD:00 3E1CA6:30 3E1CA7:60 3E1CA8:40 3E1CA9:70 3E4FD8:00 3E4FD9:00 3E4FDA:48 3E4FDB:7A 3E4FD6:1A 3E4FD7:E2 3E4FD4:00 3E4FD5:3E 3E4FD2:FE 3E4FD3:06 3E4FD0:00 3E4FD1:00 3E4FCE:1C 3E4FCF:AB 3E4FCC:00 3E4FCD:3E 3E4FCA:00 3E4FCB:09 3E4FC8:00 3E4FC9:00 3E4FC6:00 3E4FC7:04 3E4FC4:00 3E4FC5:00 3E4FC2:00 3E4FC3:03 3E4FC0:00 3E4FC1:00
W 04880 48 3E1CA6:20 3E1CA7:50 3E1CA8:40 3E1CA9:70 3E4FE8:00 3E4FE9:00 3E4FEA:48 3E4FEB:AC 3E4FE6:1B 3E4FE7:C6 3E4FE4:00 3E4FE5:3E 3E4FE2:1B 3E4FE3:C6 3E4FE0:00 3E4FE1:3E 3E4FDE:08 3E4FDF:64 3E4FDC:00 3E4FDD:3E 3E4FDA:00 3E4FDB:12 3E4FD8:00 3E4FD9:00 3E4FD6:00 3E4FD7:0A 3E4FD4:00 3E4FD5:00 3E4FD2:00 3E4FD3:02 3E4FD0:00 3E4FD1:00 3E4FCC:00 3E4FCD:01 3E4FCE:F2 3E4FCF:A0 3E4FC8:00 3E4FC9:00 3E4FCA:49 3E4FCB:0A 3E4FC6:F2 3E4FC7:A0 3E4FC4:00 3E4FC5:01 3E4FC2:00 3E4FC3:02 3E4FC0:00 3E4FC1:00
W 048AE 48 3E4FEA:02 3E4FEB:D8 3E4FE8:00 3E4FE9:3E 3E4FE6:40 3E4FE7:00 3E4FE4:00 3E4FE5:3E 3E4FE2:1B 3E4FE3:C6 3E4FE0:00 3E4FE1:3E 3E4FDE:00 3E4FDF:08 3E4FDC:00 3E4FDD:00 3E4FDA:00 3E4FDB:00 3E4FD8:00 3E4FD9:00 3E4FD6:00 3E4FD7:03 3E4FD4:00 3E4FD5:00 3E4FD0:00 3E4FD1:01 3E4FD2:F2 3E4FD3:A0 3E4FCC:00 3E4FCD:00 3E4FCE:49 3E4FCF:0A 3E4FCA:F2 3E4FCB:A0 3E4FC8:00 3E4FC9:01 3E4FC6:00 3E4FC7:03 3E4FC4:00 3E4FC5:00 3E4FC2:00 3E4FC3:00 3E4FC0:00 3E4FC1:00 3E4FBC:00 3E4FBD:00 3E4FBE:45 3E4FBF:20
W 04A6A 48 3E4FEA:40 3E4FEB:00 3E4FE8:00 3E4FE9:3E 3E4FE6:00 3E4FE7:0B 3E4FE4:00 3E4FE5:00 3E4FE2:00 3E4FE3:06 3E4FE0:00 3E4FE1:00 3E4FDE:00 3E4FDF:15 3E4FDC:00 3E4FDD:00 3E4FDA:00 3E4FDB:08 3E4FD8:00 3E4FD9:00 3E4FD6:00 3E4FD7:02 3E4FD4:00 3E4FD5:00 3E4FD2:00 3E4FD3:04 3E4FD0:00 3E4FD1:00 3E4FCE:00 3E4FCF:03 3E4FCC:00 3E4FCD:00 3E4FCA:00 3E4FCB:04 3E4FC8:00 3E4FC9:00 3E4FC6:00 3E4FC7:0D 3E4FC4:00 3E4FC5:00 3E4FC2:FE 3E4FC3:18 3E4FC0:00 3E4FC1:00 3E4FBE:00 3E4FBF:05 3E4FBC:00 3E4FBD:00
W 04AB8 48 3E4FE8:00 3E4FE9:00 3E4FEA:00 3E4FEB:0D 3E4FE4:00 3E4FE5:01 3E4FE6:ED 3E4FE7:A0 3E4FE0:00 3E4FE1:00 3E4FE2:4A 3E4FE3:C6 3E4FDE:ED 3E4FDF:A0 3E4FDC:00 3E4FDD:01 3E4FDA:00 3E4FDB:0D 3E4FD8:00 3E4FD9:00 3E4FD6:00 3E4FD7:00 3E4FD4:00 3E4FD5:00 3E4FD0:00 3E4FD1:00 3E4FD2:45 3E4FD3:20 3E4FCE:00 3E4FCF:0A 3E4FCC:00 3E4FCD:00 3E4FCA:00 3E4FCB:12 3E4FC8:00 3E4FC9:00 3E4FC6:00 3E4FC7:02 3E4FC4:00 3E4FC5:00 3E4FC0:00 3E4FC1:00 3E4FC2:C7 3E4FC3:D0 3E4FBE:1C 3E4FBF:F6 3E4FBC:00 3E4FBD:3E
W 04B0A 22 3E4FEA:1C 3E4FEB:F6 3E4FE8:00 3E4FE9:3E 3E4FE6:19 3E4FE7:68 3E4FE4:00 3E4FE5:3E 3E4FE2:19 3E4FE3:68 3E4FE0:00 3E4FE1:3E 3E4FDE:00 3E4FDF:0F 3E4FDC:00 3E4FDD:00 3E4FD8:00 3E4FD9:00 3E4FDA:4B 3E4FDB:18 3E0802:00 3E0803:00
W 04BFA 0 
W 04C54 32 3E4FE8:00 3E4FE9:00 3E4FEA:00 3E4FEB:0A 3E4FE6:00 3E4FE7:00 3E4FE4:00 3E4FE5:00 3E4FE0:00 3E4FE1:00 3E4FE2:4C 3E4FE3:5C 3E4FDE:19 3E4FDF:9C 3E4FDA:27 3E4FDB:00 3E4FDC:00 3E4FDD:3E 3E4FD6:00 3E4FD7:01 3E4FD8:85 3E4FD9:7C 3E4FD2:00 3E4FD3:01 3E4FD4:86 3E4FD5:58 3E4FD0:9C 3E4FD1:30 3E4FCC:27 3E4FCD:00 3E4FCE:00 3E4FCF:01
W 04C80 48 3E4FEA:0F 3E4FEB:48 3E4FE8:00 3E4FE9:3E 3E4FE4:00 3E4FE5:00 3E4FE6:00 3E4FE7:03 3E4FE0:00 3E4FE1:00 3E4FE2:00 3E4FE3:03 3E4FDC:00 3E4FDD:00 3E4FDE:00 3E4FDF:01 3E4FDA:00 3E4FDB:03 3E4FD8:00 3E4FD9:00 3E4FD6:00 3E4FD7:00 3E4FD4:00 3E4FD5:00 3E4FD0:00 3E4FD1:00 3E4FD2:4C 3E4FD3:A8 3E4FCE:C8 3E4FCF:32 3E4FCC:00 3E4FCD:00 3E4FCA:00 3E4FCB:10 3E4FC8:00 3E4FC9:00 3E4FC6:00 3E4FC7:14 3E4FC4:00 3E4FC5:00 3E4FC2:00 3E4FC3:1C 3E4FC0:00 3E4FC1:00 3E4FBC:00 3E4FBD:00 3E4FBE:C8 3E4FBF:46
W 04D44 48 3E4FE8:00 3E4FE9:00 3E4FEA:00 3E4FEB:04 3E4FE4:00 3E4FE5:00 3E4FE6:00 3E4FE7:03 3E4FE0:00 3E4FE1:00 3E4FE2:00 3E4FE3:04 3E4FDC:00 3E4FDD:00 3E4FDE:00 3E4FDF:0D 3E4FD8:00 3E4FD9:00 3E4FDA:FE 3E4FDB:18 3E4FD4:00 3E4FD5:00 3E4FD6:00 3E4FD7:08 3E4FD2:00 3E4FD3:00 3E4FD0:00 3E4FD1:00 3E4FCC:00 3E4FCD:00 3E4FCE:4D 3E4FCF:66 3E4FCA:08 3E4FCB:64 3E4FC8:00 3E4FC9:3E 3E4FC6:00 3E4FC7:03 3E4FC4:00 3E4FC5:00 3E4FC2:00 3E4FC3:1F 3E4FC0:00 3E4FC1:00 3E4FBE:00 3E4FBF:09 3E4FBC:00 3E4FBD:00
W 04D6C 48 3E4FEA:00 3E4FEB:00 3E4FE8:00 3E4FE9:00 3E4FE6:00 3E4FE7:00 3E4FE4:00 3E4FE5:00 3E4FE0:00 3E4FE1:00 3E4FE2:00 3E4FE3:02 3E4FDE:00 3E4FDF:00 3E4FDC:00 3E4FDD:00 3E4FD8:00 3E4FD9:00 3E4FDA:00 3E4FDB:04 3E4FD4:00 3E4FD5:00 3E4FD6:00 3E4FD7:01 3E4FD0:00 3E4FD1:00 3E4FD2:00 3E4FD3:0F 3E4FCE:00 3E4FCF:00 3E4FCC:00 3E4FCD:00 3E4FC8:00 3E4FC9:00 3E4FCA:4D 3E4FCB:8A 3E4FC6:1B 3E4FC7:C6 3E4FC4:00 3E4FC5:3E 3E4FC2:00 3E4FC3:0F 3E4FC0:00 3E4FC1:00 3E4FBE:00 3E4FBF:09 3E4FBC:00 3E4FBD:00
W 04D90 48 3E4FE8:00 3E4FE9:00 3E4FEA:00 3E4FEB:08 3E4FE4:00 3E4FE5:00 3E4FE6:00 3E4FE7:01 3E4FE0:00 3E4FE1:00 3E4FE2:00 3E4FE3:04 3E4FDC:00 3E4FDD:00 3E4FDE:00 3E4FDF:01 3E4FDA:0E 3E4FDB:C2 3E4FD8:00 3E4FD9:02 3E4FD6:00 3E4FD7:F8 3E4FD4:00 3E4FD5:00 3E4FD2:00 3E4FD3:00 3E4FD0:00 3E4FD1:00 3E4FCC:00 3E4FCD:00 3E4FCE:4D 3E4FCF:C8 3E4FCA:08 3E4FCB:64 3E4FC8:00 3E4FC9:3E 3E4FC6:00 3E4FC7:04 3E4FC4:00 3E4FC5:00 3E4FC2:00 3E4FC3:06 3E4FC0:00 3E4FC1:00 3E4FBE:00 3E4FBF:16 3E4FBC:00 3E4FBD:00
W 04DD2 48 3E4FEA:0F 3E4FEB:48 3E4FE8:00 3E4FE9:3E 3E4FE6:08 3E4FE7:64 3E4FE4:00 3E4FE5:3E 3E4FE2:00 3E4FE3:07 3E4FE0:00 3E4FE1:00 3E4FDE:00 3E4FDF:08 3E4FDC:00 3E4FDD:00 3E4FDA:00 3E4FDB:04 3E4FD8:00 3E4FD9:00 3E4FD6:00 3E4FD7:10 3E4FD4:00 3E4FD5:00 3E4FD2:00 3E4FD3:06 3E4FD0:00 3E4FD1:00 3E4FCE:00 3E4FCF:04 3E4FCC:00 3E4FCD:00 3E4FCA:00 3E4FCB:03 3E4FC8:00 3E4FC9:00 3E4FC6:00 3E4FC7:01 3E4FC4:00 3E4FC5:00 3E4FC2:00 3E4FC3:01 3E4FC0:00 3E4FC1:00 3E4FBE:00 3E4FBF:01 3E4FBC:00 3E4FBD:00
W 04E20 48 3E4FEA:02 3E4FEB:D8 3E4FE8:00 3E4FE9:3E 3E4FE4:00 3E4FE5:00 3E4FE6:00 3E4FE7:03 3E4FE0:00 3E4FE1:00 3E4FE2:00 3E4FE3:05 3E4FDC:00 3E4FDD:00 3E4FDE:00 3E4FDF:05 3E4FD8:00 3E4FD9:00 3E4FDA:00 3E4FDB:08 3E4FD6:00 3E4FD7:00 3E4FD4:00 3E4FD5:00 3E4FD0:00 3E4FD1:00 3E4FD2:4E 3E4FD3:6E 3E4FCE:EE 3E4FCF:20 3E4FCC:00 3E4FCD:01 3E4FCA:00 3E4FCB:0B 3E4FC8:00 3E4FC9:00 3E4FC6:00 3E4FC7:03 3E4FC4:00 3E4FC5:00 3E4FC2:00 3E4FC3:06 3E4FC0:00 3E4FC1:00 3E4FBC:00 3E4FBD:00 3E4FBE:C8 3E4FBF:46
W 04E82 0 
W 04F8C 30 3E41FE:86 3E41FF:58 3E4FEA:4F 3E4FEB:9A 3E4FE6:27 3E4FE7:08 3E4FE8:00 3E4FE9:00 3E4FE4:30 3E4FE5:D9 3E4FE2:41 3E4FE3:FF 3E4FDE:30 3E4FDF:C5 3E4FE0:00 3E4FE1:3E 3E4FDA:00 3E4FDB:01 3E4FDC:85 3E4FDD:6A 3E4FD6:00 3E4FD7:01 3E4FD8:86 3E4FD9:58 3E4FD4:9C 3E4FD5:30 3E4FD0:27 3E4FD1:08 3E4FD2:00 3E4FD3:01
W 04F9E 48 3E4FEA:19 3E4FEB:68 3E4FE8:00 3E4FE9:3E 3E4FE6:00 3E4FE7:00 3E4FE4:00 3E4FE5:00 3E4FE0:00 3E4FE1:00 3E4FE2:00 3E4FE3:05 3E4FDE:00 3E4FDF:00 3E4FDC:00 3E4FDD:00 3E4FDA:00 3E4FDB:00 3E4FD8:00 3E4FD9:00 3E4FD4:00 3E4FD5:00 3E4FD6:4F 3E4FD7:B2 3E4FD2:00 3E4FD3:06 3E4FD0:00 3E4FD1:00 3E4FCE:00 3E4FCF:1B 3E4FCC:00 3E4FCD:00 3E4FCA:00 3E4FCB:1D 3E4FC8:00 3E4FC9:00 3E4FC4:00 3E4FC5:00 3E4FC6:C9 3E4FC7:72 3E4FC2:C9 3E4FC3:5E 3E4FC0:00 3E4FC1:00 3E4FBE:00 3E4FBF:05 3E4FBC:00 3E4FBD:00
W 04FEA 48 3E4FEA:08 3E4FEB:64 3E4FE8:00 3E4FE9:3E 3E4FE4:00 3E4FE5:00 3E4FE6:00 3E4FE7:05 3E4FE0:00 3E4FE1:00 3E4FE2:FD 3E4FE3:E2 3E4FDC:00 3E4FDD:00 3E4FDE:4F 3E4FDF:FC 3E4FDA:FD 3E4FDB:E2 3E4FD8:00 3E4FD9:00 3E4FD6:00 3E4FD7:05 3E4FD4:00 3E4FD5:00 3E4FD0:00 3E4FD1:00 3E4FD2:00 3E4FD3:01 3E4FCC:00 3E4FCD:00 3E4FCE:45 3E4FCF:44 3E4FCA:00 3E4FCB:13 3E4FC8:00 3E4FC9:00 3E4FC6:00 3E4FC7:05 3E4FC4:00 3E4FC5:00 3E4FC2:00 3E4FC3:08 3E4FC0:00 3E4FC1:00 3E4FBC:00 3E4FBD:00 3E4FBE:C7 3E4FBF:D0
W 05000 48 3E4FE8:00 3E4FE9:00 3E4FEA:50 3E4FEB:04 3E4FE6:60 3E4FE7:00 3E4FE4:00 3E4FE5:3E 3E4FE2:00 3E4FE3:D7 3E4FE0:00 3E4FE1:00 3E4FDE:00 3E4FDF:00 3E4FDC:00 3E4FDD:00 3E4FD8:00 3E4FD9:00 3E4FDA:45 3E4FDB:20 3E4FD6:00 3E4FD7:0F 3E4FD4:00 3E4FD5:00 3E4FD2:00 3E4FD3:02 3E4FD0:00 3E4FD1:00 3E4FCE:00 3E4FCF:19 3E4FCC:00 3E4FCD:00 3E4FC8:00 3E4FC9:00 3E4FCA:C7 3E4FCB:D0 3E4FC6:08 3E4FC7:64 3E4FC4:00 3E4FC5:3E 3E4FC2:00 3E4FC3:D7 3E4FC0:00 3E4FC1:00 3E4FBE:00 3E4FBF:00 3E4FBC:00 3E4FBD:00
W 05020 48 3E4FEA:02 3E4FEB:D8 3E4FE8:00 3E4FE9:3E 3E4FE6:00 3E4FE7:00 3E4FE4:00 3E4FE5:00 3E4FE0:00 3E4FE1:00 3E4FE2:FD 3E4FE3:C2 3E4FDC:00 3E4FDD:00 3E4FDE:50 3E4FDF:30 3E4FDA:FD 3E4FDB:C2 3E4FD8:00 3E4FD9:00 3E4FD6:00 3E4FD7:00 3E4FD4:00 3E4FD5:00 3E4FD2:00 3E4FD3:00 3E4FD0:00 3E4FD1:00 3E4FCC:00 3E4FCD:00 3E4FCE:45 3E4FCF:20 3E4FCA:00 3E4FCB:1E 3E4FC8:00 3E4FC9:00 3E4FC6:00 3E4FC7:0D 3E4FC4:00 3E4FC5:00 3E4FC2:00 3E4FC3:16 3E4FC0:00 3E4FC1:00 3E4FBC:00 3E4FBD:00 3E4FBE:C7 3E4FBF:D0
W 05056 48 3E4FEA:02 3E4FEB:D8 3E4FE8:00 3E4FE9:3E 3E4FE6:02 3E4FE7:D8 3E4FE4:00 3E4FE5:3E 3E4FE2:02 3E4FE3:D8 3E4FE0:00 3E4FE1:3E 3E4FDE:19 3E4FDF:68 3E4FDC:00 3E4FDD:3E 3E4FDA:00 3E4FDB:0F 3E4FD8:00 3E4FD9:00 3E4FD6:00 3E4FD7:10 3E4FD4:00 3E4FD5:00 3E4FD2:00 3E4FD3:01 3E4FD0:00 3E4FD1:00 3E4FCE:50 3E4FCF:70 3E4FCA:27 3E4FCB:00 3E4FCC:00 3E4FCD:00 3E4FC8:4A 3E4FC9:91 3E4FC6:00 3E4FC7:01 3E4FC2:4A 3E4FC3:95 3E4FC4:16 3E4FC5:DE 3E4FBE:00 3E4FBF:01 3E4FC0:85 3E4FC1:6A 3E4FBA:00 3E4FBB:01
W 050C6 36 3E4FEA:1C 3E4FEB:F6 3E4FE8:00 3E4FE9:3E 3E4FE6:00 3E4FE7:1D 3E4FE4:00 3E4FE5:00 3E4FE2:00 3E4FE3:00 3E4FE0:00 3E4FE1:00 3E4FDE:00 3E4FDF:AB 3E4FDC:00 3E4FDD:00 3E4FD8:00 3E4FD9:01 3E4FDA:1B 3E4FDB:0C 3E4FD4:00 3E4FD5:00 3E4FD6:51 3E4FD7:22 3E4FD2:19 3E4FD3:68 3E4FD0:00 3E4FD1:3E 3E4FCE:00 3E4FCF:AB 3E4FCC:00 3E4FCD:00 3E4FCA:00 3E4FCB:0B 3E4FC8:00 3E4FC9:00
W 0512A 0 
W 05168 12 3E4FEA:40 3E4FEB:00 3E4FE8:00 3E4FE9:3E 3E4FE4:00 3E4FE5:01 3E4FE6:F7 3E4FE7:F0 3E4FE0:00 3E4FE1:00 3E4FE2:51 3E4FE3:80
W 05192 16 3E4FEA:08 3E4FEB:64 3E4FE8:00 3E4FE9:3E 3E4FE6:1B 3E4FE7:C6 3E4FE4:00 3E4FE5:3E 3E4FE0:00 3E4FE1:01 3E4FE2:F7 3E4FE3:F2 3E4FDC:00 3E4FDD:00 3E4FDE:51 3E4FDF:F8
W 0522E 20 3E4FEA:0F 3E4FEB:48 3E4FE8:00 3E4FE9:3E 3E4FE6:40 3E4FE7:00 3E4FE4:00 3E4FE5:3E 3E4FE2:00 3E4FE3:18 3E4FE0:00 3E4FE1:00 3E4FDC:00 3E4FDD:01 3E4FDE:FA 3E4FDF:E4 3E4FD8:00 3E4FD9:00 3E4FDA:52 3E4FDB:4A
W 05254 27 3E1970:00 3E1971:F0 3E196E:FD 3E196F:8C 3E1968:00 3E1969:0D 3E196A:20 3E4FFE:40 3E4FFF:6C 3E4FFA:27 3E4FFB:00 3E4FFC:00 3E4FFD:3E 3E4FF6:00 3E4FF7:01 3E4FF8:85 3E4FF9:F4 3E4FF2:00 3E4FF3:01 3E4FF4:86 3E4FF5:58 3E4FF0:9C 3E4FF1:30 3E4FEC:27 3E4FED:00 3E4FEE:00 3E4FEF:01
W 05280 16 3E4FEA:0F 3E4FEB:48 3E4FE8:00 3E4FE9:3E 3E4FE6:08 3E4FE7:64 3E4FE4:00 3E4FE5:3E 3E4FE0:00 3E4FE1:01 3E4FE2:F7 3E4FE3:F0 3E4FDC:00 3E4FDD:00 3E4FDE:52 3E4FDF:CE
W 052E2 18 3E4FE8:00 3E4FE9:3E 3E4FEA:52 3E4FEB:00 3E4FE2:19 3E4FE3:68 3E4FE0:00 3E4FE1:3E 3E4FDC:00 3E4FDD:01 3E4FDE:FA 3E4FDF:FE 3E4FD8:00 3E4FD9:00 3E4FDA:52 3E4FDB:FE 3E4FE6:00 3E4FE7:00
W 05346 40 3E4FE8:00 3E4FE9:3E 3E4FEA:52 3E4FEB:00 3E4FE2:19 3E4FE3:68 3E4FE0:00 3E4FE1:3E 3E4FDE:0F 3E4FDF:48 3E4FDC:00 3E4FDD:3E 3E4FDA:53 3E4FDB:54 3E4FD6:27 3E4FD7:00 3E4FD8:00 3E4FD9:00 3E4FD4:26 3E4FD5:6A 3E4FD2:00 3E4FD3:F1 3E4FCE:26 3E4FCF:75 3E4FD0:00 3E4FD1:00 3E4FCA:00 3E4FCB:01 3E4FCC:85 3E4FCD:6A 3E4FC6:00 3E4FC7:01 3E4FC8:86 3E4FC9:58 3E4FC4:9C 3E4FC5:30 3E4FC0:27 3E4FC1:00 3E4FC2:00 3E4FC3:01
W 053A6 0 
W 053F8 12 3E4FEA:08 3E4FEB:64 3E4FE8:00 3E4FE9:3E 3E4FE6:00 3E4FE7:0B 3E4FE4:00 3E4FE5:00 3E4FE2:00 3E4FE3:15 3E4FE0:00 3E4FE1:00
W 0545A 0 
W 05474 0 
W 05488 48 3E0EBE:00 3E4FEA:00 3E4FEB:00 3E4FE8:00 3E4FE9:00 3E4FE4:00 3E4FE5:00 3E4FE6:54 3E4FE7:94 3E4FE2:1C 3E4FE3:F6 3E4FE0:00 3E4FE1:3E 3E4FDE:00 3E4FDF:0E 3E4FDC:00 3E4FDD:00 3E4FDA:00 3E4FDB:1D 3E4FD8:00 3E4FD9:00 3E0EC4:00 3E0EC5:00 3E0EC2:00 3E0EC3:00 3E4FD6:03 3E4FD7:28 3E4FD4:00 3E4FD5:3E 3E4FD0:00 3E4FD1:00 3E4FD2:51 3E4FD3:0A 3E4FCE:0E 3E4FCF:C2 3E4FCC:00 3E4FCD:3E 3E4FC8:00 3E4FC9:00 3E4FCA:5C 3E4FCB:6A 3E0804:27 3E0805:00 3E032A:12 3E4FC8:00 3E4FC9:00 3E4FCA:5C 3E4FCB:7C
W 054A8 48 3E4FEA:1C 3E4FEB:F6 3E4FE8:00 3E4FE9:3E 3E4FE4:00 3E4FE5:00 3E4FE6:00 3E4FE7:06 3E4FE2:00 3E4FE3:00 3E4FE0:00 3E4FE1:00 3E4FDC:00 3E4FDD:00 3E4FDE:00 3E4FDF:4D 3E4FD8:00 3E4FD9:00 3E4FDA:00 3E4FDB:AE 3E4FD4:00 3E4FD5:00 3E4FD6:54 3E4FD7:BC 3E4FD2:00 3E4FD3:0D 3E4FD0:00 3E4FD1:00 3E4FCE:00 3E4FCF:00 3E4FCC:00 3E4FCD:00 3E4FCA:00 3E4FCB:00 3E4FC8:00 3E4FC9:00 3E4FC6:00 3E4FC7:00 3E4FC4:00 3E4FC5:00 3E4FC2:00 3E4FC3:4D 3E4FC0:00 3E4FC1:00 3E4FBE:00 3E4FBF:AE 3E4FBC:00 3E4FBD:00
W 0551C 8 3E4FEA:1C 3E4FEB:F6 3E4FE8:00 3E4FE9:3E 3E4FE6:1B 3E4FE7:C6 3E4FE4:00 3E4FE5:3E
W 05550 20 3E4FEA:55 3E4FEB:50 3E4FE6:27 3E4FE7:00 3E4FE8:00 3E4FE9:00 3E4FE2:00 3E4FE3:01 3E4FE4:85 3E4FE5:7C 3E4FDE:00 3E4FDF:01 3E4FE0:86 3E4FE1:58 3E4FDC:9C 3E4FDD:30 3E4FD8:27 3E4FD9:00 3E4FDA:00 3E4FDB:01
W 05622 0 
W 056F4 48 3E4FE8:00 3E4FE9:3E 3E4FEA:52 3E4FEB:00 3E4FE2:00 3E4FE3:08 3E4FE0:00 3E4FE1:00 3E4FDE:00 3E4FDF:05 3E4FDC:00 3E4FDD:00 3E4FDA:00 3E4FDB:08 3E4FD8:00 3E4FD9:00 3E4FD6:00 3E4FD7:07 3E4FD4:00 3E4FD5:00 3E4FD2:00 3E4FD3:0C 3E4FD0:00 3E4FD1:00 3E4FCC:00 3E4FCD:00 3E4FCE:00 3E4FCF:38 3E4FC8:00 3E4FC9:00 3E4FCA:00 3E4FCB:50 3E4FC6:00 3E4FC7:00 3E4FC4:00 3E4FC5:00 3E4FC2:00 3E4FC3:00 3E4FC0:00 3E4FC1:00 3E4FBC:00 3E4FBD:00 3E4FBE:57 3E4FBF:20 3E4FBA:00 3E4FBB:07 3E4FB8:00 3E4FB9:00
W 05800 48 3E4FE8:00 3E4FE9:00 3E4FEA:58 3E4FEB:0A 3E4FE6:40 3E4FE7:00 3E4FE4:00 3E4FE5:3E 3E4FE2:00 3E4FE3:17 3E4FE0:00 3E4FE1:00 3E4FDE:00 3E4FDF:1A 3E4FDC:00 3E4FDD:00 3E4FDA:00 3E4FDB:00 3E4FD8:00 3E4FD9:00 3E4FD6:00 3E4FD7:08 3E4FD4:00 3E4FD5:00 3E4FD2:00 3E4FD3:09 3E4FD0:00 3E4FD1:00 3E4FCC:00 3E4FCD:00 3E4FCE:00 3E4FCF:38 3E4FC8:00 3E4FC9:00 3E4FCA:00 3E4FCB:50 3E4FC4:00 3E4FC5:00 3E4FC6:00 3E4FC7:59 3E4FC0:00 3E4FC1:00 3E4FC2:00 3E4FC3:80 3E4FBC:00 3E4FBD:00 3E4FBE:58 3E4FBF:3C
W 05818 48 3E4FEA:19 3E4FEB:68 3E4FE8:00 3E4FE9:3E 3E4FE6:00 3E4FE7:01 3E4FE4:00 3E4FE5:00 3E4FE2:00 3E4FE3:10 3E4FE0:00 3E4FE1:00 3E4FDE:00 3E4FDF:17 3E4FDC:00 3E4FDD:00 3E4FDA:00 3E4FDB:14 3E4FD8:00 3E4FD9:00 3E4FD6:00 3E4FD7:08 3E4FD4:00 3E4FD5:00 3E4FD0:00 3E4FD1:00 3E4FD2:00 3E4FD3:38 3E4FCC:00 3E4FCD:00 3E4FCE:00 3E4FCF:50 3E4FC8:00 3E4FC9:00 3E4FCA:00 3E4FCB:59 3E4FC4:00 3E4FC5:00 3E4FC6:00 3E4FC7:80 3E4FC0:00 3E4FC1:00 3E4FC2:58 3E4FC3:3C 3E4FBE:0A 3E4FBF:00 3E4FBC:00 3E4FBD:00
W 05892 48 3E4FEA:00 3E4FEB:08 3E4FE8:00 3E4FE9:00 3E4FE6:00 3E4FE7:18 3E4FE4:00 3E4FE5:00 21E000:00 21E001:00 21E002:00 21E003:00 21E004:00 21E005:00 21E006:00 21E007:00 21E008:00 21E009:00 21E00A:00 21E00B:00 21E00C:00 21E00D:00 21E00E:00 21E00F:00 21E010:00 21E011:00 21E012:00 21E013:00 21E014:00 21E015:00 21E016:00 21E017:00 21E018:00 21E019:00 21E01A:00 21E01B:00 21E01C:00 21E01D:00 21E01E:00 21E01F:00 21E020:00 21E021:00 21E022:00 21E023:00 21E024:00 21E025:00 21E026:00 21E027:00
W 058E6 48 3E4FEA:00 3E4FEB:1D 3E4FE8:00 3E4FE9:00 3E4FE6:00 3E4FE7:08 3E4FE4:00 3E4FE5:00 3E4FE0:00 3E4FE1:00 3E4FE2:58 3E4FE3:F2 3E4FDE:40 3E4FDF:00 3E4FDC:00 3E4FDD:3E 3E4FDA:1C 3E4FDB:F6 3E4FD8:00 3E4FD9:3E 3E4FD6:08 3E4FD7:64 3E4FD4:00 3E4FD5:3E 3E4FD2:0F 3E4FD3:48 3E4FD0:00 3E4FD1:3E 3E4FCE:00 3E4FCF:0D 3E4FCC:00 3E4FCD:00 3E4FCA:00 3E4FCB:0E 3E4FC8:00 3E4FC9:00 3E4FC6:00 3E4FC7:08 3E4FC4:00 3E4FC5:00 3E1F10:1E 3E1F11:A1 3E1F0E:00 3E1F0F:3E 3E4FC2:00 3E4FC3:08 3E4FC0:00 3E4FC1:00
W 05908 48 3E4FEA:00 3E4FEB:09 3E4FE8:00 3E4FE9:00 3E4FE6:00 3E4FE7:0E 3E4FE4:00 3E4FE5:00 3E4FE0:00 3E4FE1:00 3E4FE2:59 3E4FE3:14 3E4FDE:0F 3E4FDF:48 3E4FDC:00 3E4FDD:3E 3E4FDA:19 3E4FDB:68 3E4FD8:00 3E4FD9:3E 3E4FD6:1C 3E4FD7:F6 3E4FD4:00 3E4FD5:3E 3E4FD2:40 3E4FD3:00 3E4FD0:00 3E4FD1:3E 3E4FCE:00 3E4FCF:18 3E4FCC:00 3E4FCD:00 3E4FCA:00 3E4FCB:07 3E4FC8:00 3E4FC9:00 3E4FC6:00 3E4FC7:0E 3E4FC4:00 3E4FC5:00 3E1F10:1E 3E1F11:A1 3E1F0E:00 3E1F0F:3E 3E4FC2:00 3E4FC3:0E 3E4FC0:00 3E4FC1:00
W 0592A 24 3E4FEA:00 3E4FEB:D6 3E4FE8:00 3E4FE9:00 3E4FE4:00 3E4FE5:01 3E4FE6:1A 3E4FE7:CA 3E4FE0:00 3E4FE1:00 3E4FE2:59 3E4FE3:44 3E4FDE:08 3E4FDF:64 3E4FDC:00 3E4FDD:3E 3E4FDA:00 3E4FDB:11 3E4FD8:00 3E4FD9:00 3E4FD6:00 3E4FD7:08 3E4FD4:00 3E4FD5:00
W 05948 0 
W 059EE 48 3E4FEA:0F 3E4FEB:48 3E4FE8:00 3E4FE9:3E 3E4FE6:00 3E4FE7:13 3E4FE4:00 3E4FE5:00 3E4FE2:00 3E4FE3:03 3E4FE0:00 3E4FE1:00 3E4FDE:00 3E4FDF:1A 3E4FDC:00 3E4FDD:00 3E1F12:00 3E1F13:3E 3E1F14:1E 3E1F15:CA 3E1ECA:00 3E1ECB:00 3E1ECC:01 3E1ECD:01 3E1ECE:01 3E1ECF:01 3E1ED0:01 3E1ED1:02 3E1ED2:02 3E1ED3:0C 3E1ED4:0C 3E1ED5:0C 3E1ED6:0C 3E1ED7:FF 3E4FDA:1E 3E4FDB:E0 3E4FD8:00 3E4FD9:3E 3E4FD6:00 3E4FD7:00 3E4FD4:00 3E4FD5:00 3E4FD2:00 3E4FD3:0D 3E4FD0:00 3E4FD1:00 3E4FCC:00 3E4FCD:00
W 05AB0 30 3E4FEA:0F 3E4FEB:48 3E4FE8:00 3E4FE9:3E 3E4FE6:19 3E4FE7:68 3E4FE4:00 3E4FE5:3E 3E4FE2:19 3E4FE3:68 3E4FE0:00 3E4FE1:3E 3E4FDE:00 3E4FDF:1C 3E4FDC:00 3E4FDD:00 3E4FDA:00 3E4FDB:14 3E4FD8:00 3E4FD9:00 3E4FD6:00 3E4FD7:12 3E4FD4:00 3E4FD5:00 3E4FD0:00 3E4FD1:00 3E4FD2:5A 3E4FD3:D0 3E0842:60 3E0843:9E
W 05AFC 28 3E4FEA:5B 3E4FEB:02 3E4FE6:27 3E4FE7:00 3E4FE8:00 3E4FE9:00 3E4FE4:58 3E4FE5:90 3E4FE2:00 3E4FE3:EF 3E4FDE:58 3E4FDF:95 3E4FE0:00 3E4FE1:00 3E4FDA:00 3E4FDB:01 3E4FDC:85 3E4FDD:6A 3E4FD6:00 3E4FD7:01 3E4FD8:86 3E4FD9:58 3E4FD4:9C 3E4FD5:30 3E4FD0:27 3E4FD1:00 3E4FD2:00 3E4FD3:01
W 05B16 28 3E4FEA:5B 3E4FEB:28 3E4FE6:27 3E4FE7:11 3E4FE8:00 3E4FE9:00 3E4FE4:21 3E4FE5:7C 3E4FE2:00 3E4FE3:9B 3E4FDE:21 3E4FDF:65 3E4FE0:00 3E4FE1:00 3E4FDA:00 3E4FDB:01 3E4FDC:85 3E4FDD:6A 3E4FD6:00 3E4FD7:01 3E4FD8:86 3E4FD9:58 3E4FD4:9C 3E4FD5:30 3E4FD0:27 3E4FD1:11 3E4FD2:00 3E4FD3:01
W 05B40 48 3E4FEA:19 3E4FEB:68 3E4FE8:00 3E4FE9:3E 3E4FE6:19 3E4FE7:68 3E4FE4:00 3E4FE5:3E 3E4FE2:02 3E4FE3:D8 3E4FE0:00 3E4FE1:3E 3E4FDE:1C 3E4FDF:F6 3E4FDC:00 3E4FDD:3E 3E4FDA:00 3E4FDB:16 3E4FD8:00 3E4FD9:00 3E4FD6:00 3E4FD7:0C 3E4FD4:00 3E4FD5:00 3E4FD2:00 3E4FD3:1E 3E4FD0:00 3E4FD1:00 3E4FCE:00 3E4FCF:0E 3E4FCC:00 3E4FCD:00 3E4FC8:00 3E4FC9:00 3E4FCA:5B 3E4FCB:64 3E0804:27 3E0805:09 3E0378:00 3E0379:01 3E037B:00 3E037C:00 3E037D:00 3E037A:00 3E0383:FD 3E0382:FD 3E0380:40 3E0381:15
W 05C60 14 3E4FEA:40 3E4FEB:00 3E4FE8:00 3E4FE9:3E 3E4FE4:00 3E4FE5:00 3E4FE6:5C 3E4FE7:6A 3E0804:27 3E0805:00 3E4FE4:00 3E4FE5:00 3E4FE6:5C 3E4FE7:7C
W 05C80 48 3E4FEA:08 3E4FEB:64 3E4FE8:00 3E4FE9:3E 3E4FE6:00 3E4FE7:1C 3E4FE4:00 3E4FE5:00 3E4FE2:00 3E4FE3:06 3E4FE0:00 3E4FE1:00 3E4FDC:00 3E4FDD:00 3E4FDE:5C 3E4FDF:92 3E0804:27 3E0805:00 3E4FDC:00 3E4FDD:00 3E4FDE:5C 3E4FDF:A2 3E4FDC:00 3E4FDD:00 3E4FDE:5C 3E4FDF:92 3E0804:27 3E0805:00 3E02EA:12 3E4FDC:00 3E4FDD:00 3E4FDE:5C 3E4FDF:A2 3E4FDC:00 3E4FDD:00 3E4FDE:5C 3E4FDF:92 3E0804:27 3E0805:00 3E02FA:12 3E4FDC:00 3E4FDD:00 3E4FDE:5C 3E4FDF:A2 3E4FDC:00 3E4FDD:00 3E4FDE:5C 3E4FDF:92
W 05CB0 0 
W 05CCE 48 3E4FEA:00 3E4FEB:1C 3E4FE8:00 3E4FE9:00 3E4FE6:00 3E4FE7:06 3E4FE4:00 3E4FE5:00 3E4FE0:00 3E4FE1:00 3E4FE2:5C 3E4FE3:D8 3E0804:27 3E0805:00 3E02CA:00 3E02CB:00 3E02CC:00 3E02CD:00 3E02C6:00 3E02C7:01 3E02C8:00 3E02C9:47 3E02B2:00 3E02B3:00 3E02B0:00 3E02B1:00 3E0006:00 3E0007:00 3E0004:00 3E0005:00 3E0002:00 3E0003:00 3E0000:00 3E0001:01 3E000E:00 3E000F:00 3E000C:00 3E000D:00 3E000A:00 3E000B:00 3E0008:00 3E0009:02 3E0016:00 3E0017:00 3E0014:00 3E0015:00 3E0012:00 3E0013:00
W 05D8C 4 3E4FE8:00 3E4FE9:00 3E4FEA:5D 3E4FEB:98
W 05DEA 0 
W 05DEC 0 
W 05DFE 0 
W 05E00 0 
W 05E02 0 
W 05E08 0 
W 05E0A 9 3E4FEA:0F 3E4FEB:48 3E4FE8:00 3E4FE9:3E 3E209C:00 3E209D:3E 3E209E:1F 3E209F:1C 3E1F1C:FF
W 05E38 49 3E4FE8:00 3E4FE9:3E 3E4FEA:52 3E4FEB:00 3E4FE2:1C 3E4FE3:F6 3E4FE0:00 3E4FE1:3E 3E4FE6:C4 3E4FE7:06 3E209C:00 3E209D:00 3E209E:00 3E209F:00 3E4FDC:00 3E4FDD:00 3E4FDE:5E 3E4FDF:6C 3E209E:00 3E209F:02 3E209C:00 3E209D:00 3E1B48:00 3E1B49:00 3E1B4A:00 3E1B4B:02 3E1B3A:00 3E1B3B:00 3E1B1E:FF 3E4FDE:1A 3E4FDF:E2 3E4FDC:00 3E4FDD:3E 3E4FD8:00 3E4FD9:01 3E4FDA:1A 3E4FDB:E2 3E4FD4:00 3E4FD5:00 3E4FD6:5E 3E4FD7:98 3E4FD2:00 3E4FD3:04 3E4FD0:00 3E4FD1:00 3E4FCE:00 3E4FCF:0F 3E4FCC:00 3E4FCD:00
W 05EA2 44 3E4FE8:00 3E4FE9:3E 3E4FEA:52 3E4FEB:00 3E4FDE:40 3E4FDF:00 3E4FDC:00 3E4FDD:3E 3E4FDA:40 3E4FDB:00 3E4FD8:00 3E4FD9:3E 3E4FD6:00 3E4FD7:08 3E4FD4:00 3E4FD5:00 3E4FD2:5E 3E4FD3:C0 3E4FCE:27 3E4FCF:04 3E4FD0:00 3E4FD1:00 3E4FCC:23 3E4FCD:EA 3E4FCA:01 3E4FCB:13 3E4FC6:23 3E4FC7:F5 3E4FC8:00 3E4FC9:00 3E4FC2:00 3E4FC3:01 3E4FC4:85 3E4FC5:6A 3E4FBE:00 3E4FBF:01 3E4FC0:86 3E4FC1:58 3E4FBC:9C 3E4FBD:30 3E4FB8:27 3E4FB9:04 3E4FBA:00 3E4FBB:01
W 05FA6 48 3E4FE8:00 3E4FE9:3E 3E4FEA:52 3E4FEB:00 3E4FD6:08 3E4FD7:64 3E4FD4:00 3E4FD5:3E 3E4FD2:1B 3E4FD3:C6 3E4FD0:00 3E4FD1:3E 3E4FCE:19 3E4FCF:68 3E4FCC:00 3E4FCD:3E 3E4FCA:19 3E4FCB:68 3E4FC8:00 3E4FC9:3E 3E4FC6:00 3E4FC7:12 3E4FC4:00 3E4FC5:00 3E4FC2:00 3E4FC3:10 3E4FC0:00 3E4FC1:00 3E4FBE:00 3E4FBF:0C 3E4FBC:00 3E4FBD:00 3E4FBA:00 3E4FBB:0C 3E4FB8:00 3E4FB9:00 3E4FB6:00 3E4FB7:1A 3E4FB4:00 3E4FB5:00 3E4FB2:00 3E4FB3:0B 3E4FB0:00 3E4FB1:00 3E4FDA:00 3E4FDB:3E 3E4FDC:1F 3E4FDD:16
W 060BE 48 3E4FEA:00 3E4FEB:00 3E4FE6:00 3E4FE7:00 3E4FE8:60 3E4FE9:C8 3E4FE2:00 3E4FE3:3E 3E4FE4:52 3E4FE5:00 3E4FDC:0F 3E4FDD:48 3E4FDA:00 3E4FDB:3E 3E4FD8:0F 3E4FD9:48 3E4FD6:00 3E4FD7:3E 3E4FE0:00 3E4FE1:00 3E4FE0:00 3E4FE1:00 3E4FE0:00 3E4FE1:00 3E4FE0:00 3E4FE1:00 3E4FE0:00 3E4FE1:00 3E4FE0:00 3E4FE1:00 3E4FE0:00 3E4FE1:00 3E4FE0:00 3E4FE1:00 3E4FE0:00 3E4FE1:00 3E4FE0:00 3E4FE1:00 3E4FE0:00 3E4FE1:00 3E4FE0:00 3E4FE1:00 3E4FE0:00 3E4FE1:00 3E4FE0:00 3E4FE1:00 3E4FE0:00 3E4FE1:00
W 06166 49 3E51FF:85 3E51FA:F0 3E51FB:00 3E51F8:FF 3E51F9:FF 3E5209:FF 3E51FC:00 3E51FD:01 3E19BE:00 3E19BF:01 3E19C0:00 3E19C1:01 3E4FEA:00 3E4FEB:00 3E4FE8:00 3E4FE9:00 3E4FE6:F0 3E4FE7:00 3E4FE4:FF 3E4FE5:FF 3E4FE0:00 3E4FE1:00 3E4FE2:62 3E4FE3:50 3E4FDE:02 3E4FDF:D8 3E4FDC:00 3E4FDD:3E 3E4FDA:00 3E4FDB:11 3E4FD8:00 3E4FD9:00 3E4FD6:00 3E4FD7:02 3E4FD4:00 3E4FD5:00 3E4FD2:00 3E4FD3:00 3E4FD0:00 3E4FD1:00 3E51FA:E0 3E51FB:00 3E51F8:FF 3E51F9:FF 3E5209:FE 3E51FC:00 3E51FD:00 3E19BE:00 3E19BF:02
W 061C2 49 3E4FEA:00 3E4FEB:00 3E4FE8:08 3E4FE9:64 3E4FE6:00 3E4FE7:3E 3E4FE2:00 3E4FE3:00 3E4FE4:61 3E4FE5:CC 3E4FE0:0F 3E4FE1:48 3E4FDE:00 3E4FDF:3E 3E4FDC:08 3E4FDD:64 3E4FDA:00 3E4FDB:3E 3E087A:08 3E4FE4:00 3E4FE5:00 3E4FE0:00 3E4FE1:00 3E4FE2:61 3E4FE3:E0 3E4FDE:00 3E4FDF:19 3E4FDC:00 3E4FDD:00 3E4FDA:00 3E4FDB:1A 3E4FD8:00 3E4FD9:00 3E4FD6:00 3E4FD7:00 3E4FD2:00 3E4FD3:00 3E4FD4:2A 3E4FD5:70 3E4FD6:00 3E4FD7:00 3E4FD4:06 3E4FD5:5A 3E4FD2:00 3E4FD3:02 3E4FCE:00 3E4FCF:00 3E4FD0:2A 3E4FD1:A6
W 062A6 0 
W 063CA 48 3E4FEA:00 3E4FEB:00 3E4FE6:00 3E4FE7:00 3E4FE8:63 3E4FE9:D4 3E4FE2:00 3E4FE3:3E 3E4FE4:52 3E4FE5:00 3E4FDC:1B 3E4FDD:C6 3E4FDA:00 3E4FDB:3E 3E4FD8:02 3E4FD9:D8 3E4FD6:00 3E4FD7:3E 3E4FE0:00 3E4FE1:00 3E4FE0:00 3E4FE1:00 3E4FE0:00 3E4FE1:00 3E4FE0:00 3E4FE1:00 3E4FE0:00 3E4FE1:00 3E4FE0:00 3E4FE1:00 3E4FE0:00 3E4FE1:00 3E4FE0:00 3E4FE1:00 3E4FE0:00 3E4FE1:00 3E4FE0:00 3E4FE1:00 3E4FE0:00 3E4FE1:00 3E4FE0:00 3E4FE1:00 3E4FE0:00 3E4FE1:00 3E4FE0:00 3E4FE1:00 3E4FE0:00 3E4FE1:00
W 06460 48 3E4FE8:00 3E4FE9:00 3E4FEA:00 3E4FEB:01 3E4FE6:00 3E4FE7:00 3E4FE2:00 3E4FE3:00 3E4FE4:64 3E4FE5:6C 3E4FE0:19 3E4FE1:68 3E4FDE:00 3E4FDF:3E 3E4FDC:0F 3E4FDD:48 3E4FDA:00 3E4FDB:3E 3E4FD8:00 3E4FD9:11 3E4FD6:00 3E4FD7:00 3E4FD4:00 3E4FD5:08 3E4FD2:00 3E4FD3:00 3E4FD0:00 3E4FD1:00 3E4FCC:00 3E4FCD:00 3E4FCE:2B 3E4FCF:9C 3E4FD0:00 3E4FD1:00 3E4FCC:00 3E4FCD:00 3E4FCE:2C 3E4FCF:06 3E4FCE:00 3E4FCF:E0 3E4FCC:00 3E4FCD:00 3E4FCA:00 3E4FCB:04 3E4FC8:00 3E4FC9:20 3E4FC6:46 3E4FC7:65
W 065AA 48 3E4FE8:00 3E4FE9:3E 3E4FEA:52 3E4FEB:00 3E4FE2:0F 3E4FE3:48 3E4FE0:00 3E4FE1:3E 3E4FDE:0F 3E4FDF:48 3E4FDC:00 3E4FDD:3E 3E4FDA:0F 3E4FDB:48 3E4FD8:00 3E4FD9:3E 3E4FD6:00 3E4FD7:0A 3E4FD4:00 3E4FD5:00 3E4FD2:00 3E4FD3:07 3E4FD0:00 3E4FD1:00 3E4FE6:00 3E4FE7:00 3E4FCE:00 3E4FCF:00 3E4FCA:00 3E4FCB:00 3E4FCC:65 3E4FCD:C6 3E4FCC:00 3E4FCD:93 3E4FC8:00 3E4FC9:00 3E4FCA:65 3E4FCB:D2 3E4FCC:00 3E4FCD:00 3E4FCE:65 3E4FCF:F6 3E209E:20 3E209F:1E 3E209C:00 3E209D:3E 3E201E:00 3E201F:00
W 0661A 14 3E4FEA:02 3E4FEB:D8 3E4FE8:00 3E4FE9:3E 3E4FE6:08 3E4FE7:64 3E4FE4:00 3E4FE5:3E 3E209E:20 3E209F:1A 3E209C:00 3E209D:3E 3E1F1A:FF 3E1F1B:00
W 0663C 4 3E209E:20 3E209F:1E 3E209C:00 3E209D:3E
W 06648 48 3E4FE8:00 3E4FE9:3E 3E4FEA:52 3E4FEB:00 3E4FE2:00 3E4FE3:16 3E4FE0:00 3E4FE1:00 3E4FDE:00 3E4FDF:02 3E4FDC:00 3E4FDD:00 3E4FDA:00 3E4FDB:0E 3E4FD8:00 3E4FD9:00 3E4FD6:00 3E4FD7:13 3E4FD4:00 3E4FD5:00 3E4FE6:00 3E4FE7:00 3E0864:07 3E4FE7:01 3E0865:07 3E4FE7:02 3E0866:07 3E4FE7:03 3E0867:07 3E4FE7:04 3E0868:07 3E4FE7:05 3E0869:07 3E4FE7:06 3E086A:07 3E4FE7:07 3E086B:07 3E4FE7:08 3E086C:07 3E4FE7:09 3E086D:07 3E4FE7:0A 3E086E:07 3E4FE7:0B 3E086F:07 3E4FE7:0C 3E0870:07 3E4FE7:0D
W 066C8 48 3E0864:07 3E51FF:01 3E0865:14 3E51FF:02 3E0866:14 3E51FF:03 3E0867:14 3E51FF:04 3E0868:14 3E51FF:05 3E0869:14 3E51FF:06 3E086A:14 3E51FF:07 3E086B:14 3E51FF:08 3E086C:14 3E51FF:09 3E086D:14 3E51FF:0A 3E086E:14 3E51FF:0B 3E086F:14 3E51FF:0C 3E0870:14 3E51FF:0D 3E0871:14 3E51FF:0E 3E0872:14 3E51FF:0F 3E0873:14 3E51FF:10 3E0874:14 3E51FF:11 3E0875:14 3E51FF:12 3E0876:14 3E51FF:13 3E0877:14 3E51FF:14 3E0878:14 3E51FF:15 3E0879:14 3E51FF:16 3E087A:14 3E51FF:17 3E087B:14 3E51FF:18
W 066CC 0 
W 066CE 48 3E02D8:06 3E51FF:01 3E02D9:05 3E51FF:02 3E02DA:05 3E51FF:03 3E02DB:05 3E51FF:04 3E02DC:05 3E51FF:05 3E02DD:05 3E51FF:06 3E02DE:05 3E51FF:07 3E02DF:05 3E51FF:08 3E02E0:05 3E51FF:09 3E02E1:05 3E51FF:0A 3E02E2:05 3E51FF:0B 3E02E3:05 3E51FF:0C 3E02E4:05 3E51FF:0D 3E02E5:05 3E51FF:0E 3E02E6:05 3E51FF:0F 3E02E7:05 3E51FF:10 3E02E8:05 3E51FF:11 3E02E9:05 3E51FF:12 3E02EA:05 3E51FF:13 3E02EB:05 3E51FF:14 3E02EC:05 3E51FF:15 3E02ED:05 3E51FF:16 3E02EE:05 3E51FF:17 3E02EF:05 3E51FF:18
W 066D2 48 3E4000:05 3E51FF:01 3E4001:17 3E51FF:02 3E4002:17 3E51FF:03 3E4003:17 3E51FF:04 3E4004:17 3E51FF:05 3E4005:17 3E51FF:06 3E4006:17 3E51FF:07 3E4007:17 3E51FF:08 3E4008:17 3E51FF:09 3E4009:17 3E51FF:0A 3E400A:17 3E51FF:0B 3E400B:17 3E51FF:0C 3E400C:17 3E51FF:0D 3E400D:17 3E51FF:0E 3E400E:17 3E51FF:0F 3E400F:17 3E51FF:10 3E4010:17 3E51FF:11 3E4011:17 3E51FF:12 3E4012:17 3E51FF:13 3E4013:17 3E51FF:14 3E4014:17 3E51FF:15 3E4015:17 3E51FF:16 3E4016:17 3E51FF:17 3E4017:17 3E51FF:18
W 066D4 48 3E0F48:17 3E51FF:01 3E0F49:1A 3E51FF:02 3E0F4A:1A 3E51FF:03 3E0F4B:1A 3E51FF:04 3E0F4C:1A 3E51FF:05 3E0F4D:1A 3E51FF:06 3E0F4E:1A 3E51FF:07 3E0F4F:1A 3E51FF:08 3E0F50:1A 3E51FF:09 3E0F51:1A 3E51FF:0A 3E0F52:1A 3E51FF:0B 3E0F53:1A 3E51FF:0C 3E0F54:1A 3E51FF:0D 3E0F55:1A 3E51FF:0E 3E0F56:1A 3E51FF:0F 3E0F57:1A 3E51FF:10 3E0F58:1A 3E51FF:11 3E0F59:1A 3E51FF:12 3E0F5A:1A 3E51FF:13 3E0F5B:1A 3E51FF:14 3E0F5C:1A 3E51FF:15 3E0F5D:1A 3E51FF:16 3E0F5E:1A 3E51FF:17 3E0F5F:1A 3E51FF:18
W 0670E 40 3E19AE:00 3E19AF:00 3E4FEA:19 3E4FEB:68 3E4FE8:00 3E4FE9:3E 3E4FE4:00 3E4FE5:01 3E4FE6:1A 3E4FE7:E8 3E4FE0:00 3E4FE1:00 3E4FE2:67 3E4FE3:2A 3E4FDE:19 3E4FDF:68 3E4FDC:00 3E4FDD:3E 3E4FDA:00 3E4FDB:07 3E4FD8:00 3E4FD9:00 3E4FD6:00 3E4FD7:08 3E4FD4:00 3E4FD5:00 3E1CF4:00 3E1CF5:06 3E1D42:00 3E1D43:00 3E1D44:67 3E1D45:2E 3E1D46:00 3E1D47:3E 3E1D48:19 3E1D49:68 3E1D40:02 3E1D3E:00 3E1D3F:02 3E1D41:00
W 0672E 48 3E4FE8:00 3E4FE9:3E 3E4FEA:52 3E4FEB:00 3E4FE2:02 3E4FE3:D8 3E4FE0:00 3E4FE1:3E 3E4FDE:08 3E4FDF:64 3E4FDC:00 3E4FDD:3E 3E4FDA:19 3E4FDB:68 3E4FD8:00 3E4FD9:3E 3E4FD6:00 3E4FD7:00 3E4FD4:00 3E4FD5:00 3E4FD2:00 3E4FD3:08 3E4FD0:00 3E4FD1:00 3E4FCE:00 3E4FCF:1A 3E4FCC:00 3E4FCD:00 3E4FC8:00 3E4FC9:01 3E4FCA:1A 3E4FCB:E2 3E4FC4:00 3E4FC5:00 3E4FC6:67 3E4FC7:42 3E4FC2:1B 3E4FC3:C6 3E4FC0:00 3E4FC1:3E 3E4FBE:00 3E4FBF:1A 3E4FBC:00 3E4FBD:00 3E4FBA:00 3E4FBB:00 3E4FB8:00 3E4FB9:00
W 067F6 48 3E4FE8:00 3E4FE9:3E 3E4FEA:52 3E4FEB:00 3E4FDA:08 3E4FDB:64 3E4FD8:00 3E4FD9:3E 3E4FD6:08 3E4FD7:64 3E4FD4:00 3E4FD5:3E 3E4FD2:1B 3E4FD3:C6 3E4FD0:00 3E4FD1:3E 3E4FCE:1C 3E4FCF:F6 3E4FCC:00 3E4FCD:3E 3E4FCA:00 3E4FCB:14 3E4FC8:00 3E4FC9:00 3E4FC6:00 3E4FC7:1C 3E4FC4:00 3E4FC5:00 3E4FC2:00 3E4FC3:1B 3E4FC0:00 3E4FC1:00 3E4FBE:00 3E4FBF:1C 3E4FBC:00 3E4FBD:00 3E4FBA:00 3E4FBB:12 3E4FB8:00 3E4FB9:00 3E4FE0:00 3E4FE1:20 3E4FE2:00 3E4FE3:04 3E4FE4:00 3E4FE5:86 3E4FE7:00 3E4FDC:00
W 06988 10 3E4FEA:00 3E4FEB:00 3E4FE6:00 3E4FE7:00 3E4FE8:69 3E4FE9:92 3E0864:1A 3E0865:1A 3E0884:1A 3E0885:1A
W 069AE 0 
W 069E2 48 3E4FE8:00 3E4FE9:3E 3E4FEA:52 3E4FEB:00 3E4FDA:19 3E4FDB:68 3E4FD8:00 3E4FD9:3E 3E4FD6:1B 3E4FD7:C6 3E4FD4:00 3E4FD5:3E 3E4FD2:08 3E4FD3:64 3E4FD0:00 3E4FD1:3E 3E4FCE:00 3E4FCF:1B 3E4FCC:00 3E4FCD:00 3E4FCA:00 3E4FCB:15 3E4FC8:00 3E4FC9:00 3E4FC6:00 3E4FC7:15 3E4FC4:00 3E4FC5:00 3E4FC2:00 3E4FC3:10 3E4FC0:00 3E4FC1:00 3E4FBE:00 3E4FBF:1E 3E4FBC:00 3E4FBD:00 3E4FBA:00 3E4FBB:1D 3E4FB8:00 3E4FB9:00 3E4FDE:01 3E4FDF:86 3E4FB6:6A 3E4FB7:00 3E4FB2:27 3E4FB3:08 3E4FB4:00 3E4FB5:00
W 06B10 48 3E4FEA:1C 3E4FEB:F6 3E4FE8:00 3E4FE9:3E 3E4FE6:00 3E4FE7:00 3E4FE4:00 3E4FE5:00 3E4FE2:00 3E4FE3:71 3E4FE0:00 3E4FE1:00 3E4FDC:00 3E4FDD:00 3E4FDE:6B 3E4FDF:1E 3E4FD8:00 3E4FD9:3E 3E4FDA:52 3E4FDB:00 3E4FCA:40 3E4FCB:00 3E4FC8:00 3E4FC9:3E 3E4FC6:1B 3E4FC7:C6 3E4FC4:00 3E4FC5:3E 3E4FC2:00 3E4FC3:71 3E4FC0:00 3E4FC1:00 3E4FBE:00 3E4FBF:0C 3E4FBC:00 3E4FBD:00 3E4FBA:00 3E4FBB:09 3E4FB8:00 3E4FB9:00 3E4FB6:00 3E4FB7:08 3E4FB4:00 3E4FB5:00 3E4FB2:00 3E4FB3:09 3E4FB0:00 3E4FB1:00
W 06BC0 36 3E4FEA:1C 3E4FEB:F6 3E4FE8:00 3E4FE9:3E 3E4FE6:02 3E4FE7:D8 3E4FE4:00 3E4FE5:3E 3E4FE2:6B 3E4FE3:D8 3E4FDE:27 3E4FDF:00 3E4FE0:00 3E4FE1:00 3E4FDC:26 3E4FDD:68 3E4FDA:01 3E4FDB:37 3E4FD6:26 3E4FD7:75 3E4FD8:00 3E4FD9:00 3E4FD2:00 3E4FD3:01 3E4FD4:85 3E4FD5:6A 3E4FCE:00 3E4FCF:01 3E4FD0:86 3E4FD1:58 3E4FCC:9C 3E4FCD:30 3E4FC8:27 3E4FC9:00 3E4FCA:00 3E4FCB:01
W 06C20 40 3E4FEA:1B 3E4FEB:C6 3E4FE8:00 3E4FE9:3E 3E4FE6:1C 3E4FE7:F6 3E4FE4:00 3E4FE5:3E 3E4FE2:00 3E4FE3:12 3E4FE0:00 3E4FE1:00 3E4FDE:6C 3E4FDF:2A 3E4FDA:27 3E4FDB:00 3E4FDC:00 3E4FDD:00 3E4FD8:26 3E4FD9:6A 3E4FD6:00 3E4FD7:EB 3E4FD2:26 3E4FD3:75 3E4FD4:00 3E4FD5:00 3E4FCE:00 3E4FCF:01 3E4FD0:85 3E4FD1:6A 3E4FCA:00 3E4FCB:01 3E4FCC:86 3E4FCD:58 3E4FC8:9C 3E4FC9:30 3E4FC4:27 3E4FC5:00 3E4FC6:00 3E4FC7:01
W 06CAE 48 3E4FE8:00 3E4FE9:3E 3E4FEA:52 3E4FEB:00 3E4FE2:19 3E4FE3:68 3E4FE0:00 3E4FE1:3E 3E4FDE:08 3E4FDF:64 3E4FDC:00 3E4FDD:3E 3E4FDA:1B 3E4FDB:C6 3E4FD8:00 3E4FD9:3E 3E4FD6:19 3E4FD7:68 3E4FD4:00 3E4FD5:3E 3E4FD2:00 3E4FD3:12 3E4FD0:00 3E4FD1:00 3E4FCE:00 3E4FCF:1A 3E4FCC:00 3E4FCD:00 3E4FCA:00 3E4FCB:04 3E4FC8:00 3E4FC9:00 3E4FC6:00 3E4FC7:00 3E4FC4:00 3E4FC5:00 3E4FC2:00 3E4FC3:03 3E4FC0:00 3E4FC1:00 3E4FBE:6C 3E4FBF:CC 3E4FBA:27 3E4FBB:00 3E4FBC:00 3E4FBD:00 3E4FB8:4A 3E4FB9:AB
W 06EF8 12 3E4FEA:00 3E4FEB:06 3E4FE8:00 3E4FE9:00 3E4FE4:00 3E4FE5:01 3E4FE6:F8 3E4FE7:60 3E4FE0:00 3E4FE1:00 3E4FE2:6F 3E4FE3:7A
W 06F80 48 3E4FEA:40 3E4FEB:00 3E4FE8:00 3E4FE9:3E 3E1B34:00 3E1B35:00 3E1B36:00 3E1B37:00 3E4FE6:1A 3E4FE7:E2 3E4FE4:00 3E4FE5:3E 3E4FE0:00 3E4FE1:01 3E4FE2:1A 3E4FE3:F4 3E4FDC:00 3E4FDD:00 3E4FDE:6F 3E4FDF:A6 3E4FDA:1A 3E4FDB:E2 3E4FD8:00 3E4FD9:3E 3E4FD6:00 3E4FD7:06 3E4FD4:00 3E4FD5:00 3E4FD2:00 3E4FD3:07 3E4FD0:00 3E4FD1:00 3E1CF4:00 3E1CF5:06 3E1D42:00 3E1D43:00 3E1D44:6C 3E1D45:AE 3E1D46:00 3E1D47:3E 3E1D48:1A 3E1D49:E2 3E1D40:01 3E1D3E:00 3E1D3F:01 3E1D41:00 3E4FDE:1A 3E4FDF:E2
W 06FB4 0 
W 07004 48 3E4FE8:00 3E4FE9:3E 3E4FEA:52 3E4FEB:00 3E4FCE:40 3E4FCF:00 3E4FCC:00 3E4FCD:3E 3E4FCA:40 3E4FCB:00 3E4FC8:00 3E4FC9:3E 3E4FC6:40 3E4FC7:00 3E4FC4:00 3E4FC5:3E 3E4FC2:02 3E4FC3:D8 3E4FC0:00 3E4FC1:3E 3E4FBE:00 3E4FBF:19 3E4FBC:00 3E4FBD:00 3E4FBA:00 3E4FBB:16 3E4FB8:00 3E4FB9:00 3E4FB6:00 3E4FB7:15 3E4FB4:00 3E4FB5:00 3E4FB2:00 3E4FB3:0D 3E4FB0:00 3E4FB1:00 3E4FAE:00 3E4FAF:0B 3E4FAC:00 3E4FAD:00 3E4FE2:00 3E4FE3:00 3E4FE4:F2 3E4FE5:FA 3E4FD2:00 3E4FD3:00 3E4FD6:00 3E4FD7:01
W 071DC 38 3E51F6:00 3E51F7:3E 3E51F8:19 3E51F9:68 3E4FE8:00 3E4FE9:01 3E4FEA:28 3E4FEB:B0 3E4FE4:00 3E4FE5:00 3E4FE6:71 3E4FE7:FE 3E4FE6:71 3E4FE7:FE 3E4FE4:FF 3E4FE5:00 3E1968:9D 3E1968:9D 3E4FE2:1D 3E4FE3:3E 3E4FDE:27 3E4FDF:08 3E4FE0:00 3E4FE1:3E 3E4FDA:00 3E4FDB:01 3E4FDC:85 3E4FDD:7C 3E4FD6:00 3E4FD7:01 3E4FD8:86 3E4FD9:58 3E4FD4:9C 3E4FD5:30 3E4FD0:27 3E4FD1:08 3E4FD2:00 3E4FD3:01
W 073DC 25 3E4FEA:08 3E4FEB:64 3E4FE8:00 3E4FE9:3E 3E4FE6:1C 3E4FE7:F6 3E4FE4:00 3E4FE5:3E 3E4FE2:00 3E4FE3:19 3E4FE0:00 3E4FE1:00 3E4FDE:00 3E4FDF:08 3E4FDC:00 3E4FDD:00 3E4FDA:00 3E4FDB:0B 3E4FD8:00 3E4FD9:00 3E4FD6:00 3E4FD7:1C 3E4FD4:00 3E4FD5:00 3E412F:81
W 0744E 28 3E4FEA:74 3E4FEB:54 3E4FE6:27 3E4FE7:00 3E4FE8:00 3E4FE9:00 3E4FE4:22 3E4FE5:68 3E4FE2:01 3E4FE3:31 3E4FDE:22 3E4FDF:75 3E4FE0:00 3E4FE1:00 3E4FDA:00 3E4FDB:01 3E4FDC:85 3E4FDD:6A 3E4FD6:00 3E4FD7:01 3E4FD8:86 3E4FD9:58 3E4FD4:9C 3E4FD5:30 3E4FD0:27 3E4FD1:00 3E4FD2:00 3E4FD3:01
W 0747A 36 3E4FEA:1C 3E4FEB:F6 3E4FE8:00 3E4FE9:3E 3E4FE6:00 3E4FE7:19 3E4FE4:00 3E4FE5:00 3E4FE2:74 3E4FE3:84 3E4FDE:27 3E4FDF:00 3E4FE0:00 3E4FE1:00 3E4FDC:3F 3E4FDD:12 3E4FDA:00 3E4FDB:A3 3E4FD6:3F 3E4FD7:15 3E4FD8:00 3E4FD9:00 3E4FD2:00 3E4FD3:01 3E4FD4:85 3E4FD5:6A 3E4FCE:00 3E4FCF:01 3E4FD0:86 3E4FD1:58 3E4FCC:9C 3E4FCD:30 3E4FC8:27 3E4FC9:00 3E4FCA:00 3E4FCB:01
W 074FA 12 3E4FEA:08 3E4FEB:64 3E4FE8:00 3E4FE9:3E 3E4FE6:00 3E4FE7:1D 3E4FE4:00 3E4FE5:00 3E4FE2:00 3E4FE3:1D 3E4FE0:00 3E4FE1:00
W 07578 48 3E4FEA:00 3E4FEB:3E 3E4FE6:00 3E4FE7:00 3E4FE8:75 3E4FE9:9A 3E4FE4:1B 3E4FE5:C6 3E4FE2:00 3E4FE3:3E 3E4FE0:00 3E4FE1:02 3E4FDE:00 3E4FDF:00 3E4FDC:00 3E4FDD:06 3E4FDA:00 3E4FDB:00 3E4FD8:00 3E4FD9:00 3E4FD6:00 3E4FD7:00 3E4FD4:00 3E4FD5:3E 3E4FD0:00 3E4FD1:00 3E4FD2:32 3E4FD3:4E 3E4FCE:00 3E4FCF:00 3E4FCC:00 3E4FCD:00 3E4FCA:00 3E4FCB:3E 3E4FC6:00 3E4FC7:00 3E4FC8:33 3E4FC9:60 3E4FC8:00 3E4FC9:3E 3E4FC4:00 3E4FC5:00 3E4FC6:33 3E4FC7:6A 3E4FD2:00 3E4FD3:3E 3E4FCE:00 3E4FCF:00
W 076EE 0 
W 0778A 4 3E4FEA:00 3E4FEB:07 3E4FE8:00 3E4FE9:00
W 077C8 48 3E4FE8:00 3E4FE9:3E 3E4FEA:52 3E4FEB:00 3E4FE2:1C 3E4FE3:F6 3E4FE0:00 3E4FE1:3E 3E4FDE:00 3E4FDF:0D 3E4FDC:00 3E4FDD:00 3E4FDA:00 3E4FDB:00 3E4FD8:00 3E4FD9:00 3E4FD4:00 3E4FD5:01 3E4FD6:1B 3E4FD7:1E 3E4FD0:00 3E4FD1:00 3E4FD2:77 3E4FD3:FE 3E4FCE:02 3E4FCF:D8 3E4FCC:00 3E4FCD:3E 3E4FCA:00 3E4FCB:0D 3E4FC8:00 3E4FC9:00 3E4FC6:00 3E4FC7:1A 3E4FC4:00 3E4FC5:00 3E4FD8:00 3E4FD9:00 3E4FDA:00 3E4FDB:01 3E4FD6:00 3E4FD7:60 3E4FD4:00 3E4FD5:00 3E4FD0:00 3E4FD1:00 3E4FD2:78 3E4FD3:22
W 07800 20 3E5206:00 3E5207:00 3E5202:27 3E5203:00 3E5204:00 3E5205:00 3E51FE:00 3E51FF:01 3E5200:85 3E5201:7C 3E51FA:00 3E51FB:01 3E51FC:86 3E51FD:58 3E51F8:9C 3E51F9:30 3E51F4:27 3E51F5:00 3E51F6:00 3E51F7:01
W 07870 48 3E4FE8:00 3E4FE9:3E 3E4FEA:52 3E4FEB:00 3E4FDE:1B 3E4FDF:C6 3E4FDC:00 3E4FDD:3E 3E4FDA:1C 3E4FDB:F6 3E4FD8:00 3E4FD9:3E 3E4FD6:08 3E4FD7:64 3E4FD4:00 3E4FD5:3E 3E4FD2:00 3E4FD3:1E 3E4FD0:00 3E4FD1:00 3E4FCE:00 3E4FCF:18 3E4FCC:00 3E4FCD:00 3E4FCA:00 3E4FCB:14 3E4FC8:00 3E4FC9:00 3E4FC6:00 3E4FC7:0F 3E4FC4:00 3E4FC5:00 3E4FC2:00 3E4FC3:08 3E4FC0:00 3E4FC1:00 3E4FE2:00 3E4FE3:00 3E4FBE:43 3E4FBF:0C 3E4FBC:00 3E4FBD:00 3E4FBA:00 3E4FBB:3A 3E4FB8:00 3E4FB9:00 3E4FB6:08 3E4FB7:64
W 079B6 49 3E1870:7A 3E4FEA:00 3E4FEB:00 3E4FE8:00 3E4FE9:00 3E4FE4:00 3E4FE5:00 3E4FE6:79 3E4FE7:C6 3E4FE2:19 3E4FE3:68 3E4FE0:00 3E4FE1:3E 3E4FDE:00 3E4FDF:12 3E4FDC:00 3E4FDD:00 3E4FDA:00 3E4FDB:00 3E4FD8:00 3E4FD9:00 3E4FD6:00 3E4FD7:7A 3E4FD4:00 3E4FD5:00 3E4FD0:00 3E4FD1:00 3E4FD2:7A 3E4FD3:44 3E4FCC:00 3E4FCD:3E 3E4FCE:52 3E4FCF:00 3E4FC6:00 3E4FC7:00 3E4FC4:00 3E4FC5:00 3E4FCA:01 3E4FCB:01 3E4FC0:00 3E4FC1:00 3E4FC2:00 3E4FC3:F0 3E4FBE:00 3E4FBF:00 3E4FBC:00 3E4FBD:00 3E4FB8:00 3E4FB9:00
W 079CE 49 3E4FEA:00 3E4FEB:01 3E4FE8:00 3E4FE9:00 3E1870:AB 3E4FE6:40 3E4FE7:36 3E4FE4:00 3E4FE5:00 3E4FE0:00 3E4FE1:00 3E4FE2:79 3E4FE3:E8 3E4FDE:1B 3E4FDF:C6 3E4FDC:00 3E4FDD:3E 3E4FDA:40 3E4FDB:36 3E4FD8:00 3E4FD9:00 3E4FD6:40 3E4FD7:36 3E4FD4:00 3E4FD5:00 3E4FD2:FF 3E4FD3:AB 3E4FD0:FF 3E4FD1:FF 3E4FCC:00 3E4FCD:00 3E4FCE:7A 3E4FCF:44 3E4FC8:00 3E4FC9:3E 3E4FCA:52 3E4FCB:00 3E4FC2:40 3E4FC3:36 3E4FC0:00 3E4FC1:00 3E4FC6:01 3E4FC7:01 3E4FBC:00 3E4FBD:00 3E4FBE:00 3E4FBF:F0 3E4FBA:00 3E4FBB:00
W 07A02 48 3E4FE8:00 3E4FE9:01 3E4FEA:1B 3E4FEB:00 3E4FE4:00 3E4FE5:00 3E4FE6:7A 3E4FE7:0E 3E4FE2:0F 3E4FE3:48 3E4FE0:00 3E4FE1:3E 3E4FDE:00 3E4FDF:18 3E4FDC:00 3E4FDD:00 3E4FDA:00 3E4FDB:1B 3E4FD8:00 3E4FD9:00 3E1D02:00 3E1D03:10 3E1D04:3C 3E1D05:00 3E1D06:00 3E1D07:00 3E1D08:AD 3E1D09:5A 3E1D0A:00 3E1D0B:00 3E1D0C:00 3E1D0D:00 3E1D0E:00 3E1D0F:02 3E1D10:07 3E1D11:00 3E1D12:00 3E1D13:00 3E1D14:BD 3E1D15:84 3E1D16:00 3E1D17:00 3E1D18:00 3E1D19:00 3E1D1A:00 3E1D1B:06 3E1D1C:16 3E1D1D:00
W 07A12 0 
W 07A24 48 3E4FEA:1B 3E4FEB:C6 3E4FE8:00 3E4FE9:3E 3E4FE6:00 3E4FE7:1D 3E4FE4:00 3E4FE5:00 3E4FE2:00 3E4FE3:03 3E4FE0:00 3E4FE1:00 3E4FDE:00 3E4FDF:0C 3E4FDC:00 3E4FDD:00 3E4FD8:00 3E4FD9:00 3E4FDA:7A 3E4FDB:44 3E4FD4:00 3E4FD5:3E 3E4FD6:52 3E4FD7:00 3E4FCE:00 3E4FCF:03 3E4FCC:00 3E4FCD:00 3E4FD2:01 3E4FD3:01 3E4FC8:00 3E4FC9:00 3E4FCA:00 3E4FCB:F0 3E4FC6:00 3E4FC7:00 3E4FC4:00 3E4FC5:00 3E4FC0:00 3E4FC1:00 3E4FC2:00 3E4FC3:02 3E4FBE:00 3E4FBF:0C 3E4FBC:00 3E4FBD:00 3E4FBA:00 3E4FBB:01
W 07A88 48 3E4FE8:00 3E4FE9:3E 3E4FEA:52 3E4FEB:00 3E4FE2:00 3E4FE3:12 3E4FE0:00 3E4FE1:00 3E4FE6:01 3E4FE7:01 3E4FDC:00 3E4FDD:00 3E4FDE:00 3E4FDF:F0 3E4FDA:00 3E4FDB:00 3E4FD8:00 3E4FD9:00 3E4FD4:00 3E4FD5:00 3E4FD6:00 3E4FD7:02 3E4FD2:00 3E4FD3:FE 3E4FD0:00 3E4FD1:00 3E4FCE:00 3E4FCF:01 3E4FCC:00 3E4FCD:00 3E4FCA:00 3E4FCB:01 3E4FC8:00 3E4FC9:00 3E4FC4:00 3E4FC5:00 3E4FC6:7B 3E4FC7:08 3E4FC0:00 3E4FC1:3E 3E4FC2:4F 3E4FC3:E8 3E4FAE:00 3E4FAF:00 3E4FAC:00 3E4FAD:00 3E4FAA:00 3E4FAB:02
W 07B14 48 3E4FEA:00 3E4FEB:12 3E4FE8:00 3E4FE9:00 3E4FE6:00 3E4FE7:13 3E4FE4:00 3E4FE5:00 3E4FE2:00 3E4FE3:08 3E4FE0:00 3E4FE1:00 3E4FDE:19 3E4FDF:68 3E4FDC:00 3E4FDD:3E 3E4FD8:00 3E4FD9:00 3E4FDA:7B 3E4FDB:28 3E4FD4:00 3E4FD5:3E 3E4FD6:52 3E4FD7:00 3E4FCE:02 3E4FCF:D8 3E4FCC:00 3E4FCD:3E 3E4FD2:15 3E4FD3:10 3E4FC8:00 3E4FC9:00 3E4FCA:00 3E4FCB:01 3E4FC6:00 3E4FC7:1B 3E4FC4:00 3E4FC5:00 3E4FC2:00 3E4FC3:21 3E4FC0:00 3E4FC1:00 3E4FBE:00 3E4FBF:0F 3E4FBC:00 3E4FBD:00 3E4FBA:00 3E4FBB:14
W 07B3E 48 3E4FE8:00 3E4FE9:3E 3E4FEA:52 3E4FEB:00 3E4FE2:0F 3E4FE3:48 3E4FE0:00 3E4FE1:3E 3E4FDE:1B 3E4FDF:C6 3E4FDC:00 3E4FDD:3E 3E4FDA:1C 3E4FDB:F6 3E4FD8:00 3E4FD9:3E 3E4FD6:0F 3E4FD7:48 3E4FD4:00 3E4FD5:3E 3E4FD2:00 3E4FD3:0A 3E4FD0:00 3E4FD1:00 3E4FCE:00 3E4FCF:00 3E4FCC:00 3E4FCD:00 3E4FCA:00 3E4FCB:0B 3E4FC8:00 3E4FC9:00 3E4FC6:00 3E4FC7:12 3E4FC4:00 3E4FC5:00 3E4FC2:00 3E4FC3:16 3E4FC0:00 3E4FC1:00 3E4FBE:00 3E4FBF:00 3E4FBC:00 3E4FBD:00 3E4FB8:00 3E4FB9:00 3E4FBA:7B 3E4FBB:5A
W 07C04 49 3E4FEA:00 3E4FEB:09 3E4FE8:00 3E4FE9:00 3E4FE6:00 3E4FE7:00 3E4FE4:00 3E4FE5:00 3E4FE2:41 3E4FE3:62 3E4FE0:00 3E4FE1:3E 3E4FDC:00 3E4FDD:00 3E4FDE:7C 3E4FDF:1C 3E4FDA:08 3E4FDB:64 3E4FD8:00 3E4FD9:3E 3E4FD6:00 3E4FD7:AD 3E4FD4:00 3E4FD5:00 3E4FD2:00 3E4FD3:11 3E4FD0:00 3E4FD1:00 3E1CF4:00 3E1CF5:06 3E1D42:EA 3E1D43:EE 3E1D44:F2 3E1D45:D7 3E1D46:00 3E1D47:00 3E1D48:00 3E1D49:00 3E1D40:56 3E1D3E:00 3E1D3F:56 3E1D41:BA 3E0DC4:FE 3E4FE6:00 3E4FE7:00 3E4FE4:00 3E4FE5:00 3E4FE0:00 3E4FE1:01
W 07C72 49 3E4FE8:00 3E4FE9:00 3E4FEA:00 3E4FEB:01 3E4FE4:00 3E4FE5:01 3E4FE6:1B 3E4FE7:30 3E4FE0:00 3E4FE1:00 3E4FE2:7C 3E4FE3:82 3E4FDE:1B 3E4FDF:C6 3E4FDC:00 3E4FDD:3E 3E4FDA:00 3E4FDB:06 3E4FD8:00 3E4FD9:00 3E4FD6:00 3E4FD7:0E 3E4FD4:00 3E4FD5:00 3E1CF4:00 3E1CF5:06 3E1D42:00 3E1D43:00 3E1D44:0D 3E1D45:DA 3E1D46:00 3E1D47:00 3E1D48:00 3E1D49:01 3E1D40:08 3E1D3E:00 3E1D3F:08 3E1D41:00 3E0DC4:FE 3E4FE2:00 3E4FE3:00 3E4FE0:00 3E4FE1:00 3E4FDC:00 3E4FDD:01 3E4FDE:1B 3E4FDF:1E 3E4FD8:00 3E4FD9:00
W 07CB0 48 3E4FEA:00 3E4FEB:11 3E4FE8:00 3E4FE9:00 3E4FE6:42 3E4FE7:FA 3E4FE4:00 3E4FE5:00 3E4FE0:00 3E4FE1:00 3E4FE2:00 3E4FE3:09 3E4FDC:00 3E4FDD:00 3E4FDE:00 3E4FDF:0C 3E4FDA:00 3E4FDB:EA 3E4FD8:00 3E4FD9:00 3E4FD6:23 3E4FD7:AD 3E4FD4:23 3E4FD5:A1 3E4FD0:00 3E4FD1:00 3E4FD2:7C 3E4FD3:DE 3E4FCC:00 3E4FCD:3E 3E4FCE:52 3E4FCF:00 3E4FC6:1C 3E4FC7:F6 3E4FC4:00 3E4FC5:3E 3E4FC2:00 3E4FC3:15 3E4FC0:00 3E4FC1:00 3E4FBE:00 3E4FBF:09 3E4FBC:00 3E4FBD:00 3E4FBA:42 3E4FBB:FA 3E4FB8:00 3E4FB9:00
W 07CF0 0 
W 07D50 48 3E4FE8:00 3E4FE9:00 3E4FEA:00 3E4FEB:01 3E4FE4:00 3E4FE5:00 3E4FE6:00 3E4FE7:09 3E4FE0:00 3E4FE1:00 3E4FE2:00 3E4FE3:0C 3E4FDE:00 3E4FDF:81 3E4FDC:00 3E4FDD:00 3E4FDA:0D 3E4FDB:D4 3E4FD8:0D 3E4FD9:BD 3E4FD4:00 3E4FD5:00 3E4FD6:7D 3E4FD7:7A 3E4FD0:00 3E4FD1:3E 3E4FD2:52 3E4FD3:00 3E4FCA:1B 3E4FCB:C6 3E4FC8:00 3E4FC9:3E 3E4FC6:00 3E4FC7:06 3E4FC4:00 3E4FC5:00 3E4FC2:00 3E4FC3:01 3E4FC0:00 3E4FC1:00 3E4FBE:00 3E4FBF:06 3E4FBC:00 3E4FBD:00 3E4FCE:15 3E4FCF:10 3E4FBA:00 3E4FBB:FF
W 07D80 48 3E4FEA:0F 3E4FEB:48 3E4FE8:00 3E4FE9:3E 3E4FE6:0F 3E4FE7:48 3E4FE4:00 3E4FE5:3E 3E4FE2:00 3E4FE3:16 3E4FE0:00 3E4FE1:00 3E4FDE:00 3E4FDF:00 3E4FDC:00 3E4FDD:00 3E4FDA:00 3E4FDB:1B 3E4FD8:00 3E4FD9:00 3E4FD6:00 3E4FD7:1D 3E4FD4:00 3E4FD5:00 3E4FD2:00 3E4FD3:1B 3E4FD0:00 3E4FD1:00 3E4FCE:00 3E4FCF:01 3E4FCC:00 3E4FCD:00 3E4FCA:00 3E4FCB:07 3E4FC8:00 3E4FC9:00 3E4FC6:00 3E4FC7:0C 3E4FC4:00 3E4FC5:00 3E4FC2:00 3E4FC3:00 3E4FC0:00 3E4FC1:00 3E4FBE:84 3E4FBF:E0 3E4FBC:00 3E4FBD:03
W 07DCE 48 3E4FEA:1B 3E4FEB:C6 3E4FE8:00 3E4FE9:3E 3E4FE6:0F 3E4FE7:48 3E4FE4:00 3E4FE5:3E 3E4FE2:0F 3E4FE3:48 3E4FE0:00 3E4FE1:3E 3E4FDE:00 3E4FDF:1C 3E4FDC:00 3E4FDD:00 3E4FDA:00 3E4FDB:00 3E4FD8:00 3E4FD9:00 3E4FD6:00 3E4FD7:0C 3E4FD4:00 3E4FD5:00 3E4FD2:00 3E4FD3:15 3E4FD0:00 3E4FD1:00 3E4FCC:00 3E4FCD:00 3E4FCE:7D 3E4FCF:D6 3E4FCA:0F 3E4FCB:48 3E4FC8:00 3E4FC9:3E 3E4FC4:00 3E4FC5:00 3E4FC6:00 3E4FC7:08 3E4FC0:00 3E4FC1:01 3E4FC2:F0 3E4FC3:40 3E4FBC:00 3E4FBD:00 3E4FBE:46 3E4FBF:F2
W 07E7A 5 3E1AE2:D1 3E8054:03 3E8055:E8 3E8052:00 3E8053:00
W 07EA4 44 3E4FEA:1C 3E4FEB:F6 3E4FE8:00 3E4FE9:3E 3E4FE6:00 3E4FE7:1C 3E4FE4:00 3E4FE5:00 3E4FE2:00 3E4FE3:11 3E4FE0:00 3E4FE1:00 3E4FDE:00 3E4FDF:09 3E4FDC:00 3E4FDD:00 3E4FDA:7E 3E4FDB:AE 3E4FD6:27 3E4FD7:00 3E4FD8:00 3E4FD9:00 3E4FD4:26 3E4FD5:2A 3E4FD2:00 3E4FD3:0D 3E4FCE:26 3E4FCF:35 3E4FD0:00 3E4FD1:00 3E4FCA:00 3E4FCB:01 3E4FCC:85 3E4FCD:6A 3E4FC6:00 3E4FC7:01 3E4FC8:86 3E4FC9:58 3E4FC4:9C 3E4FC5:30 3E4FC0:27 3E4FC1:00 3E4FC2:00 3E4FC3:01
W 07F5A 44 3E4FEA:19 3E4FEB:68 3E4FE8:00 3E4FE9:3E 3E4FE6:00 3E4FE7:0E 3E4FE4:00 3E4FE5:00 3E4FE2:00 3E4FE3:02 3E4FE0:00 3E4FE1:00 3E4FDE:00 3E4FDF:13 3E4FDC:00 3E4FDD:00 3E4FDA:7F 3E4FDB:68 3E4FD6:27 3E4FD7:04 3E4FD8:00 3E4FD9:00 3E4FD4:28 3E4FD5:2A 3E4FD2:00 3E4FD3:BD 3E4FCE:28 3E4FCF:35 3E4FD0:00 3E4FD1:00 3E4FCA:00 3E4FCB:01 3E4FCC:85 3E4FCD:6A 3E4FC6:00 3E4FC7:01 3E4FC8:86 3E4FC9:58 3E4FC4:9C 3E4FC5:30 3E4FC0:27 3E4FC1:04 3E4FC2:00 3E4FC3:01
W 08000 32 3E0F5A:FF 3E0F5B:FF 3E0F58:FF 3E0F59:FF 3E4FF2:00 3E4FF3:30 3E4FEE:27 3E4FEF:19 3E4FF0:00 3E4FF1:00 3E4FEC:85 3E4FED:EE 3E4FEA:52 3E4FEB:01 3E4FE6:85 3E4FE7:F5 3E4FE8:00 3E4FE9:3E 3E4FE2:00 3E4FE3:01 3E4FE4:85 3E4FE5:6A 3E4FDE:00 3E4FDF:01 3E4FE0:86 3E4FE1:58 3E4FDC:9C 3E4FDD:30 3E4FD8:27 3E4FD9:19 3E4FDA:00 3E4FDB:01
W 08008 0 
W 08200 48 3E4FE8:00 3E4FE9:3E 3E4FEA:52 3E4FEB:00 3E4FE2:1C 3E4FE3:F6 3E4FE0:00 3E4FE1:3E 3E4FE6:00 3E4FE7:00 3E4FDC:00 3E4FDD:00 3E4FDE:00 3E4FDF:11 3E4FDA:00 3E4FDB:00 3E4FD8:00 3E4FD9:1C 3E4FD6:00 3E4FD7:00 3E4FD2:00 3E4FD3:00 3E4FD4:82 3E4FD5:34 3E4FD0:00 3E4FD1:1C 3E4FCE:00 3E4FCF:00 3E4FCC:00 3E4FCD:15 3E4FCA:00 3E4FCB:00 3E4FC8:00 3E4FC9:1F 3E4FC6:00 3E4FC7:00 3E4FC4:00 3E4FC5:09 3E4FC2:00 3E4FC3:00 3E4FBE:00 3E4FBF:00 3E4FC0:08 3E4FC1:F0 3E4FBA:00 3E4FBB:00 3E4FBC:00 3E4FBD:01
W 08326 48 3E4FE8:00 3E4FE9:3E 3E4FEA:52 3E4FEB:00 3E4FE2:0F 3E4FE3:48 3E4FE0:00 3E4FE1:3E 3E4FDE:1C 3E4FDF:F6 3E4FDC:00 3E4FDD:3E 3E4FDA:00 3E4FDB:10 3E4FD8:00 3E4FD9:00 3E4FD6:00 3E4FD7:19 3E4FD4:00 3E4FD5:00 3E4FD2:00 3E4FD3:1B 3E4FD0:00 3E4FD1:00 3E4FCE:00 3E4FCF:1A 3E4FCC:00 3E4FCD:00 3E4FCA:00 3E4FCB:05 3E4FC8:00 3E4FC9:00 3E4FE6:B9 3E4FE7:00 3E4FE6:BA 3E4FC6:BA 3E4FC7:00 3E4FC2:00 3E4FC3:00 3E4FC4:83 3E4FC5:4C 3E4FC4:BA 3E4FC5:00 3E4FC0:00 3E4FC1:00 3E4FC2:83 3E4FC3:58 3E4FE6:BB
W 0848E 48 3E4FEA:0F 3E4FEB:48 3E4FE8:00 3E4FE9:3E 3E4FE6:00 3E4FE7:0B 3E4FE4:00 3E4FE5:00 3E4FE2:00 3E4FE3:03 3E4FE0:00 3E4FE1:00 3E4FDE:00 3E4FDF:19 3E4FDC:00 3E4FDD:00 3E1998:00 3E1999:00 3E4FDA:19 3E4FDB:68 3E4FD8:00 3E4FD9:3E 3E4FD6:1B 3E4FD7:36 3E4FD4:00 3E4FD5:01 3E4FD0:00 3E4FD1:00 3E4FD2:84 3E4FD3:BC 3E4FCE:0F 3E4FCF:48 3E4FCC:00 3E4FCD:3E 3E4FCA:00 3E4FCB:03 3E4FC8:00 3E4FC9:00 3E4FC6:00 3E4FC7:03 3E4FC4:00 3E4FC5:00 3E1CF4:00 3E1CF5:06 3E1D42:00 3E1D43:00 3E1D44:83 3E1D45:26
W 084DA 4 3E4FEA:1C 3E4FEB:F6 3E4FE8:00 3E4FE9:3E
W 08536 18 3E4FE8:00 3E4FE9:00 3E4FEA:85 3E4FEB:3C 3E4FE6:00 3E4FE7:1C 3E4FE4:00 3E4FE5:00 3E4FE2:00 3E4FE3:0E 3E4FE0:00 3E4FE1:00 3E4FDC:00 3E4FDD:01 3E4FDE:1E 3E4FDF:1A 3E0802:00 3E0803:00
W 08576 48 3E4FE8:00 3E4FE9:00 3E4FEA:00 3E4FEB:F0 3E4FE4:00 3E4FE5:00 3E4FE6:00 3E4FE7:1E 3E4FE0:00 3E4FE1:00 3E4FE2:00 3E4FE3:2A 3E4FDC:00 3E4FDD:20 3E4FDE:00 3E4FDF:04 3E4FD8:00 3E4FD9:03 3E4FDA:33 3E4FDB:F6 3E4FD4:00 3E4FD5:00 3E4FD6:85 3E4FD7:92 3E4FD2:00 3E4FD3:19 3E4FD0:00 3E4FD1:00 3E4FCE:00 3E4FCF:0C 3E4FCC:00 3E4FCD:00 3E4FCA:00 3E4FCB:F0 3E4FC8:00 3E4FC9:00 3E4FC6:00 3E4FC7:1E 3E4FC4:00 3E4FC5:00 3E4FC2:00 3E4FC3:2A 3E4FC0:00 3E4FC1:00 3E4FBE:00 3E4FBF:04 3E4FBC:00 3E4FBD:20
W 08598 48 3E4FEA:40 3E4FEB:00 3E4FE8:00 3E4FE9:3E 3E4FE6:00 3E4FE7:0A 3E4FE4:00 3E4FE5:00 3E4FE0:00 3E4FE1:00 3E4FE2:86 3E4FE3:00 3E4FDC:00 3E4FDD:00 3E4FDE:00 3E4FDF:01 3E4FD8:00 3E4FD9:01 3E4FDA:EE 3E4FDB:80 3E4FD4:00 3E4FD5:00 3E4FD6:46 3E4FD7:BE 3E4FD2:EE 3E4FD3:80 3E4FD0:00 3E4FD1:01 3E4FCE:00 3E4FCF:01 3E4FCC:00 3E4FCD:00 3E4FCA:00 3E4FCB:00 3E4FC8:00 3E4FC9:00 3E4FC4:00 3E4FC5:00 3E4FC6:45 3E4FC7:20 3E4FC2:00 3E4FC3:0D 3E4FC0:00 3E4FC1:00 3E4FBE:00 3E4FBF:1D 3E4FBC:00 3E4FBD:00
W 08606 0 
W 0865E 40 3E4FEA:0F 3E4FEB:48 3E4FE8:00 3E4FE9:3E 3E4FE6:00 3E4FE7:11 3E4FE4:00 3E4FE5:00 3E4FE2:00 3E4FE3:09 3E4FE0:00 3E4FE1:00 3E4FDE:86 3E4FDF:6A 3E4FDA:27 3E4FDB:00 3E4FDC:00 3E4FDD:00 3E4FD8:36 3E4FD9:2A 3E4FD6:00 3E4FD7:93 3E4FD2:36 3E4FD3:35 3E4FD4:00 3E4FD5:00 3E4FCE:00 3E4FCF:01 3E4FD0:85 3E4FD1:6A 3E4FCA:00 3E4FCB:01 3E4FCC:86 3E4FCD:58 3E4FC8:9C 3E4FC9:30 3E4FC4:27 3E4FC5:00 3E4FC6:00 3E4FC7:01
W 086AE 14 3E4FE8:00 3E4FE9:3E 3E4FEA:52 3E4FEB:00 3E4FE2:02 3E4FE3:D8 3E4FE0:00 3E4FE1:3E 3E4FE6:00 3E4FE7:00 3E4FE6:01 3E4FE7:01 3E1B28:01 3E1B29:01
W 0875E 48 3E4FE8:00 3E4FE9:3E 3E4FEA:52 3E4FEB:00 3E4FE2:1B 3E4FE3:C6 3E4FE0:00 3E4FE1:3E 3E4FDE:1C 3E4FDF:F6 3E4FDC:00 3E4FDD:3E 3E4FDA:1B 3E4FDB:C6 3E4FD8:00 3E4FD9:3E 3E4FD6:0F 3E4FD7:48 3E4FD4:00 3E4FD5:3E 3E4FD2:00 3E4FD3:14 3E4FD0:00 3E4FD1:00 3E4FCE:00 3E4FCF:06 3E4FCC:00 3E4FCD:00 3E4FCA:00 3E4FCB:17 3E4FC8:00 3E4FC9:00 3E4FC6:00 3E4FC7:1A 3E4FC4:00 3E4FC5:00 3E4FE7:00 3E4FE6:00 3E4FE7:00 3E4FE7:00 3E4FE6:00 3E4FE7:00 3E4FE4:00 3E4FE5:3E 3E4FE6:00 3E4FE7:00 3E4FE6:00 3E4FE7:00
W 08878 48 3E4FEA:1C 3E4FEB:F6 3E4FE8:00 3E4FE9:3E 3E1AE2:FF 3E1AE3:00 3E4FE6:00 3E4FE7:00 3E4FE2:00 3E4FE3:00 3E4FE4:88 3E4FE5:8E 3E4FE0:00 3E4FE1:00 3E4FDC:00 3E4FDD:00 3E4FDE:69 3E4FDF:92 3E0864:1A 3E0865:1A 3E0884:1A 3E0885:1A 3E4FE4:1A 3E4FE5:E2 3E4FE2:00 3E4FE3:3E 3E4FE0:00 3E4FE1:00 3E4FDC:00 3E4FDD:00 3E4FDE:88 3E4FDF:9A 3E4FDA:19 3E4FDB:60 3E4FD8:00 3E4FD9:3E 3E4FD6:00 3E4FD7:00 3E4FD4:00 3E4FD5:00 3E4FD2:00 3E4FD3:00 3E4FCE:00 3E4FCF:00 3E4FD0:8A 3E4FD1:82 3E4FCA:00 3E4FCB:3E
W 08A70 48 3E4FEA:0F 3E4FEB:48 3E4FE8:00 3E4FE9:3E 3E4FE6:00 3E4FE7:00 3E4FE4:00 3E4FE5:00 3E4FE2:00 3E4FE3:00 3E4FDE:00 3E4FDF:00 3E4FE0:8A 3E4FE1:82 3E4FDA:00 3E4FDB:3E 3E4FDC:52 3E4FDD:00 3E4FD0:02 3E4FD1:D8 3E4FCE:00 3E4FCF:3E 3E4FCC:1B 3E4FCD:C6 3E4FCA:00 3E4FCB:3E 3E4FC8:0F 3E4FC9:48 3E4FC6:00 3E4FC7:3E 3E4FC4:00 3E4FC5:3E 3E4FC2:00 3E4FC3:DF 3E4FC0:00 3E4FC1:04 3E4FBE:00 3E4FBF:00 3E4FBC:00 3E4FBD:1D 3E4FBA:00 3E4FBB:00 3E4FB8:00 3E4FB9:1A 3E4FB6:00 3E4FB7:00 3E4FB4:00 3E4FB5:19
W 08A9C 34 3E4FE8:00 3E4FE9:3E 3E4FEA:52 3E4FEB:00 3E4FE2:02 3E4FE3:D8 3E4FE0:00 3E4FE1:3E 3E4FDE:40 3E4FDF:00 3E4FDC:00 3E4FDD:3E 3E4FDA:08 3E4FDB:64 3E4FD8:00 3E4FD9:3E 3E4FD6:00 3E4FD7:05 3E4FD4:00 3E4FD5:00 3E4FD2:00 3E4FD3:02 3E4FD0:00 3E4FD1:00 3E4FE4:58 3E4FE5:00 3E4FE6:58 3E4FE7:00 3E4FE4:58 3E4FE5:FF 3E4FE6:58 3E4FE7:FF 3E4FE4:AC 3E4FE5:FF
W 08B0C 48 3E4FE8:00 3E4FE9:3E 3E4FEA:52 3E4FEB:00 3E4FDE:08 3E4FDF:64 3E4FDC:00 3E4FDD:3E 3E4FDA:19 3E4FDB:68 3E4FD8:00 3E4FD9:3E 3E4FD6:0F 3E4FD7:48 3E4FD4:00 3E4FD5:3E 3E4FD2:0F 3E4FD3:48 3E4FD0:00 3E4FD1:3E 3E4FCE:00 3E4FCF:1F 3E4FCC:00 3E4FCD:00 3E4FCA:00 3E4FCB:06 3E4FC8:00 3E4FC9:00 3E4FC6:00 3E4FC7:07 3E4FC4:00 3E4FC5:00 3E4FC2:00 3E4FC3:17 3E4FC0:00 3E4FC1:00 3E4FBE:00 3E4FBF:17 3E4FBC:00 3E4FBD:00 3E4FF0:00 3E4FF1:00 3E4FE4:00 3E4FE5:00 3E4FE6:00 3E4FE7:00 3E4FE0:00 3E4FE1:00
W 08BB2 0 
W 08C7A 34 3E4FE8:00 3E4FE9:3E 3E4FEA:52 3E4FEB:00 3E4FE2:02 3E4FE3:D8 3E4FE0:00 3E4FE1:3E 3E4FDE:1C 3E4FDF:F6 3E4FDC:00 3E4FDD:3E 3E4FDA:1B 3E4FDB:C6 3E4FD8:00 3E4FD9:3E 3E4FD6:00 3E4FD7:13 3E4FD4:00 3E4FD5:00 3E4FD2:00 3E4FD3:02 3E4FD0:00 3E4FD1:00 3E4FE6:00 3E4FE7:01 3E4FE6:00 3E4FE7:02 3E4FCE:00 3E4FCF:02 3E4FCA:00 3E4FCB:00 3E4FCC:8C 3E4FCD:D4
W 08D0E 40 3E4FE8:00 3E4FE9:3E 3E4FEA:52 3E4FEB:00 3E4FE2:1B 3E4FE3:C6 3E4FE0:00 3E4FE1:3E 3E4FDE:1C 3E4FDF:F6 3E4FDC:00 3E4FDD:3E 3E4FDA:1C 3E4FDB:F6 3E4FD8:00 3E4FD9:3E 3E4FD6:02 3E4FD7:D8 3E4FD4:00 3E4FD5:3E 3E4FD2:00 3E4FD3:1B 3E4FD0:00 3E4FD1:00 3E4FCE:00 3E4FCF:04 3E4FCC:00 3E4FCD:00 3E4FCA:00 3E4FCB:13 3E4FC8:00 3E4FC9:00 3E4FC6:00 3E4FC7:03 3E4FC4:00 3E4FC5:00 3E4FC2:00 3E4FC3:10 3E4FC0:00 3E4FC1:00
W 08F2E 48 3E4FEA:1B 3E4FEB:C6 3E4FE8:00 3E4FE9:3E 3E4FE6:02 3E4FE7:D8 3E4FE4:00 3E4FE5:3E 3E4FE0:00 3E4FE1:00 3E4FE2:00 3E4FE3:02 3E4FDC:00 3E4FDD:00 3E4FDE:00 3E4FDF:02 3E4FDA:00 3E4FDB:3E 3E4FD6:00 3E4FD7:00 3E4FD8:8F 3E4FD9:7C 3E4FD4:00 3E4FD5:03 3E4FD2:00 3E4FD3:00 3E4FD0:00 3E4FD1:0E 3E4FCE:00 3E4FCF:00 3E4FCC:00 3E4FCD:3E 3E4FC8:00 3E4FC9:00 3E4FCA:B5 3E4FCB:CE 3E08A2:02 3E08A3:02 3E08C2:02 3E08C3:02 3E4FD8:00 3E4FD9:00 3E4FD6:00 3E4FD7:00 3E4FD4:00 3E4FD5:3E 3E4FD0:00 3E4FD1:00
W 08FC8 24 3E4FE8:00 3E4FE9:3E 3E4FEA:52 3E4FEB:00 3E4FE2:40 3E4FE3:00 3E4FE0:00 3E4FE1:3E 3E4FDE:0F 3E4FDF:48 3E4FDC:00 3E4FDD:3E 3E4FE6:00 3E4FE7:00 3E4FE6:00 3E4FE7:00 3E4FE6:00 3E4FE7:00 3E4FE6:00 3E4FE7:00 3E4FE6:00 3E4FE7:00 3E4FE6:00 3E4FE7:00
W 0900A 28 3E4FEA:90 3E4FEB:12 3E4FE6:27 3E4FE7:00 3E4FE8:00 3E4FE9:00 3E4FE4:00 3E4FE5:50 3E4FE2:00 3E4FE3:85 3E4FDE:00 3E4FDF:55 3E4FE0:00 3E4FE1:00 3E4FDA:00 3E4FDB:01 3E4FDC:85 3E4FDD:6A 3E4FD6:00 3E4FD7:01 3E4FD8:86 3E4FD9:58 3E4FD4:9C 3E4FD5:30 3E4FD0:27 3E4FD1:00 3E4FD2:00 3E4FD3:01
W 09034 4 3E4FEA:02 3E4FEB:D8 3E4FE8:00 3E4FE9:3E
W 09080 4 3E4FEA:1B 3E4FEB:C6 3E4FE8:00 3E4FE9:3E
W 090BE 0 
W 090E6 14 3E4FEA:00 3E4FEB:3A 3E4FE8:00 3E4FE9:00 3E4FE4:00 3E4FE5:00 3E4FE6:90 3E4FE7:FA 3E4FE2:00 3E4FE3:13 3E4FE0:00 3E4FE1:00 3E1928:3A 3E1942:07
W 090FE 14 3E4FEA:00 3E4FEB:85 3E4FE8:00 3E4FE9:00 3E4FE4:00 3E4FE5:00 3E4FE6:91 3E4FE7:0A 3E4FE2:00 3E4FE3:17 3E4FE0:00 3E4FE1:00 3E1928:85 3E1942:07
W 0910E 23 3E4FEA:1B 3E4FEB:C6 3E4FE8:00 3E4FE9:3E 3E4FE6:00 3E4FE7:0E 3E4FE4:00 3E4FE5:00 3E4FE2:00 3E4FE3:D3 3E4FE0:00 3E4FE1:00 3E4FDC:00 3E4FDD:00 3E4FDE:91 3E4FDF:3C 3E4FDA:00 3E4FDB:D3 3E4FD8:00 3E4FD9:00 3E1928:D3 3E1942:07 3E1946:01
W 09150 19 3E4FEA:0F 3E4FEB:48 3E4FE8:00 3E4FE9:3E 3E4FE6:00 3E4FE7:01 3E4FE4:00 3E4FE5:00 3E4FE0:00 3E4FE1:00 3E4FE2:91 3E4FE3:76 3E4FDE:00 3E4FDF:1B 3E4FDC:00 3E4FDD:00 3E1928:01 3E1942:07 3E1946:01
W 09208 49 3E4FE8:00 3E4FE9:3E 3E4FEA:52 3E4FEB:00 3E4FDE:1B 3E4FDF:C6 3E4FDC:00 3E4FDD:3E 3E4FDA:02 3E4FDB:D8 3E4FD8:00 3E4FD9:3E 3E4FD6:0F 3E4FD7:48 3E4FD4:00 3E4FD5:3E 3E4FD2:00 3E4FD3:00 3E4FD0:00 3E4FD1:00 3E4FCE:00 3E4FCF:1B 3E4FCC:00 3E4FCD:00 3E4FCA:00 3E4FCB:06 3E4FC8:00 3E4FC9:00 3E4FC6:00 3E4FC7:0F 3E4FC4:00 3E4FC5:00 3E4FC2:00 3E4FC3:0C 3E4FC0:00 3E4FC1:00 3E4FE4:00 3E4FE5:3E 3E4FE6:19 3E4FE7:4A 3E1960:00 3E1961:3E 3E1962:19 3E1963:68 3E4FE0:00 3E4FE1:00 3E1958:00 3E4FBC:00 3E4FBD:00
W 09266 48 3E4FE8:00 3E4FE9:00 3E4FEA:92 3E4FEB:6C 3E4FE6:1C 3E4FE7:F6 3E4FE4:00 3E4FE5:3E 3E4FE2:08 3E4FE3:64 3E4FE0:00 3E4FE1:3E 3E4FDE:00 3E4FDF:00 3E4FDC:00 3E4FDD:00 3E194A:00 3E194B:00 3E4FD8:00 3E4FD9:01 3E4FDA:1B 3E4FDB:1E 3E4FD4:00 3E4FD5:00 3E4FD6:D4 3E4FD7:68 3E4FD2:08 3E4FD3:64 3E4FD0:00 3E4FD1:3E 3E4FCE:00 3E4FCF:00 3E4FCC:00 3E4FCD:00 3E4FCA:00 3E4FCB:01 3E4FC8:00 3E4FC9:00 3E4FD8:00 3E4FD9:00 3E4FDA:00 3E4FDB:01 3E4FD4:00 3E4FD5:00 3E4FD6:D4 3E4FD7:88 3E4FD0:00 3E4FD1:3E
W 09D80 42 3E1948:00 3E1949:0E 3E4FE8:00 3E4FE9:01 3E4FEA:1B 3E4FEB:3C 3E4FE4:00 3E4FE5:00 3E4FE6:9E 3E4FE7:92 3E4FE2:0F 3E4FE3:48 3E4FE0:00 3E4FE1:3E 3E4FDE:00 3E4FDF:10 3E4FDC:00 3E4FDD:00 3E4FDA:00 3E4FDB:1A 3E4FD8:00 3E4FD9:00 3E5206:00 3E5207:00 3E5202:27 3E5203:09 3E5204:00 3E5205:00 3E51FE:00 3E51FF:01 3E5200:85 3E5201:7C 3E51FA:00 3E51FB:01 3E51FC:86 3E51FD:58 3E51F8:9C 3E51F9:30 3E51F4:27 3E51F5:09 3E51F6:00 3E51F7:01
W 0A000 0 
W 0A7E4 0 
W 0A7E6 24 3E4FEA:00 3E4FEB:0D 3E4FE8:00 3E4FE9:00 3E4FE6:00 3E4FE7:54 3E4FE4:00 3E4FE5:00 3E4FE2:00 3E4FE3:F0 3E4FE0:00 3E4FE1:00 3E4FDC:00 3E4FDD:00 3E4FDE:A8 3E4FDF:00 3E4FDA:00 3E4FDB:F0 3E4FD8:00 3E4FD9:00 3E0926:05 3E092C:C0 3E4FD6:05 3E0926:05
W 0A80C 49 3E4FEA:0F 3E4FEB:48 3E4FE8:00 3E4FE9:3E 3E4FE6:08 3E4FE7:64 3E4FE4:00 3E4FE5:3E 3E4FE2:40 3E4FE3:00 3E4FE0:00 3E4FE1:3E 3E4FDE:19 3E4FDF:68 3E4FDC:00 3E4FDD:3E 3E4FDA:00 3E4FDB:16 3E4FD8:00 3E4FD9:00 3E4FD6:00 3E4FD7:15 3E4FD4:00 3E4FD5:00 3E4FD2:00 3E4FD3:05 3E4FD0:00 3E4FD1:00 3E4FCE:00 3E4FCF:11 3E4FCC:00 3E4FCD:00 3E4FCA:00 3E4FCB:05 3E4FC8:00 3E4FC9:00 3E4FC4:00 3E4FC5:00 3E4FC6:A8 3E4FC7:1C 3E195C:00 3E1AEC:00 3E1AED:00 3E1AEA:00 3E1AEB:00 3E1AF0:00 3E1AF1:00 3E1AEE:00 3E1AEF:00
W 0A90E 48 3E4FEA:0F 3E4FEB:48 3E4FE8:00 3E4FE9:3E 3E4FE6:08 3E4FE7:64 3E4FE4:00 3E4FE5:3E 3E4FE2:1B 3E4FE3:C6 3E4FE0:00 3E4FE1:3E 3E4FDE:00 3E4FDF:17 3E4FDC:00 3E4FDD:00 3E4FDA:00 3E4FDB:07 3E4FD8:00 3E4FD9:00 3E4FD6:00 3E4FD7:14 3E4FD4:00 3E4FD5:00 3E1A90:00 3E1A91:3E 3E1A92:1C 3E1A93:44 3E4FD0:00 3E4FD1:00 3E4FD2:A9 3E4FD3:7C 3E4FCE:EE 3E4FCF:90 3E4FCC:00 3E4FCD:00 3E4FCA:1B 3E4FCB:C6 3E4FC8:00 3E4FC9:3E 3E4FC6:00 3E4FC7:0B 3E4FC4:00 3E4FC5:00 3E4FC2:00 3E4FC3:17 3E4FC0:00 3E4FC1:00
W 0A9BE 48 3E4FEA:02 3E4FEB:D8 3E4FE8:00 3E4FE9:3E 3E4FE6:08 3E4FE7:64 3E4FE4:00 3E4FE5:3E 3E4FE2:00 3E4FE3:0B 3E4FE0:00 3E4FE1:00 3E4FDE:00 3E4FDF:02 3E4FDC:00 3E4FDD:00 3E4FDA:00 3E4FDB:03 3E4FD8:00 3E4FD9:00 3E4FD6:00 3E4FD7:07 3E4FD4:00 3E4FD5:00 3E4FD0:00 3E4FD1:01 3E4FD2:1B 3E4FD3:48 3E4FCC:00 3E4FCD:00 3E4FCE:A9 3E4FCF:DE 3E4FCA:40 3E4FCB:00 3E4FC8:00 3E4FC9:3E 3E4FC6:00 3E4FC7:07 3E4FC4:00 3E4FC5:00 3E4FC2:00 3E4FC3:01 3E4FC0:00 3E4FC1:00 3E1D0E:00 3E1D0F:02 3E1D10:07 3E1D11:00
W 0AA86 48 3E4FEA:40 3E4FEB:00 3E4FE8:00 3E4FE9:3E 3E4FE6:19 3E4FE7:68 3E4FE4:00 3E4FE5:3E 3E4FE2:00 3E4FE3:0B 3E4FE0:00 3E4FE1:00 3E4FDE:00 3E4FDF:06 3E4FDC:00 3E4FDD:00 3E4FDA:00 3E4FDB:03 3E4FD8:00 3E4FD9:00 3E4FD6:00 3E4FD7:00 3E4FD4:00 3E4FD5:00 3E4FD0:00 3E4FD1:01 3E4FD2:1B 3E4FD3:72 3E4FCC:00 3E4FCD:00 3E4FCE:AA 3E4FCF:A4 3E4FCA:19 3E4FCB:68 3E4FC8:00 3E4FC9:3E 3E4FC6:00 3E4FC7:03 3E4FC4:00 3E4FC5:00 3E4FC2:00 3E4FC3:1D 3E4FC0:00 3E4FC1:00 3E1CF4:00 3E1CF5:06 3E1D42:00 3E1D43:00
W 0AB12 48 3E4FE8:00 3E4FE9:01 3E4FEA:1B 3E4FEB:60 3E4FE4:00 3E4FE5:00 3E4FE6:AB 3E4FE7:1E 3E4FE2:19 3E4FE3:68 3E4FE0:00 3E4FE1:3E 3E4FDE:00 3E4FDF:08 3E4FDC:00 3E4FDD:00 3E4FDA:00 3E4FDB:09 3E4FD8:00 3E4FD9:00 3E4FE4:00 3E4FE5:01 3E4FE6:1B 3E4FE7:4E 3E4FE0:00 3E4FE1:00 3E4FE2:AB 3E4FE3:2A 3E4FDE:19 3E4FDF:68 3E4FDC:00 3E4FDD:3E 3E4FDA:00 3E4FDB:08 3E4FD8:00 3E4FD9:00 3E4FD6:00 3E4FD7:09 3E4FD4:00 3E4FD5:00 3E4FE2:00 3E4FE3:00 3E4FE0:00 3E4FE1:00 3E4FDC:00 3E4FDD:01 3E4FDE:1B 3E4FDF:54
W 0AB58 0 
W 0AC4C 28 3E4FEA:1B 3E4FEB:C6 3E4FE8:00 3E4FE9:3E 3E4FE6:19 3E4FE7:68 3E4FE4:00 3E4FE5:3E 3E4FE2:00 3E4FE3:0B 3E4FE0:00 3E4FE1:00 3E4FDE:00 3E4FDF:15 3E4FDC:00 3E4FDD:00 3E4FDA:00 3E4FDB:0B 3E4FD8:00 3E4FD9:00 3E4FD6:00 3E4FD7:1C 3E4FD4:00 3E4FD5:00 3E1CAA:00 3E1CB2:03 3E1CAE:07 3E1CAC:05
W 0AD5A 48 3E4FE8:00 3E4FE9:3E 3E4FEA:52 3E4FEB:00 3E4FE2:19 3E4FE3:68 3E4FE0:00 3E4FE1:3E 3E4FDE:40 3E4FDF:00 3E4FDC:00 3E4FDD:3E 3E4FDA:40 3E4FDB:00 3E4FD8:00 3E4FD9:3E 3E4FD6:00 3E4FD7:1B 3E4FD4:00 3E4FD5:00 3E4FD2:00 3E4FD3:02 3E4FD0:00 3E4FD1:00 3E4FCE:00 3E4FCF:09 3E4FCC:00 3E4FCD:00 3E4FCA:00 3E4FCB:E3 3E4FC8:00 3E4FC9:00 3E4FC4:00 3E4FC5:01 3E4FC6:1B 3E4FC7:48 3E4FC0:00 3E4FC1:00 3E4FC2:AD 3E4FC3:AA 3E4FBE:40 3E4FBF:00 3E4FBC:00 3E4FBD:3E 3E4FBA:00 3E4FBB:E3 3E4FB8:00 3E4FB9:00
W 0AF72 24 3E4FEA:19 3E4FEB:68 3E4FE8:00 3E4FE9:3E 3E4FE6:00 3E4FE7:03 3E4FE4:00 3E4FE5:00 3E4FE2:00 3E4FE3:06 3E4FE0:00 3E4FE1:00 3E4FDE:00 3E4FDF:0F 3E4FDC:00 3E4FDD:00 3E4FDA:00 3E4FDB:0A 3E4FD8:00 3E4FD9:00 3E4FD6:00 3E4FD7:1F 3E4FD4:00 3E4FD5:00
W 0B032 48 3E4FE8:00 3E4FE9:3E 3E4FEA:52 3E4FEB:00 3E4FC6:40 3E4FC7:00 3E4FC4:00 3E4FC5:3E 3E4FC2:1B 3E4FC3:C6 3E4FC0:00 3E4FC1:3E 3E4FBE:08 3E4FBF:64 3E4FBC:00 3E4FBD:3E 3E4FBA:1B 3E4FBB:C6 3E4FB8:00 3E4FB9:3E 3E4FB6:00 3E4FB7:01 3E4FB4:00 3E4FB5:00 3E4FB2:00 3E4FB3:13 3E4FB0:00 3E4FB1:00 3E4FAE:00 3E4FAF:09 3E4FAC:00 3E4FAD:00 3E4FAA:00 3E4FAB:07 3E4FA8:00 3E4FA9:00 3E4FA6:00 3E4FA7:02 3E4FA4:00 3E4FA5:00 3E4FA2:00 3E4FA3:07 3E4FA0:00 3E4FA1:00 3E1A98:00 3E1A99:3E 3E1A9A:1B 3E1A9B:B8
W 0B2E8 36 3E4FEA:40 3E4FEB:00 3E4FE8:00 3E4FE9:3E 3E4FE6:02 3E4FE7:D8 3E4FE4:00 3E4FE5:3E 3E4FE2:B2 3E4FE3:F2 3E4FDE:27 3E4FDF:00 3E4FE0:00 3E4FE1:00 3E4FDC:26 3E4FDD:6A 3E4FDA:00 3E4FDB:3B 3E4FD6:26 3E4FD7:75 3E4FD8:00 3E4FD9:00 3E4FD2:00 3E4FD3:01 3E4FD4:85 3E4FD5:6A 3E4FCE:00 3E4FCF:01 3E4FD0:86 3E4FD1:58 3E4FCC:9C 3E4FCD:30 3E4FC8:27 3E4FC9:00 3E4FCA:00 3E4FCB:01
W 0B53A 40 3E4FE8:00 3E4FE9:3E 3E4FEA:52 3E4FEB:00 3E4FE2:19 3E4FE3:68 3E4FE0:00 3E4FE1:3E 3E4FDE:00 3E4FDF:0C 3E4FDC:00 3E4FDD:00 3E4FDA:B5 3E4FDB:48 3E4FD6:27 3E4FD7:00 3E4FD8:00 3E4FD9:00 3E4FD4:24 3E4FD5:50 3E4FD2:00 3E4FD3:D5 3E4FCE:24 3E4FCF:55 3E4FD0:00 3E4FD1:00 3E4FCA:00 3E4FCB:01 3E4FCC:85 3E4FCD:6A 3E4FC6:00 3E4FC7:01 3E4FC8:86 3E4FC9:58 3E4FC4:9C 3E4FC5:30 3E4FC0:27 3E4FC1:00 3E4FC2:00 3E4FC3:01
W 0B5B8 18 3E4FEA:00 3E4FEB:04 3E4FE8:00 3E4FE9:00 3E4FE6:00 3E4FE7:1A 3E4FE4:00 3E4FE5:00 3E4FE2:00 3E4FE3:00 3E4FDE:00 3E4FDF:00 3E4FE0:B5 3E4FE1:CE 3E0864:3E 3E0865:00 3E0884:00 3E0885:00
W 0B5E4 0 
W 0B738 40 3E4FE8:00 3E4FE9:3E 3E4FEA:52 3E4FEB:00 3E4FE2:1C 3E4FE3:F6 3E4FE0:00 3E4FE1:3E 3E4FDE:08 3E4FDF:64 3E4FDC:00 3E4FDD:3E 3E4FDA:19 3E4FDB:68 3E4FD8:00 3E4FD9:3E 3E4FD6:19 3E4FD7:68 3E4FD4:00 3E4FD5:3E 3E4FD2:00 3E4FD3:08 3E4FD0:00 3E4FD1:00 3E4FCE:00 3E4FCF:01 3E4FCC:00 3E4FCD:00 3E4FCA:00 3E4FCB:07 3E4FC8:00 3E4FC9:00 3E4FC6:00 3E4FC7:1C 3E4FC4:00 3E4FC5:00 3E1A98:00 3E1A99:01 3E1A9A:86 3E1A9B:C2
W 0B7FA 49 3E4FE8:00 3E4FE9:3E 3E4FEA:52 3E4FEB:00 3E4FDE:0F 3E4FDF:48 3E4FDC:00 3E4FDD:3E 3E4FDA:0F 3E4FDB:48 3E4FD8:00 3E4FD9:3E 3E4FD6:40 3E4FD7:00 3E4FD4:00 3E4FD5:3E 3E4FD2:19 3E4FD3:68 3E4FD0:00 3E4FD1:3E 3E4FCE:00 3E4FCF:09 3E4FCC:00 3E4FCD:00 3E4FCA:00 3E4FCB:0C 3E4FC8:00 3E4FC9:00 3E4FC6:00 3E4FC7:16 3E4FC4:00 3E4FC5:00 3E4FC2:00 3E4FC3:00 3E4FC0:00 3E4FC1:00 3E4FBE:00 3E4FBF:0C 3E4FBC:00 3E4FBD:00 3E4FE0:8D 3E4FE1:88 3E4FE1:89 3E4FBA:8D 3E4FBB:89 3E4FB6:00 3E4FB7:00 3E4FB8:B8 3E4FB9:38
W 0B958 20 3E4FEA:00 3E4FEB:0D 3E4FE8:00 3E4FE9:00 3E4FE6:00 3E4FE7:1C 3E4FE4:00 3E4FE5:00 3E4FE2:00 3E4FE3:16 3E4FE0:00 3E4FE1:00 3E4FDE:00 3E4FDF:09 3E4FDC:00 3E4FDD:00 3E4FDA:00 3E4FDB:0E 3E4FD8:00 3E4FD9:00
W 0B9C8 48 3E4FE8:00 3E4FE9:3E 3E4FEA:52 3E4FEB:00 3E4FE2:1C 3E4FE3:F6 3E4FE0:00 3E4FE1:3E 3E4FDE:02 3E4FDF:D8 3E4FDC:00 3E4FDD:3E 3E4FDA:02 3E4FDB:D8 3E4FD8:00 3E4FD9:3E 3E4FD6:00 3E4FD7:17 3E4FD4:00 3E4FD5:00 3E4FD2:00 3E4FD3:11 3E4FD0:00 3E4FD1:00 3E4FCE:00 3E4FCF:01 3E4FCC:00 3E4FCD:00 3E4FCA:00 3E4FCB:00 3E4FC8:00 3E4FC9:00 3E4FC4:00 3E4FC5:00 3E4FC6:BA 3E4FC7:08 3E4FCA:00 3E4FCB:86 3E4FC8:00 3E4FC9:00 3E4FC6:00 3E4FC7:40 3E4FC4:00 3E4FC5:00 3E4FC0:00 3E4FC1:00 3E4FC2:BA 3E4FC3:40
W 0BB38 18 3E4FE8:00 3E4FE9:3E 3E4FEA:52 3E4FEB:00 3E4FE2:02 3E4FE3:D8 3E4FE0:00 3E4FE1:3E 3E4FDE:1C 3E4FDF:F6 3E4FDC:00 3E4FDD:3E 3E4FE4:00 3E4FE5:00 3E4FE6:00 3E4FE7:00 3E4FE6:00 3E4FE7:00
W 0BB7C 49 3E4FEA:40 3E4FEB:00 3E4FE8:00 3E4FE9:3E 3E4FE6:1C 3E4FE7:F6 3E4FE4:00 3E4FE5:3E 3E4FE2:00 3E4FE3:03 3E4FE0:00 3E4FE1:00 3E4FDE:00 3E4FDF:01 3E4FDC:00 3E4FDD:00 3E4FD8:00 3E4FD9:00 3E4FDA:BB 3E4FDB:88 3E4FDA:00 3E4FDB:00 3E4FD6:00 3E4FD7:00 3E4FD8:BB 3E4FD9:98 3E0864:FE 3E4FD8:00 3E4FD9:00 3E4FD4:00 3E4FD5:00 3E4FD6:BB 3E4FD7:BC 3E4FD2:1C 3E4FD3:44 3E4FD0:00 3E4FD1:3E 3E4FCE:1C 3E4FCF:44 3E4FCC:00 3E4FCD:3E 3E4FCA:00 3E4FCB:3E 3E4FC8:00 3E4FC9:00 3E4FC6:00 3E4FC7:00 3E4FC2:00 3E4FC3:00
W 0C150 48 3E4FE8:00 3E4FE9:3E 3E4FEA:52 3E4FEB:00 3E4FE2:0F 3E4FE3:48 3E4FE0:00 3E4FE1:3E 3E4FDE:02 3E4FDF:D8 3E4FDC:00 3E4FDD:3E 3E4FDA:1C 3E4FDB:F6 3E4FD8:00 3E4FD9:3E 3E4FD6:00 3E4FD7:11 3E4FD4:00 3E4FD5:00 3E4FD2:00 3E4FD3:17 3E4FD0:00 3E4FD1:00 3E4FE6:0C 3E4FE7:17 3E4FCE:FF 3E4FCF:E9 3E4FCC:FF 3E4FCD:FF 3E4FCA:00 3E4FCB:0C 3E4FC8:00 3E4FC9:00 3E4FC4:00 3E4FC5:00 3E4FC6:C1 3E4FC7:D6 3E4FC2:00 3E4FC3:1C 3E4FC0:00 3E4FC1:00 3E4FBE:00 3E4FBF:0C 3E4FBC:00 3E4FBD:00 3E4FBA:00 3E4FBB:23
W 0C1EE 0 
W 0C206 48 3E4FE8:00 3E4FE9:3E 3E4FEA:52 3E4FEB:00 3E4FE2:1C 3E4FE3:F6 3E4FE0:00 3E4FE1:3E 3E4FDE:0F 3E4FDF:48 3E4FDC:00 3E4FDD:3E 3E4FE6:00 3E4FE7:00 3E4FE6:00 3E4FE7:00 3E4FE6:00 3E4FE7:00 3E4FE6:00 3E4FE7:00 3E4FE6:00 3E4FE7:00 3E4FE6:00 3E4FE7:00 3E4FE6:00 3E4FE7:00 3E4FE6:00 3E4FE7:00 3E4FE6:00 3E4FE7:00 3E4FE6:00 3E4FE7:00 3E4FE6:00 3E4FE7:00 3E4FE6:00 3E4FE7:00 3E4FE6:00 3E4FE7:00 3E4FE6:00 3E4FE7:00 3E4FE6:00 3E4FE7:00 3E4FE6:00 3E4FE7:00 3E4FE6:00 3E4FE7:00 3E4FE6:00 3E4FE7:00
W 0C240 48 3E4FEA:00 3E4FEB:12 3E4FE8:00 3E4FE9:00 3E4FE6:00 3E4FE7:09 3E4FE4:00 3E4FE5:00 3E4FE2:00 3E4FE3:00 3E4FDE:00 3E4FDF:00 3E4FE0:C2 3E4FE1:4A 3E4FDA:00 3E4FDB:3E 3E4FDC:52 3E4FDD:00 3E4FD4:19 3E4FD5:68 3E4FD2:00 3E4FD3:3E 3E4FD0:1B 3E4FD1:C6 3E4FCE:00 3E4FCF:3E 3E4FD8:00 3E4FD9:00 3E4FD8:00 3E4FD9:00 3E4FD8:00 3E4FD9:00 3E4FD8:00 3E4FD9:00 3E4FD8:00 3E4FD9:00 3E4FD8:00 3E4FD9:00 3E4FD8:00 3E4FD9:00 3E4FD8:00 3E4FD9:00 3E4FD8:00 3E4FD9:00 3E4FD8:00 3E4FD9:00 3E4FD8:00 3E4FD9:00
W 0C2BC 32 3E4FEA:02 3E4FEB:D8 3E4FE8:00 3E4FE9:3E 3E4FE6:C2 3E4FE7:C8 3E4FE2:27 3E4FE3:00 3E4FE4:00 3E4FE5:00 3E4FE0:3F 3E4FE1:12 3E4FDE:00 3E4FDF:E9 3E4FDA:3F 3E4FDB:15 3E4FDC:00 3E4FDD:00 3E4FD6:00 3E4FD7:01 3E4FD8:85 3E4FD9:6A 3E4FD2:00 3E4FD3:01 3E4FD4:86 3E4FD5:58 3E4FD0:9C 3E4FD1:30 3E4FCC:27 3E4FCD:00 3E4FCE:00 3E4FCF:01
W 0C2DC 26 3E4FE8:00 3E4FE9:3E 3E4FEA:52 3E4FEB:00 3E4FE2:1C 3E4FE3:F6 3E4FE0:00 3E4FE1:3E 3E4FDE:19 3E4FDF:68 3E4FDC:00 3E4FDD:3E 3E4FDA:00 3E4FDB:16 3E4FD8:00 3E4FD9:00 3E4FD6:00 3E4FD7:13 3E4FD4:00 3E4FD5:00 3E4FD2:00 3E4FD3:12 3E4FD0:00 3E4FD1:00 3E1C9E:02 3E1C9F:FF
W 0C3E8 8 3E4FEA:00 3E4FEB:0D 3E4FE8:00 3E4FE9:00 3E4FE6:00 3E4FE7:1D 3E4FE4:00 3E4FE5:00
W 0C436 12 3E4FEA:1C 3E4FEB:F6 3E4FE8:00 3E4FE9:3E 3E4FE6:00 3E4FE7:1F 3E4FE4:00 3E4FE5:00 3E4FE2:00 3E4FE3:0F 3E4FE0:00 3E4FE1:00
W 0C4AE 12 3E4FEA:19 3E4FEB:68 3E4FE8:00 3E4FE9:3E 3E41BE:00 3E41BF:01 3E41C0:86 3E41C1:58 3E41C2:00 3E41C3:00 3E41C4:00 3E41C5:B8
W 0C4E8 0 
W 0C504 38 3E4FEA:1C 3E4FEB:F6 3E4FE8:00 3E4FE9:3E 3E4FE6:00 3E4FE7:0F 3E4FE4:00 3E4FE5:00 3E4FE2:00 3E4FE3:0C 3E4FE0:00 3E4FE1:00 3E2498:01 3E4FDE:20 3E4FDF:B0 3E4FDC:00 3E4FDD:3E 3E4FD8:00 3E4FD9:00 3E4FDA:C5 3E4FDB:2C 3E20E6:00 3E20E7:3E 3E20E8:20 3E20E9:A8 3E20A8:00 3E20A9:3E 3E20AA:20 3E20AB:E2 3E20B4:00 3E20B5:00 3E20B6:00 3E20B7:00 3E20B0:00 3E20B1:00 3E20B2:00 3E20B3:00 3E2498:00
W 0C538 49 3E4FEA:40 3E4FEB:00 3E4FE8:00 3E4FE9:3E 3E4FE6:00 3E4FE7:0B 3E4FE4:00 3E4FE5:00 3E4FE2:00 3E4FE3:1F 3E4FE0:00 3E4FE1:00 3E2498:01 3E4FDE:00 3E4FDF:9F 3E4FDC:00 3E4FDD:00 3E4FD8:00 3E4FD9:00 3E4FDA:C5 3E4FDB:50 3E4FD6:C4 3E4FD7:EE 3E4FD2:27 3E4FD3:00 3E4FD4:00 3E4FD5:00 3E4FD0:22 3E4FD1:50 3E4FCE:00 3E4FCF:9F 3E4FCA:22 3E4FCB:55 3E4FCC:00 3E4FCD:00 3E4FC6:00 3E4FC7:01 3E4FC8:85 3E4FC9:6A 3E4FC2:00 3E4FC3:01 3E4FC4:86 3E4FC5:58 3E4FC0:9C 3E4FC1:30 3E4FBC:27 3E4FBD:00 3E4FBE:00 3E4FBF:01
W 0C568 49 3E4FEA:00 3E4FEB:1C 3E4FE8:00 3E4FE9:00 3E4FE6:00 3E4FE7:1D 3E4FE4:00 3E4FE5:00 3E4FE2:00 3E4FE3:0A 3E4FE0:00 3E4FE1:00 3E4FDE:00 3E4FDF:11 3E4FDC:00 3E4FDD:00 3E2498:01 3E20A4:00 3E20A5:3E 3E20A6:20 3E20A7:A0 3E20A0:00 3E20A1:3E 3E20A2:20 3E20A3:A0 3E20AC:00 3E20AD:3E 3E20AE:20 3E20AF:A8 3E20A8:00 3E20A9:3E 3E20AA:20 3E20AB:A8 3E4FDA:20 3E4FDB:B0 3E4FD8:00 3E4FD9:3E 3E4FD6:20 3E4FD7:A8 3E4FD4:00 3E4FD5:3E 3E4FD0:00 3E4FD1:00 3E4FD2:C5 3E4FD3:B6 3E4FCE:08 3E4FCF:64 3E4FCC:00 3E4FCD:3E
W 0C5CA 49 3E4FEA:19 3E4FEB:68 3E4FE8:00 3E4FE9:3E 3E4FE6:00 3E4FE7:06 3E4FE4:00 3E4FE5:00 3E4FE2:00 3E4FE3:04 3E4FE0:00 3E4FE1:00 3E4FDE:00 3E4FDF:1A 3E4FDC:00 3E4FDD:00 3E4FD8:00 3E4FD9:00 3E4FDA:C5 3E4FDB:DE 3E4FD6:19 3E4FD7:68 3E4FD4:00 3E4FD5:3E 3E4FD2:00 3E4FD3:A2 3E4FD0:00 3E4FD1:00 3E4FCE:00 3E4FCF:FC 3E4FCC:00 3E4FCD:00 3E2498:01 3E4FCA:20 3E4FCB:B0 3E4FC8:00 3E4FC9:3E 3E4FC4:00 3E4FC5:00 3E4FC6:C5 3E4FC7:2C 3E20E6:00 3E20E7:3E 3E20E8:20 3E20E9:A8 3E20A8:00 3E20A9:3E 3E20AA:20 3E20AB:E2
W 0C688 49 3E4FEA:02 3E4FEB:D8 3E4FE8:00 3E4FE9:3E 3E4FE6:00 3E4FE7:18 3E4FE4:00 3E4FE5:00 3E4FE2:00 3E4FE3:11 3E4FE0:00 3E4FE1:00 3E4FDE:00 3E4FDF:18 3E4FDC:00 3E4FDD:00 3E4FD8:00 3E4FD9:00 3E4FDA:C6 3E4FDB:9C 3E4FD6:02 3E4FD7:D8 3E4FD4:00 3E4FD5:3E 3E4FD2:00 3E4FD3:E2 3E4FD0:00 3E4FD1:00 3E4FCE:00 3E4FCF:60 3E4FCC:00 3E4FCD:00 3E2498:01 3E4FCA:20 3E4FCB:B0 3E4FC8:00 3E4FC9:3E 3E4FC4:00 3E4FC5:00 3E4FC6:C5 3E4FC7:2C 3E20E6:00 3E20E7:3E 3E20E8:20 3E20E9:A8 3E20A8:00 3E20A9:3E 3E20AA:20 3E20AB:E2
W 0C724 49 3E4FEA:1B 3E4FEB:C6 3E4FE8:00 3E4FE9:3E 3E4FE6:00 3E4FE7:01 3E4FE4:00 3E4FE5:00 3E4FE2:00 3E4FE3:16 3E4FE0:00 3E4FE1:00 3E4FDE:00 3E4FDF:0E 3E4FDC:00 3E4FDD:00 3E4FD8:00 3E4FD9:00 3E4FDA:C7 3E4FDB:38 3E4FD6:1B 3E4FD7:C6 3E4FD4:00 3E4FD5:3E 3E4FD2:00 3E4FD3:5A 3E4FD0:00 3E4FD1:00 3E4FCE:00 3E4FCF:93 3E4FCC:00 3E4FCD:00 3E2498:01 3E4FCA:20 3E4FCB:B0 3E4FC8:00 3E4FC9:3E 3E4FC4:00 3E4FC5:00 3E4FC6:C5 3E4FC7:2C 3E20E6:00 3E20E7:3E 3E20E8:20 3E20E9:A8 3E20A8:00 3E20A9:3E 3E20AA:20 3E20AB:E2
W 0C7BC 49 3E4FEA:00 3E4FEB:14 3E4FE8:00 3E4FE9:00 3E4FE6:00 3E4FE7:19 3E4FE4:00 3E4FE5:00 3E4FE2:00 3E4FE3:05 3E4FE0:00 3E4FE1:00 3E4FDC:00 3E4FDD:00 3E4FDE:C7 3E4FDF:D0 3E4FDA:1C 3E4FDB:F6 3E4FD8:00 3E4FD9:3E 3E4FD6:00 3E4FD7:17 3E4FD4:00 3E4FD5:00 3E4FD2:00 3E4FD3:E9 3E4FD0:00 3E4FD1:00 3E2498:01 3E4FCE:20 3E4FCF:B0 3E4FCC:00 3E4FCD:3E 3E4FC8:00 3E4FC9:00 3E4FCA:C5 3E4FCB:2C 3E20E6:00 3E20E7:3E 3E20E8:20 3E20E9:A8 3E20A8:00 3E20A9:3E 3E20AA:20 3E20AB:E2 3E20B4:00 3E20B5:00 3E20B6:00 3E20B7:00
W 0C832 0 
W 0C8DE 49 3E4FEA:00 3E4FEB:15 3E4FE8:00 3E4FE9:00 3E4FE6:00 3E4FE7:0B 3E4FE4:00 3E4FE5:00 3E4FE2:00 3E4FE3:1A 3E4FE0:00 3E4FE1:00 3E4FDC:00 3E4FDD:00 3E4FDE:C8 3E4FDF:F2 3E4FDA:08 3E4FDB:64 3E4FD8:00 3E4FD9:3E 3E4FD6:00 3E4FD7:89 3E4FD4:00 3E4FD5:00 3E4FD2:00 3E4FD3:5E 3E4FD0:00 3E4FD1:00 3E2498:01 3E4FCE:20 3E4FCF:B0 3E4FCC:00 3E4FCD:3E 3E4FC8:00 3E4FC9:00 3E4FCA:C5 3E4FCB:2C 3E20E6:00 3E20E7:3E 3E20E8:20 3E20E9:A8 3E20A8:00 3E20A9:3E 3E20AA:20 3E20AB:E2 3E20B4:00 3E20B5:00 3E20B6:00 3E20B7:00
W 0C95E 49 3E4FEA:00 3E4FEB:01 3E4FE8:00 3E4FE9:00 3E4FE6:00 3E4FE7:1A 3E4FE4:00 3E4FE5:00 3E4FE2:00 3E4FE3:09 3E4FE0:00 3E4FE1:00 3E4FDC:00 3E4FDD:00 3E4FDE:C9 3E4FDF:72 3E4FDA:19 3E4FDB:68 3E4FD8:00 3E4FD9:3E 3E4FD6:00 3E4FD7:01 3E4FD4:00 3E4FD5:00 3E4FD2:00 3E4FD3:FC 3E4FD0:00 3E4FD1:00 3E2498:01 3E4FCE:20 3E4FCF:B0 3E4FCC:00 3E4FCD:3E 3E4FC8:00 3E4FC9:00 3E4FCA:C5 3E4FCB:2C 3E20E6:00 3E20E7:3E 3E20E8:20 3E20E9:A8 3E20A8:00 3E20A9:3E 3E20AA:20 3E20AB:E2 3E20B4:00 3E20B5:00 3E20B6:00 3E20B7:00
W 0C9D2 49 3E4FEA:00 3E4FEB:1C 3E4FE8:00 3E4FE9:00 3E4FE6:00 3E4FE7:16 3E4FE4:00 3E4FE5:00 3E4FE2:00 3E4FE3:04 3E4FE0:00 3E4FE1:00 3E4FDC:00 3E4FDD:00 3E4FDE:C9 3E4FDF:E6 3E4FDA:02 3E4FDB:D8 3E4FD8:00 3E4FD9:3E 3E4FD6:00 3E4FD7:E5 3E4FD4:00 3E4FD5:00 3E4FD2:00 3E4FD3:3E 3E4FD0:00 3E4FD1:00 3E2498:01 3E4FCE:20 3E4FCF:B0 3E4FCC:00 3E4FCD:3E 3E4FC8:00 3E4FC9:00 3E4FCA:C5 3E4FCB:2C 3E20E6:00 3E20E7:3E 3E20E8:20 3E20E9:A8 3E20A8:00 3E20A9:3E 3E20AA:20 3E20AB:E2 3E20B4:00 3E20B5:00 3E20B6:00 3E20B7:00
W 0CA52 10 3E4FEA:08 3E4FEB:64 3E4FE8:00 3E4FE9:3E 3E4FE6:00 3E4FE7:11 3E4FE4:00 3E4FE5:00 3E2498:01 3E2498:00
W 0CA88 4 3E4FEA:08 3E4FEB:64 3E4FE8:00 3E4FE9:3E
W 0CAE2 8 3E4FEA:00 3E4FEB:09 3E4FE8:00 3E4FE9:00 3E4FE6:00 3E4FE7:06 3E4FE4:00 3E4FE5:00
W 0CB24 48 3E4FEA:1B 3E4FEB:C6 3E4FE8:00 3E4FE9:3E 3E4FE6:00 3E4FE7:05 3E4FE4:00 3E4FE5:00 3E4FE2:00 3E4FE3:0B 3E4FE0:00 3E4FE1:00 3E4FDE:00 3E4FDF:15 3E4FDC:00 3E4FDD:00 3E4FDA:00 3E4FDB:06 3E4FD8:00 3E4FD9:00 3E4FD6:19 3E4FD7:68 3E4FD4:00 3E4FD5:3E 3E4FD2:1B 3E4FD3:06 3E4FD0:00 3E4FD1:01 3E4FCC:00 3E4FCD:00 3E4FCE:CB 3E4FCF:48 3E4FCA:1B 3E4FCB:C6 3E4FC8:00 3E4FC9:3E 3E4FC6:00 3E4FC7:0F 3E4FC4:00 3E4FC5:00 3E4FC2:00 3E4FC3:11 3E4FC0:00 3E4FC1:00 3E4FD6:00 3E4FD7:01 3E4FD4:00 3E4FD5:00
W 0CBAE 0 
W 0CC18 48 3E51FE:00 3E51FF:00 3E4FEA:00 3E4FEB:1B 3E4FE8:00 3E4FE9:00 3E4FE4:00 3E4FE5:00 3E4FE6:CC 3E4FE7:36 3E4FE2:00 3E4FE3:1B 3E4FE0:00 3E4FE1:00 3E4FDC:00 3E4FDD:00 3E4FDE:90 3E4FDF:FA 3E4FDA:00 3E4FDB:1B 3E4FD8:00 3E4FD9:00 3E1928:1B 3E1942:07 3E4FEA:1B 3E4FEB:C6 3E4FE8:00 3E4FE9:3E 3E4FE6:91 3E4FE7:A0 3E4FE4:00 3E4FE5:03 3E4FE0:00 3E4FE1:00 3E4FE2:CC 3E4FE3:94 3E4FDE:02 3E4FDF:D8 3E4FDC:00 3E4FDD:3E 3E4FD8:00 3E4FD9:00 3E4FDA:00 3E4FDB:01 3E4FD4:00 3E4FD5:00 3E4FD6:00 3E4FD7:08
W 0CC3A 48 3E51FE:00 3E51FF:58 3E51FE:00 3E51FF:00 3E4FEA:02 3E4FEB:D8 3E4FE8:00 3E4FE9:3E 3E4FE6:8D 3E4FE7:E0 3E4FE4:00 3E4FE5:03 3E4FE0:00 3E4FE1:00 3E4FE2:CC 3E4FE3:94 3E4FDE:0F 3E4FDF:48 3E4FDC:00 3E4FDD:3E 3E4FD8:00 3E4FD9:00 3E4FDA:00 3E4FDB:01 3E4FD4:00 3E4FD5:00 3E4FD6:00 3E4FD7:08 3E4FD0:00 3E4FD1:00 3E4FD2:00 3E4FD3:0C 3E4FCE:00 3E4FCF:10 3E4FCC:00 3E4FCD:00 3E4FCA:8D 3E4FCB:E0 3E4FC8:00 3E4FC9:03 3E4FC4:00 3E4FC5:00 3E4FC6:CD 3E4FC7:30 3E4FC0:00 3E4FC1:3E 3E4FC2:52 3E4FC3:00
W 0CCB2 26 3E4FEA:02 3E4FEB:D8 3E4FE8:00 3E4FE9:3E 3E4FE4:00 3E4FE5:00 3E4FE6:00 3E4FE7:64 3E4FE0:00 3E4FE1:00 3E4FE2:CC 3E4FE3:C2 3E4FDE:00 3E4FDF:64 3E4FDC:00 3E4FDD:00 3E4FD8:00 3E4FD9:00 3E4FDA:90 3E4FDB:FA 3E4FD6:00 3E4FD7:12 3E4FD4:00 3E4FD5:00 3E1928:64 3E1942:07
W 0CCE6 0 
W 0CD4A 48 3E4FE8:00 3E4FE9:3E 3E4FEA:52 3E4FEB:00 3E4FE2:08 3E4FE3:64 3E4FE0:00 3E4FE1:3E 3E4FE6:0F 3E4FE7:11 3E4FDE:00 3E4FDF:DC 3E4FDC:00 3E4FDD:00 3E4FD8:00 3E4FD9:00 3E4FDA:00 3E4FDB:01 3E4FD4:00 3E4FD5:00 3E4FD6:00 3E4FD7:02 3E4FD2:0F 3E4FD3:11 3E4FD0:00 3E4FD1:FA 3E4FCE:00 3E4FCF:00 3E4FCA:00 3E4FCB:00 3E4FCC:CD 3E4FCD:90 3E4FC6:00 3E4FC7:3E 3E4FC8:4F 3E4FC9:E8 3E4FBC:1C 3E4FBD:F6 3E4FBA:00 3E4FBB:3E 3E4FB8:40 3E4FB9:A7 3E4FB6:00 3E4FB7:3E 3E4FB4:00 3E4FB5:16 3E4FB2:00 3E4FB3:00
W 0CDAE 48 3E4FEA:00 3E4FEB:96 3E4FE8:00 3E4FE9:00 3E4FE4:00 3E4FE5:01 3E4FE6:FB 3E4FE7:10 3E4FE0:00 3E4FE1:00 3E4FE2:CD 3E4FE3:BC 3E4FDC:00 3E4FDD:3E 3E4FDE:52 3E4FDF:00 3E4FD6:0F 3E4FD7:48 3E4FD4:00 3E4FD5:3E 3E4FDA:07 3E4FDB:00 3E4FD2:00 3E4FD3:01 3E4FD0:00 3E4FD1:00 3E4FCC:00 3E4FCD:00 3E4FCE:00 3E4FCF:01 3E4FC8:00 3E4FC9:00 3E4FCA:00 3E4FCB:02 3E4FC6:07 3E4FC7:00 3E4FC4:FB 3E4FC5:10 3E4FC2:00 3E4FC3:01 3E4FBE:00 3E4FBF:00 3E4FC0:CD 3E4FC1:90 3E4FBA:00 3E4FBB:3E 3E4FBC:4F 3E4FBD:DC
W 0CDC0 4 3E4FEA:19 3E4FEB:68 3E4FE8:00 3E4FE9:3E
W 0CDF6 0 
W 0CE48 0 
W 0CE76 33 3E4FE8:00 3E4FE9:3E 3E4FEA:52 3E4FEB:00 3E4FE2:00 3E4FE3:13 3E4FE0:00 3E4FE1:00 3E4FDE:00 3E4FDF:0A 3E4FDC:00 3E4FDD:00 3E4FDA:00 3E4FDB:06 3E4FD8:00 3E4FD9:00 3E4FD6:00 3E4FD7:0E 3E4FD4:00 3E4FD5:00 3E4FD2:00 3E4FD3:05 3E4FD0:00 3E4FD1:00 3E4FE6:00 3E4FE7:00 3E1988:00 3E4FE6:00 3E4FE7:01 3E4FE6:00 3E4FE7:02 3E4FE6:00 3E4FE7:03
W 0CEE8 24 3E4FEA:08 3E4FEB:64 3E4FE8:00 3E4FE9:3E 3E4FE6:00 3E4FE7:1B 3E4FE4:00 3E4FE5:00 3E4FE2:00 3E4FE3:1C 3E4FE0:00 3E4FE1:00 3E4FDE:00 3E4FDF:03 3E4FDC:00 3E4FDD:00 3E4FDA:00 3E4FDB:16 3E4FD8:00 3E4FD9:00 3E4FD6:00 3E4FD7:18 3E4FD4:00 3E4FD5:00
W 0CF40 48 3E4FEA:1B 3E4FEB:C6 3E4FE8:00 3E4FE9:3E 3E4FE6:00 3E4FE7:12 3E4FE4:00 3E4FE5:00 3E4FE2:00 3E4FE3:02 3E4FE0:00 3E4FE1:00 3E4FDE:00 3E4FDF:01 3E4FDC:00 3E4FDD:00 3E4FDA:00 3E4FDB:AE 3E4FD8:00 3E4FD9:00 3E4FD4:00 3E4FD5:00 3E4FD6:CF 3E4FD7:D2 3E4FD0:00 3E4FD1:3E 3E4FD2:52 3E4FD3:00 3E4FC6:19 3E4FC7:68 3E4FC4:00 3E4FC5:3E 3E4FC2:1B 3E4FC3:C6 3E4FC0:00 3E4FC1:3E 3E4FBE:08 3E4FBF:64 3E4FBC:00 3E4FBD:3E 3E4FBA:00 3E4FBB:AE 3E4FB8:00 3E4FB9:00 3E4FB6:00 3E4FB7:0B 3E4FB4:00 3E4FB5:00
W 0CFDA 48 3E4FEA:02 3E4FEB:D8 3E4FE8:00 3E4FE9:3E 3E4FE6:1B 3E4FE7:C6 3E4FE4:00 3E4FE5:3E 3E4FE2:00 3E4FE3:05 3E4FE0:00 3E4FE1:00 3E194A:00 3E194B:00 3E4FDC:00 3E4FDD:01 3E4FDE:1B 3E4FDF:1E 3E4FD8:00 3E4FD9:00 3E4FDA:D4 3E4FDB:68 3E4FD6:1B 3E4FD7:C6 3E4FD4:00 3E4FD5:3E 3E4FD2:00 3E4FD3:05 3E4FD0:00 3E4FD1:00 3E4FCE:00 3E4FCF:06 3E4FCC:00 3E4FCD:00 3E4FDC:00 3E4FDD:00 3E4FDE:00 3E4FDF:01 3E4FD8:00 3E4FD9:00 3E4FDA:D4 3E4FDB:88 3E4FD4:00 3E4FD5:3E 3E4FD6:52 3E4FD7:00 3E4FCE:00 3E4FCF:05
W 0D030 48 3E4FEA:00 3E4FEB:00 3E4FE8:00 3E4FE9:00 3E4FE4:00 3E4FE5:00 3E4FE6:D0 3E4FE7:36 3E4FE2:1B 3E4FE3:C6 3E4FE0:00 3E4FE1:3E 3E4FDE:40 3E4FDF:00 3E4FDC:00 3E4FDD:3E 3E4FDA:00 3E4FDB:07 3E4FD8:00 3E4FD9:00 3E4FD6:00 3E4FD7:19 3E4FD4:00 3E4FD5:00 3E4FD2:00 3E4FD3:06 3E4FD0:00 3E4FD1:00 3E3660:00 3E3661:00 3E3662:08 3E3663:72 3E3634:07 3E3635:56 3E3632:00 3E3633:00 3E3640:07 3E3641:56 3E363E:00 3E363F:00 3E3628:07 3E3629:56 3E3626:00 3E3627:00 3E365C:00 3E365D:00 3E365E:38 3E365F:40
W 0D04E 48 3E4FE8:00 3E4FE9:01 3E4FEA:1B 3E4FEB:1E 3E4FE4:00 3E4FE5:00 3E4FE6:D0 3E4FE7:5A 3E4FE2:40 3E4FE3:00 3E4FE0:00 3E4FE1:3E 3E4FDE:00 3E4FDF:0C 3E4FDC:00 3E4FDD:00 3E4FDA:00 3E4FDB:04 3E4FD8:00 3E4FD9:00 3E4FE8:00 3E4FE9:01 3E4FEA:1B 3E4FEB:8A 3E4FE4:00 3E4FE5:00 3E4FE6:D0 3E4FE7:76 3E4FE2:40 3E4FE3:00 3E4FE0:00 3E4FE1:3E 3E4FDE:00 3E4FDF:0C 3E4FDC:00 3E4FDD:00 3E4FDA:00 3E4FDB:04 3E4FD8:00 3E4FD9:00 3E4FE8:00 3E4FE9:01 3E4FEA:1B 3E4FEB:90 3E4FE4:00 3E4FE5:00 3E4FE6:D0 3E4FE7:8A
W 0D696 0 
W 0D7A0 32 3E4FEA:19 3E4FEB:68 3E4FE8:00 3E4FE9:3E 3E4FE6:00 3E4FE7:0C 3E4FE4:00 3E4FE5:00 3E4FE0:00 3E4FE1:01 3E4FE2:1B 3E4FE3:1E 3E4FDC:00 3E4FDD:00 3E4FDE:D7 3E4FDF:B4 3E4FDA:08 3E4FDB:64 3E4FD8:00 3E4FD9:3E 3E4FD6:00 3E4FD7:0C 3E4FD4:00 3E4FD5:00 3E4FD2:00 3E4FD3:19 3E4FD0:00 3E4FD1:00 3E1960:00 3E1961:00 3E1962:00 3E1963:58
W 0DB66 0 
W 0DB6C 0 
W 0DB72 0 
W 0DB78 0 
W 0DB7E 48 3E4FE8:00 3E4FE9:3E 3E4FEA:52 3E4FEB:00 3E4FE2:00 3E4FE3:07 3E4FE0:00 3E4FE1:00 3E4FDC:00 3E4FDD:00 3E4FDE:DB 3E4FDF:8C 3E4FDC:00 3E4FDD:00 3E4FDE:DB 3E4FDF:94 3E4FDA:08 3E4FDB:64 3E4FD8:00 3E4FD9:3E 3E4FD6:08 3E4FD7:64 3E4FD4:00 3E4FD5:3E 3E4FD2:00 3E4FD3:0F 3E4FD0:00 3E4FD1:00 3E4FCE:00 3E4FCF:16 3E4FCC:00 3E4FCD:00 3E4FCA:00 3E4FCB:BF 3E4FC8:00 3E4FC9:00 3E4FC4:00 3E4FC5:01 3E4FC6:40 3E4FC7:66 3E4FE4:00 3E4FE5:07 3E4FE6:00 3E4FE7:01 3E4FDC:00 3E4FDD:00 3E4FDE:00 3E4FDF:18
W 0DBE6 29 3E4FE8:00 3E4FE9:00 3E4FEA:DB 3E4FEB:F2 3E4FE8:00 3E4FE9:00 3E4FEA:DC 3E4FEB:00 3E4FEA:00 3E4FEB:01 3E4FE8:00 3E4FE9:00 3E4FE4:00 3E4FE5:00 3E4FE6:DC 3E4FE7:0C 3E4FE2:1B 3E4FE3:C6 3E4FE0:00 3E4FE1:3E 3E4FDE:00 3E4FDF:17 3E4FDC:00 3E4FDD:00 3E4FD8:00 3E4FD9:01 3E4FDA:41 3E4FDB:56 3E3448:06
W 0DC10 0 
W 0DC3A 48 3E4FE8:00 3E4FE9:3E 3E4FEA:52 3E4FEB:00 3E4FDE:00 3E4FDF:04 3E4FDC:00 3E4FDD:00 3E4FDA:00 3E4FDB:01 3E4FD8:00 3E4FD9:00 3E4FD6:00 3E4FD7:0E 3E4FD4:00 3E4FD5:00 3E4FD2:00 3E4FD3:06 3E4FD0:00 3E4FD1:00 3E4FCE:00 3E4FCF:1C 3E4FCC:00 3E4FCD:00 3E4FC8:00 3E4FC9:00 3E4FCA:00 3E4FCB:F0 3E4FC4:00 3E4FC5:00 3E4FC6:00 3E4FC7:04 3E4FC0:00 3E4FC1:00 3E4FC2:00 3E4FC3:12 3E4FBE:A0 3E4FBF:64 3E4FBC:00 3E4FBD:21 3E4FBA:54 3E4FBB:FA 3E4FB8:00 3E4FB9:03 3E4FB4:00 3E4FB5:00 3E4FB6:DC 3E4FB7:78
W 0DD52 48 3E4FE8:00 3E4FE9:00 3E4FEA:00 3E4FEB:F0 3E4FE6:00 3E4FE7:00 3E4FE4:00 3E4FE5:00 3E4FE0:00 3E4FE1:00 3E4FE2:00 3E4FE3:01 3E4FDE:FF 3E4FDF:AF 3E4FDC:00 3E4FDD:00 3E4FDA:00 3E4FDB:05 3E4FD8:00 3E4FD9:00 3E4FD6:00 3E4FD7:0E 3E4FD4:00 3E4FD5:00 3E4FD0:00 3E4FD1:00 3E4FD2:DD 3E4FD3:88 3E4FCC:00 3E4FCD:3E 3E4FCE:52 3E4FCF:00 3E4FBA:00 3E4FBB:00 3E4FB8:00 3E4FB9:00 3E4FB6:00 3E4FB7:01 3E4FB4:00 3E4FB5:00 3E4FB0:00 3E4FB1:3E 3E4FB2:4F 3E4FB3:BC 3E4FAE:FF 3E4FAF:AF 3E4FAC:00 3E4FAD:00
W 0DE1A 48 3E4FEA:1C 3E4FEB:F6 3E4FE8:00 3E4FE9:3E 3E4FE6:19 3E4FE7:68 3E4FE4:00 3E4FE5:3E 3E4FE2:00 3E4FE3:08 3E4FE0:00 3E4FE1:00 3E4FDE:00 3E4FDF:1E 3E4FDC:00 3E4FDD:00 3E4FDA:00 3E4FDB:13 3E4FD8:00 3E4FD9:00 3E4FD4:00 3E4FD5:00 3E4FD6:00 3E4FD7:03 3E4FD2:00 3E4FD3:00 3E4FD0:00 3E4FD1:00 3E4FCC:00 3E4FCD:00 3E4FCE:DE 3E4FCF:40 3E4FCA:00 3E4FCB:01 3E4FC8:00 3E4FC9:00 3E4FC6:00 3E4FC7:03 3E4FC4:00 3E4FC5:00 3E4FC2:00 3E4FC3:00 3E4FC0:00 3E4FC1:00 3E4FBC:00 3E4FBD:00 3E4FBE:A8 3E4FBF:00
W 0DEC8 48 3E4FE8:00 3E4FE9:3E 3E4FEA:52 3E4FEB:00 3E4FDA:19 3E4FDB:68 3E4FD8:00 3E4FD9:3E 3E4FD6:08 3E4FD7:64 3E4FD4:00 3E4FD5:3E 3E4FD2:0F 3E4FD3:48 3E4FD0:00 3E4FD1:3E 3E4FCE:00 3E4FCF:0C 3E4FCC:00 3E4FCD:00 3E4FCA:00 3E4FCB:1A 3E4FC8:00 3E4FC9:00 3E4FC6:00 3E4FC7:17 3E4FC4:00 3E4FC5:00 3E4FC2:00 3E4FC3:0D 3E4FC0:00 3E4FC1:00 3E4FBE:00 3E4FBF:1B 3E4FBC:00 3E4FBD:00 3E4FBA:00 3E4FBB:0A 3E4FB8:00 3E4FB9:00 3E4FE4:FF 3E4FE5:FF 3E4FDE:00 3E4FDF:00 3E4FE6:00 3E4FE7:07 3E4FE6:00 3E4FE7:03
W 0E000 48 3E4FEA:00 3E4FEB:00 3E4FE8:00 3E4FE9:00 3E4FE4:00 3E4FE5:00 3E4FE6:00 3E4FE7:14 3E4FE0:00 3E4FE1:00 3E4FE2:E0 3E4FE3:0A 3E4FDC:00 3E4FDD:3E 3E4FDE:52 3E4FDF:00 3E4FD6:0F 3E4FD7:48 3E4FD4:00 3E4FD5:3E 3E4FD2:08 3E4FD3:64 3E4FD0:00 3E4FD1:3E 3E4FCE:1B 3E4FCF:C6 3E4FCC:00 3E4FCD:3E 3E4FCA:00 3E4FCB:02 3E4FC8:00 3E4FC9:00 3E4FC6:00 3E4FC7:1F 3E4FC4:00 3E4FC5:00 3E4FC2:00 3E4FC3:07 3E4FC0:00 3E4FC1:00 3E4FBE:00 3E4FBF:1C 3E4FBC:00 3E4FBD:00 3E4FBA:00 3E4FBB:0A 3E4FB8:00 3E4FB9:00
W 0E020 48 3E4FEA:19 3E4FEB:68 3E4FE8:00 3E4FE9:3E 3E4FE6:1B 3E4FE7:C6 3E4FE4:00 3E4FE5:3E 3E4FE2:1B 3E4FE3:C6 3E4FE0:00 3E4FE1:3E 3E4FDE:00 3E4FDF:01 3E4FDC:00 3E4FDD:00 3E4FDA:00 3E4FDB:08 3E4FD8:00 3E4FD9:00 3E4FD6:00 3E4FD7:04 3E4FD4:00 3E4FD5:00 3E4FD2:00 3E4FD3:00 3E4FD0:00 3E4FD1:00 3E4FCC:00 3E4FCD:00 3E4FCE:E0 3E4FCF:3E 3E4FC8:00 3E4FC9:00 3E4FCA:00 3E4FCB:13 3E4FC4:00 3E4FC5:00 3E4FC6:E5 3E4FC7:1E 3E4FC2:00 3E4FC3:01 3E4FC0:00 3E4FC1:00 3E4FBE:00 3E4FBF:08 3E4FBC:00 3E4FBD:00
W 0E0EE 48 3E4FE8:00 3E4FE9:3E 3E4FEA:52 3E4FEB:00 3E4FCA:1C 3E4FCB:F6 3E4FC8:00 3E4FC9:3E 3E4FC6:08 3E4FC7:64 3E4FC4:00 3E4FC5:3E 3E4FC2:19 3E4FC3:68 3E4FC0:00 3E4FC1:3E 3E4FBE:08 3E4FBF:64 3E4FBC:00 3E4FBD:3E 3E4FBA:00 3E4FBB:0F 3E4FB8:00 3E4FB9:00 3E4FB6:00 3E4FB7:0D 3E4FB4:00 3E4FB5:00 3E4FB2:00 3E4FB3:1C 3E4FB0:00 3E4FB1:00 3E4FAE:00 3E4FAF:1C 3E4FAC:00 3E4FAD:00 3E4FAA:00 3E4FAB:1F 3E4FA8:00 3E4FA9:00 3E4FA4:00 3E4FA5:00 3E4FA6:E1 3E4FA7:0A 3E4FA2:35 3E4FA3:EE 3E4FA0:00 3E4FA1:00
W 0E332 0 
W 0E3B0 48 3E4FE8:00 3E4FE9:3E 3E4FEA:52 3E4FEB:00 3E4F96:1B 3E4F97:C6 3E4F94:00 3E4F95:3E 3E4F92:19 3E4F93:68 3E4F90:00 3E4F91:3E 3E4F8E:00 3E4F8F:0E 3E4F8C:00 3E4F8D:00 3E4F8A:00 3E4F8B:1F 3E4F88:00 3E4F89:00 3E4F86:00 3E4F87:19 3E4F84:00 3E4F85:00 3E4F82:00 3E4F83:04 3E4F80:00 3E4F81:00 3E4F7E:00 3E4F7F:0C 3E4F7C:00 3E4F7D:00 3E4F7A:00 3E4F7B:98 3E4F78:00 3E4F79:00 3E4F76:00 3E4F77:19 3E4F74:00 3E4F75:00 3E4F70:00 3E4F71:00 3E4F72:E3 3E4F73:D8 3E4F6E:1C 3E4F6F:F6 3E4F6C:00 3E4F6D:3E
W 0E516 24 3E4FE8:00 3E4FE9:00 3E4FEA:00 3E4FEB:13 3E4FE4:00 3E4FE5:00 3E4FE6:E5 3E4FE7:1E 3E4FE2:00 3E4FE3:18 3E4FE0:00 3E4FE1:00 3E4FDE:00 3E4FDF:07 3E4FDC:00 3E4FDD:00 3E4FDA:00 3E4FDB:0E 3E4FD8:00 3E4FD9:00 3E4FD6:00 3E4FD7:04 3E4FD4:00 3E4FD5:00
W 0E546 48 3E4FEA:00 3E4FEB:00 3E4FE8:00 3E4FE9:00 3E4FE4:00 3E4FE5:00 3E4FE6:00 3E4FE7:13 3E4FE0:00 3E4FE1:00 3E4FE2:E5 3E4FE3:50 3E4FDC:00 3E4FDD:3E 3E4FDE:52 3E4FDF:00 3E4FD6:1C 3E4FD7:F6 3E4FD4:00 3E4FD5:3E 3E4FD2:08 3E4FD3:64 3E4FD0:00 3E4FD1:3E 3E4FCE:1B 3E4FCF:C6 3E4FCC:00 3E4FCD:3E 3E4FCA:00 3E4FCB:1A 3E4FC8:00 3E4FC9:00 3E4FC6:00 3E4FC7:1A 3E4FC4:00 3E4FC5:00 3E4FC2:00 3E4FC3:10 3E4FC0:00 3E4FC1:00 3E4FBE:00 3E4FBF:0E 3E4FBC:00 3E4FBD:00 3E4FBA:00 3E4FBB:1B 3E4FB8:00 3E4FB9:00
W 0E554 48 3E4FEA:00 3E4FEB:00 3E4FE8:00 3E4FE9:00 3E4FE4:00 3E4FE5:00 3E4FE6:00 3E4FE7:12 3E4FE0:00 3E4FE1:00 3E4FE2:E5 3E4FE3:5E 3E4FDC:00 3E4FDD:3E 3E4FDE:52 3E4FDF:00 3E4FD6:1C 3E4FD7:F6 3E4FD4:00 3E4FD5:3E 3E4FD2:1B 3E4FD3:C6 3E4FD0:00 3E4FD1:3E 3E4FCE:40 3E4FCF:00 3E4FCC:00 3E4FCD:3E 3E4FCA:00 3E4FCB:1A 3E4FC8:00 3E4FC9:00 3E4FC6:00 3E4FC7:03 3E4FC4:00 3E4FC5:00 3E4FC2:00 3E4FC3:01 3E4FC0:00 3E4FC1:00 3E4FBE:00 3E4FBF:18 3E4FBC:00 3E4FBD:00 3E4FBA:00 3E4FBB:1F 3E4FB8:00 3E4FB9:00
W 0E7A8 29 3E4FEA:00 3E4FEB:1F 3E4FE8:00 3E4FE9:00 3E1964:00 3E1965:3E 3E1966:19 3E1967:68 3E195A:00 3E1CE6:00 3E1CE7:00 3E1CE8:00 3E1CE9:00 3E1CEA:00 3E1CEB:00 3E1985:00 3E1CB4:00 3E0DD2:00 3E1986:00 3E186D:00 3E195C:00 3E4FE4:00 3E4FE5:00 3E4FE6:E8 3E4FE7:1A 3E4FE4:00 3E4FE5:00 3E4FE6:E8 3E4FE7:20
W 0E824 45 3E4FEA:08 3E4FEB:64 3E4FE8:00 3E4FE9:3E 3E4FE6:02 3E4FE7:D8 3E4FE4:00 3E4FE5:3E 3E4FE2:19 3E4FE3:68 3E4FE0:00 3E4FE1:3E 3E4FDC:00 3E4FDD:00 3E4FDE:E8 3E4FDF:52 3E0DE2:01 3E4FDE:E8 3E4FDF:5A 3E4FDA:27 3E4FDB:00 3E4FDC:00 3E4FDD:00 3E4FD8:25 3E4FD9:7C 3E4FD6:00 3E4FD7:E5 3E4FD2:25 3E4FD3:65 3E4FD4:00 3E4FD5:00 3E4FCE:00 3E4FCF:01 3E4FD0:85 3E4FD1:6A 3E4FCA:00 3E4FCB:01 3E4FCC:86 3E4FCD:58 3E4FC8:9C 3E4FC9:30 3E4FC4:27 3E4FC5:00 3E4FC6:00 3E4FC7:01
W 0E98C 49 3E4FE8:00 3E4FE9:3E 3E4FEA:52 3E4FEB:00 3E4FE2:08 3E4FE3:64 3E4FE0:00 3E4FE1:3E 3E4FDE:02 3E4FDF:D8 3E4FDC:00 3E4FDD:3E 3E4FDA:1B 3E4FDB:C6 3E4FD8:00 3E4FD9:3E 3E4FD4:00 3E4FD5:00 3E4FD6:E9 3E4FD7:AA 3E0DE2:02 3E4FD6:00 3E4FD7:34 3E4FD4:00 3E4FD5:00 3E4FD0:00 3E4FD1:00 3E4FD2:E9 3E4FD3:B0 3E4FCC:00 3E4FCD:3E 3E4FCE:4F 3E4FCF:E8 3E4FC6:19 3E4FC7:5C 3E4FC4:00 3E4FC5:3E 3E4FC2:00 3E4FC3:34 3E4FC0:00 3E4FC1:00 3E4FBE:00 3E4FBF:1C 3E4FBC:00 3E4FBD:00 3E4FCA:00 3E4FCB:01 3E4FBA:EA 3E4FBB:A0
W 0EA46 0 
W 0EA68 48 3E4FEA:00 3E4FEB:5C 3E4FE8:00 3E4FE9:00 3E4FE4:00 3E4FE5:00 3E4FE6:EA 3E4FE7:70 3E4FE0:00 3E4FE1:3E 3E4FE2:52 3E4FE3:00 3E4FDA:19 3E4FDB:68 3E4FD8:00 3E4FD9:3E 3E4FD6:40 3E4FD7:00 3E4FD4:00 3E4FD5:3E 3E4FD2:00 3E4FD3:0A 3E4FD0:00 3E4FD1:00 3E4FDE:00 3E4FDF:01 3E4FCE:EA 3E4FCF:A0 3E4FCA:27 3E4FCB:00 3E4FCC:00 3E4FCD:00 3E4FC8:B0 3E4FC9:53 3E4FC6:00 3E4FC7:01 3E4FC2:B0 3E4FC3:55 3E4FC4:86 3E4FC5:58 3E4FBE:00 3E4FBF:01 3E4FC0:85 3E4FC1:6A 3E4FBA:00 3E4FBB:01 3E4FBC:86 3E4FBD:58
W 0EABA 48 3E4FE8:00 3E4FE9:00 3E4FEA:EA 3E4FEB:BC 3E195C:00 3E4FEA:00 3E4FEB:00 3E4FE8:00 3E4FE9:00 3E4FE4:00 3E4FE5:00 3E4FE6:EA 3E4FE7:C4 3E4FE0:00 3E4FE1:3E 3E4FE2:52 3E4FE3:00 3E4FDA:1B 3E4FDB:C6 3E4FD8:00 3E4FD9:3E 3E4FD6:08 3E4FD7:64 3E4FD4:00 3E4FD5:3E 3E4FD2:00 3E4FD3:09 3E4FD0:00 3E4FD1:00 3E4FCE:00 3E4FCF:0C 3E4FCC:00 3E4FCD:00 3E4FCA:00 3E4FCB:0B 3E4FC8:00 3E4FC9:00 3E4FDE:FF 3E4FDF:00 3E4FDE:FF 3E4FDF:00 3E4FDE:FF 3E4FDF:00 3E4FDE:FF 3E4FDF:00 3E4FDE:FF 3E4FDF:00 3E4FDE:FF
W 0EAC8 1 3E195C:00
W 0EBBA 20 3E501A:00 3E501B:00 3E5016:27 3E5017:00 3E5018:00 3E5019:00 3E5012:00 3E5013:01 3E5014:85 3E5015:7C 3E500E:00 3E500F:01 3E5010:86 3E5011:58 3E500C:9C 3E500D:30 3E5008:27 3E5009:00 3E500A:00 3E500B:01
W 0EC3A 48 3E4FE8:00 3E4FE9:3E 3E4FEA:52 3E4FEB:00 3E4FE2:40 3E4FE3:00 3E4FE0:00 3E4FE1:3E 3E4FDE:1C 3E4FDF:F6 3E4FDC:00 3E4FDD:3E 3E4FE6:00 3E4FE7:01 3E4FDA:82 3E4FDB:7C 3E4FD8:00 3E4FD9:03 3E4FD6:86 3E4FD7:00 3E4FD2:00 3E4FD3:00 3E4FD4:EC 3E4FD5:76 3E4FD0:00 3E4FD1:05 3E4FCE:00 3E4FCF:00 3E4FCC:00 3E4FCD:10 3E4FCA:00 3E4FCB:00 3E4FC6:00 3E4FC7:00 3E4FC8:00 3E4FC9:80 3E4FC4:00 3E4FC5:09 3E4FC2:00 3E4FC3:00 3E4FC0:00 3E4FC1:0C 3E4FBE:00 3E4FBF:00 3E4FBC:86 3E4FBD:00 3E4FB8:00 3E4FB9:00
W 0ECB0 48 3E4FEA:00 3E4FEB:06 3E4FE8:00 3E4FE9:00 3E4FE6:00 3E4FE7:16 3E4FE4:00 3E4FE5:00 3E4FE0:00 3E4FE1:00 3E4FE2:00 3E4FE3:80 3E4FDE:00 3E4FDF:09 3E4FDC:00 3E4FDD:00 3E4FDA:00 3E4FDB:0C 3E4FD8:00 3E4FD9:00 3E4FD6:00 3E4FD7:00 3E4FD2:00 3E4FD3:00 3E4FD4:EC 3E4FD5:E6 3E4FD6:00 3E4FD7:04 3E4FD4:00 3E4FD5:20 3E4FD2:00 3E4FD3:3E 3E4FD0:00 3E4FD1:A2 3E4FCC:00 3E4FCD:00 3E4FCE:EC 3E4FCF:F0 3E4FCA:00 3E4FCB:0C 3E4FC8:00 3E4FC9:00 3E4FC6:00 3E4FC7:3E 3E4FC4:00 3E4FC5:A2 3E4FC2:00 3E4FC3:80
W 0EDEA 10 3E4FEA:19 3E4FEB:68 3E4FE8:00 3E4FE9:3E 3E4FE4:00 3E4FE5:00 3E4FE6:EE 3E4FE7:0A 3E0DE2:00 3E0DD4:03
W 0EE22 0 
W 0EE3A 2 3E1CF4:FF 3E1CF5:FF
W 0EE44 48 3E4FEA:1B 3E4FEB:C6 3E4FE8:00 3E4FE9:3E 3E4FE6:40 3E4FE7:00 3E4FE4:00 3E4FE5:3E 3E4FE2:00 3E4FE3:19 3E4FE0:00 3E4FE1:00 3E1CF6:00 3E1CF7:96 3E1D02:00 3E1D03:0F 3E1D0E:00 3E1D0F:0F 3E1D1A:00 3E1D1B:01 3E1D26:00 3E1D27:05 3E1D32:00 3E1D33:00 3E1D32:00 3E1D33:03 3E4FDE:00 3E4FDF:00 3E4FDC:00 3E4FDD:00 3E4FD8:00 3E4FD9:00 3E4FDA:EE 3E4FDB:7E 3E4FD4:00 3E4FD5:3E 3E4FD6:52 3E4FD7:00 3E4FC6:1C 3E4FC7:F6 3E4FC4:00 3E4FC5:3E 3E4FC2:02 3E4FC3:D8 3E4FC0:00 3E4FC1:3E 3E4FBE:BF 3E4FBF:EA
W 0EE90 40 3E4FEA:0F 3E4FEB:48 3E4FE8:00 3E4FE9:3E 3E4FE6:00 3E4FE7:14 3E4FE4:00 3E4FE5:00 3E4FE2:00 3E4FE3:0E 3E4FE0:00 3E4FE1:00 3E4FDE:EE 3E4FDF:9E 3E4FDA:27 3E4FDB:00 3E4FDC:00 3E4FDD:00 3E4FD8:22 3E4FD9:11 3E4FD6:00 3E4FD7:F7 3E4FD2:22 3E4FD3:15 3E4FD4:00 3E4FD5:00 3E4FCE:00 3E4FCF:01 3E4FD0:85 3E4FD1:6A 3E4FCA:00 3E4FCB:01 3E4FCC:86 3E4FCD:58 3E4FC8:9C 3E4FC9:30 3E4FC4:27 3E4FC5:00 3E4FC6:00 3E4FC7:01
W 0EEEE 40 3E4FEA:02 3E4FEB:D8 3E4FE8:00 3E4FE9:3E 3E4FE6:00 3E4FE7:1B 3E4FE4:00 3E4FE5:00 3E4FE2:00 3E4FE3:0D 3E4FE0:00 3E4FE1:00 3E4FDE:EF 3E4FDF:02 3E4FDA:27 3E4FDB:00 3E4FDC:00 3E4FDD:00 3E4FD8:22 3E4FD9:11 3E4FD6:00 3E4FD7:2F 3E4FD2:22 3E4FD3:15 3E4FD4:00 3E4FD5:00 3E4FCE:00 3E4FCF:01 3E4FD0:85 3E4FD1:6A 3E4FCA:00 3E4FCB:01 3E4FCC:86 3E4FCD:58 3E4FC8:9C 3E4FC9:30 3E4FC4:27 3E4FC5:00 3E4FC6:00 3E4FC7:01
W 0EF58 40 3E4FEA:1C 3E4FEB:F6 3E4FE8:00 3E4FE9:3E 3E4FE6:00 3E4FE7:02 3E4FE4:00 3E4FE5:00 3E4FE2:00 3E4FE3:02 3E4FE0:00 3E4FE1:00 3E4FDE:EF 3E4FDF:62 3E4FDA:27 3E4FDB:00 3E4FDC:00 3E4FDD:00 3E4FD8:22 3E4FD9:11 3E4FD6:00 3E4FD7:D9 3E4FD2:22 3E4FD3:15 3E4FD4:00 3E4FD5:00 3E4FCE:00 3E4FCF:01 3E4FD0:85 3E4FD1:6A 3E4FCA:00 3E4FCB:01 3E4FCC:86 3E4FCD:58 3E4FC8:9C 3E4FC9:30 3E4FC4:27 3E4FC5:00 3E4FC6:00 3E4FC7:01
W 0EFBA 12 3E4FEA:0F 3E4FEB:48 3E4FE8:00 3E4FE9:3E 3E4FE6:00 3E4FE7:13 3E4FE4:00 3E4FE5:00 3E4FE2:00 3E4FE3:1A 3E4FE0:00 3E4FE1:00
W 0EFFA 40 3E4FEA:1B 3E4FEB:C6 3E4FE8:00 3E4FE9:3E 3E4FE6:00 3E4FE7:17 3E4FE4:00 3E4FE5:00 3E4FE2:00 3E4FE3:01 3E4FE0:00 3E4FE1:00 3E4FDE:F0 3E4FDF:0E 3E4FDA:27 3E4FDB:00 3E4FDC:00 3E4FDD:00 3E4FD8:22 3E4FD9:11 3E4FD6:00 3E4FD7:0D 3E4FD2:22 3E4FD3:15 3E4FD4:00 3E4FD5:00 3E4FCE:00 3E4FCF:01 3E4FD0:85 3E4FD1:6A 3E4FCA:00 3E4FCB:01 3E4FCC:86 3E4FCD:58 3E4FC8:9C 3E4FC9:30 3E4FC4:27 3E4FC5:00 3E4FC6:00 3E4FC7:01
W 0F000 0 
W 0F13E 48 3E4FEA:0F 3E4FEB:48 3E4FE8:00 3E4FE9:3E 3E4FE6:08 3E4FE7:64 3E4FE4:00 3E4FE5:3E 3E4FE2:0F 3E4FE3:48 3E4FE0:00 3E4FE1:3E 3E4FDE:1B 3E4FDF:C6 3E4FDC:00 3E4FDD:3E 3E4FDA:00 3E4FDB:10 3E4FD8:00 3E4FD9:00 3E4FD6:00 3E4FD7:0F 3E4FD4:00 3E4FD5:00 3E4FD2:00 3E4FD3:10 3E4FD0:00 3E4FD1:00 3E036A:02 3E036A:02 3E4FCC:00 3E4FCD:00 3E4FCE:F1 3E4FCF:E2 3E004C:28 3E004D:31 3E004E:94 3E004F:55 3E0256:94 3E0257:55 3E0252:01 3E0253:0D 3E0254:28 3E0255:31 3E032A:02 3E032A:02 3E4FCC:00 3E4FCD:00
W 0F1FA 26 3E4FEA:1B 3E4FEB:C6 3E4FE8:00 3E4FE9:3E 3E4FE4:00 3E4FE5:00 3E4FE6:F2 3E4FE7:02 3E4FE2:1B 3E4FE3:C6 3E4FE0:00 3E4FE1:3E 3E4FDE:00 3E4FDF:11 3E4FDC:00 3E4FDD:00 3E1BD4:FE 3E1BD5:00 3E1BD2:FE 3E1BD3:00 3E02B2:00 3E02B3:00 3E02B0:00 3E02B1:00 3E02DA:00 3E02DB:00
W 0F26A 10 3E1CFA:5C 3E1CFB:82 3E1CFC:D9 3E1CFD:52 3E031E:D9 3E031F:52 3E031A:FF 3E031B:00 3E031C:5C 3E031D:82
W 0F2CC 36 3E4FEA:40 3E4FEB:00 3E4FE8:00 3E4FE9:3E 3E4FE6:00 3E4FE7:06 3E4FE4:00 3E4FE5:00 3E4FE2:F2 3E4FE3:E2 3E4FDE:27 3E4FDF:04 3E4FE0:00 3E4FE1:00 3E4FDC:30 3E4FDD:13 3E4FDA:F7 3E4FDB:F1 3E4FD6:30 3E4FD7:15 3E4FD8:00 3E4FD9:01 3E4FD2:00 3E4FD3:01 3E4FD4:85 3E4FD5:6A 3E4FCE:00 3E4FCF:01 3E4FD0:86 3E4FD1:58 3E4FCC:9C 3E4FCD:30 3E4FC8:27 3E4FC9:04 3E4FCA:00 3E4FCB:01
W 0F2EE 0 
W 0F2FA 0 
W 0F306 48 3E4FEA:1C 3E4FEB:F6 3E4FE8:00 3E4FE9:3E 3E4FE6:1C 3E4FE7:F6 3E4FE4:00 3E4FE5:3E 3E4FE2:00 3E4FE3:0D 3E4FE0:00 3E4FE1:00 3E4FDE:00 3E4FDF:0A 3E4FDC:00 3E4FDD:00 3E4FDA:00 3E4FDB:10 3E4FD8:00 3E4FD9:00 3E4FD4:00 3E4FD5:00 3E4FD6:F3 3E4FD7:48 3E4FD2:1C 3E4FD3:F6 3E4FD0:00 3E4FD1:3E 3E4FCE:40 3E4FCF:00 3E4FCC:00 3E4FCD:3E 3E4FCA:03 3E4FCB:30 3E4FC8:00 3E4FC9:3E 3E4FC6:1C 3E4FC7:F6 3E4FC4:00 3E4FC5:3E 3E4FC2:00 3E4FC3:10 3E4FC0:00 3E4FC1:00 3E4FBE:00 3E4FBF:07 3E4FBC:00 3E4FBD:00
W 0F3B2 0 
W 0F4CA 38 3E4FEA:0F 3E4FEB:48 3E4FE8:00 3E4FE9:3E 3E4FE6:00 3E4FE7:13 3E4FE4:00 3E4FE5:00 3E02C6:00 3E02C7:17 3E02CA:00 3E02CB:0A 3E02C4:00 3E02C5:16 3E00B0:00 3E00B1:16 3E4FE0:00 3E4FE1:00 3E4FE2:F5 3E4FE3:22 3E3FC0:00 3E3FC1:16 3E3FC2:00 3E3FC3:16 3E3FC4:00 3E3FC5:16 3E3FC6:00 3E3FC7:16 3E3FC8:00 3E3FC9:16 3E3FCA:00 3E3FCB:16 3E3FCC:00 3E3FCD:16 3E3FCE:00 3E3FCF:16 3E02DC:00 3E02DD:00
W 0F52C 16 3E3FA0:00 3E3FA1:11 3E3FA2:00 3E3FA3:11 3E3FA4:00 3E3FA5:11 3E3FA6:00 3E3FA7:11 3E3FA8:00 3E3FA9:11 3E3FAA:00 3E3FAB:11 3E3FAC:00 3E3FAD:11 3E3FAE:00 3E3FAF:11
W 0F540 18 3E4FEA:19 3E4FEB:68 3E4FE8:00 3E4FE9:3E 3E4FE6:00 3E4FE7:10 3E4FE4:00 3E4FE5:00 3E035C:00 3E035D:1D 3E00E8:00 3E00E9:08 3E0038:00 3E0039:0A 3E02C6:00 3E02C7:07 3E02CA:00 3E02CB:08
W 0F5F6 46 3E4FEA:00 3E4FEB:02 3E4FE8:00 3E4FE9:00 3E02CA:00 3E02CB:00 3E4FE4:00 3E4FE5:00 3E4FE6:F6 3E4FE7:2C 3E4FE2:19 3E4FE3:68 3E4FE0:00 3E4FE1:3E 3E4FDE:00 3E4FDF:0A 3E4FDC:00 3E4FDD:00 3E075C:00 3E075D:00 3E4FD8:00 3E4FD9:00 3E4FDA:F5 3E4FDB:C0 3E3F40:00 3E3F41:4F 3E3F42:00 3E3F43:4F 3E3F44:00 3E3F45:4F 3E3F46:00 3E3F47:4F 3E3F48:00 3E3F49:4F 3E3F4A:00 3E3F4B:4F 3E3F4C:00 3E3F4D:4F 3E3F4E:00 3E3F4F:4F 3E02C8:00 3E02C9:4F 3E02C8:00 3E02C9:59 3E02CC:00 3E02CD:06
W 0F630 48 3E4FE8:00 3E4FE9:3E 3E4FEA:52 3E4FEB:00 3E4FDE:08 3E4FDF:64 3E4FDC:00 3E4FDD:3E 3E4FDA:0F 3E4FDB:48 3E4FD8:00 3E4FD9:3E 3E4FD6:0F 3E4FD7:48 3E4FD4:00 3E4FD5:3E 3E4FD2:19 3E4FD3:68 3E4FD0:00 3E4FD1:3E 3E4FCE:00 3E4FCF:18 3E4FCC:00 3E4FCD:00 3E4FCA:00 3E4FCB:1E 3E4FC8:00 3E4FC9:00 3E4FC6:00 3E4FC7:13 3E4FC4:00 3E4FC5:00 3E4FC2:00 3E4FC3:16 3E4FC0:00 3E4FC1:00 3E4FBE:00 3E4FBF:13 3E4FBC:00 3E4FBD:00 3E4FBA:00 3E4FBB:1E 3E4FB8:00 3E4FB9:00 3E4FE4:00 3E4FE5:3E 3E4FE6:02 3E4FE7:D8
W 0F79E 48 3E4FE8:00 3E4FE9:3E 3E4FEA:52 3E4FEB:00 3E4FDC:02 3E4FDD:D8 3E4FDA:00 3E4FDB:3E 3E4FD8:1C 3E4FD9:F6 3E4FD6:00 3E4FD7:3E 3E4FD4:08 3E4FD5:64 3E4FD2:00 3E4FD3:3E 3E4FD0:40 3E4FD1:00 3E4FCE:00 3E4FCF:3E 3E4FCC:00 3E4FCD:18 3E4FCA:00 3E4FCB:00 3E4FC8:00 3E4FC9:11 3E4FC6:00 3E4FC7:00 3E4FC4:00 3E4FC5:03 3E4FC2:00 3E4FC3:00 3E4FC0:00 3E4FC1:0B 3E4FBE:00 3E4FBF:00 3E4FBC:00 3E4FBD:14 3E4FBA:00 3E4FBB:00 3E4FB8:00 3E4FB9:1F 3E4FB6:00 3E4FB7:00 3E4FE4:00 3E4FE5:3E 3E4FE6:02 3E4FE7:D8
W 0F922 0 
W 0F936 48 3E4FE8:00 3E4FE9:3E 3E4FEA:52 3E4FEB:00 3E4FDC:0F 3E4FDD:48 3E4FDA:00 3E4FDB:3E 3E4FD8:08 3E4FD9:64 3E4FD6:00 3E4FD7:3E 3E4FD4:1C 3E4FD5:F6 3E4FD2:00 3E4FD3:3E 3E4FD0:0F 3E4FD1:48 3E4FCE:00 3E4FCF:3E 3E4FCC:00 3E4FCD:04 3E4FCA:00 3E4FCB:00 3E4FC8:00 3E4FC9:07 3E4FC6:00 3E4FC7:00 3E4FC4:00 3E4FC5:00 3E4FC2:00 3E4FC3:00 3E4FC0:00 3E4FC1:1E 3E4FBE:00 3E4FBF:00 3E4FBC:00 3E4FBD:13 3E4FBA:00 3E4FBB:00 3E4FB8:00 3E4FB9:1A 3E4FB6:00 3E4FB7:00 3E4FE4:00 3E4FE5:3E 3E4FE6:02 3E4FE7:D8
W 0FB74 0 
W 0FB80 9 3E4FEA:19 3E4FEB:68 3E4FE8:00 3E4FE9:3E 3E4FE6:08 3E4FE7:64 3E4FE4:00 3E4FE5:3E 3E1CCA:01
W 0FBC6 1 3E5042:40
W 0FBE2 20 3E4FEA:FB 3E4FEB:E2 3E4FE6:27 3E4FE7:00 3E4FE8:00 3E4FE9:00 3E4FE2:00 3E4FE3:01 3E4FE4:85 3E4FE5:F4 3E4FDE:00 3E4FDF:01 3E4FE0:86 3E4FE1:58 3E4FDC:9C 3E4FDD:30 3E4FD8:27 3E4FD9:00 3E4FDA:00 3E4FDB:01
W 0FBE4 11 3E4FE8:00 3E4FE9:00 3E4FEA:FB 3E4FEB:EA 3E0804:27 3E0805:00 3E4FE8:00 3E4FE9:00 3E4FEA:FB 3E4FEB:FC 3E0DE4:08
W 0FC06 0 
W 0FC0E 0 
W 0FC10 0 
W 0FC1E 1 3E0DE2:01
W 0FC32 1 3E0DE2:00
W 0FC3A 1 3E0DE2:02
W 0FC46 1 3E0DE2:02
W 0FC4A 1 3E51FF:20
W 0FC74 1 3E0DE2:01
W 0FC88 1 3E0DE2:03
W 0FC9C 0 
W 11BD8 0 
W 11BEC 0 
W 11C04 48 3E4FF0:00 3E4FF1:00 3E4FF2:86 3E4FF3:EE 3E4FE8:00 3E4FE9:3E 3E4FEA:52 3E4FEB:00 3E4FDA:02 3E4FDB:D8 3E4FD8:00 3E4FD9:3E 3E4FD6:00 3E4FD7:03 3E4FD4:00 3E4FD5:00 3E4FD2:00 3E4FD3:10 3E4FD0:00 3E4FD1:00 3E4FCE:00 3E4FCF:0B 3E4FCC:00 3E4FCD:00 3E4FCA:00 3E4FCB:07 3E4FC8:00 3E4FC9:00 3E4FC6:00 3E4FC7:1D 3E4FC4:00 3E4FC5:00 3E4FFA:00 3E4FFB:7A 3E4FE2:52 3E4FE3:20 3E41B8:52 3E41B9:20 3E4FC2:1C 3E4FC3:82 3E4FBE:27 3E4FBF:00 3E4FC0:00 3E4FC1:01 3E4FBC:32 3E4FBD:AE 3E4FBA:41 3E4FBB:B9
W 11CE2 34 3E4FEA:1C 3E4FEB:F6 3E4FE8:00 3E4FE9:3E 3E423A:00 3E423B:5A 3E4FE6:1C 3E4FE7:F2 3E4FE2:27 3E4FE3:00 3E4FE4:00 3E4FE5:01 3E4FE0:30 3E4FE1:C0 3E4FDE:42 3E4FDF:3B 3E4FDA:30 3E4FDB:C5 3E4FDC:00 3E4FDD:3E 3E4FD6:00 3E4FD7:01 3E4FD8:85 3E4FD9:6A 3E4FD2:00 3E4FD3:01 3E4FD4:86 3E4FD5:58 3E4FD0:9C 3E4FD1:30 3E4FCC:27 3E4FCD:00 3E4FCE:00 3E4FCF:01
W 11CF8 16 3E4FEA:00 3E4FEB:19 3E4FE8:00 3E4FE9:00 3E4FE6:00 3E4FE7:13 3E4FE4:00 3E4FE5:00 3E4FE2:00 3E4FE3:1F 3E4FE0:00 3E4FE1:00 3E4FDE:00 3E4FDF:12 3E4FDC:00 3E4FDD:00
W 11D5C 0 
W 11D96 36 3E4FEA:19 3E4FEB:68 3E4FE8:00 3E4FE9:3E 3E4FE6:40 3E4FE7:00 3E4FE4:00 3E4FE5:3E 3E4FE2:1C 3E4FE3:F6 3E4FE0:00 3E4FE1:3E 3E4FDE:00 3E4FDF:1B 3E4FDC:00 3E4FDD:00 3E4FDA:00 3E4FDB:1C 3E4FD8:00 3E4FD9:00 3E4FD6:00 3E4FD7:1B 3E4FD4:00 3E4FD5:00 3E4FD2:00 3E4FD3:12 3E4FD0:00 3E4FD1:00 3E4FCE:00 3E4FCF:0A 3E4FCC:00 3E4FCD:00 3E4FCA:00 3E4FCB:11 3E4FC8:00 3E4FC9:00
W 11E10 0 
W 11E58 2 3E0842:60 3E0843:9E
W 11EDA 28 3E4FEA:0F 3E4FEB:48 3E4FE8:00 3E4FE9:3E 3E4FE6:1C 3E4FE7:F6 3E4FE4:00 3E4FE5:3E 3E4FE2:00 3E4FE3:1B 3E4FE0:00 3E4FE1:00 3E4FDE:00 3E4FDF:0B 3E4FDC:00 3E4FDD:00 3E4FDA:00 3E4FDB:09 3E4FD8:00 3E4FD9:00 3E4FD6:00 3E4FD7:0C 3E4FD4:00 3E4FD5:00 3E4FD0:00 3E4FD1:01 3E4FD2:1F 3E4FD3:1E
W 11EF2 28 3E4FEA:02 3E4FEB:D8 3E4FE8:00 3E4FE9:3E 3E4FE6:08 3E4FE7:64 3E4FE4:00 3E4FE5:3E 3E4FE2:00 3E4FE3:0B 3E4FE0:00 3E4FE1:00 3E4FDE:00 3E4FDF:12 3E4FDC:00 3E4FDD:00 3E4FDA:00 3E4FDB:1E 3E4FD8:00 3E4FD9:00 3E4FD6:00 3E4FD7:13 3E4FD4:00 3E4FD5:00 3E4FD0:00 3E4FD1:01 3E4FD2:1F 3E4FD3:1E
W 11EFE 48 3E4FEA:1C 3E4FEB:F6 3E4FE8:00 3E4FE9:3E 3E4FE6:40 3E4FE7:00 3E4FE4:00 3E4FE5:3E 3E4FE2:00 3E4FE3:1C 3E4FE0:00 3E4FE1:00 3E4FDE:00 3E4FDF:1C 3E4FDC:00 3E4FDD:00 3E4FDA:00 3E4FDB:0F 3E4FD8:00 3E4FD9:00 3E4FD6:00 3E4FD7:02 3E4FD4:00 3E4FD5:00 3E4FD0:00 3E4FD1:01 3E4FD2:1F 3E4FD3:1E 3E42F9:7B 3E42FA:7B 3E42FE:7B 3E42FF:7B 3E4300:7B 3E44F9:7B 3E44FA:7B 3E44FB:7B 3E44FC:7B 3E44FD:7B 3E44FE:7B 3E44FF:7B 3E4500:7B 3E46F9:7B 3E46FA:7B 3E46FB:7B 3E46FC:7B 3E46FD:7B 3E48F9:7B 3E48FA:7B
W 11F2A 48 3E0864:1C 3E0865:1C 3E0866:1C 3E0867:1C 3E0868:1C 3E0869:1C 3E086A:1C 3E086B:1C 3E086C:1C 3E086D:1C 3E086E:1C 3E086F:1C 3E0870:1C 3E0871:1C 3E0872:1C 3E0A6B:1C 3E0A6C:1C 3E0A6D:1F 3E0A6E:22 3E0A6F:22 3E0A70:1E 3E0A71:1C 3E0A72:1C 3E0C6B:20 3E0C6C:1C 3E0C6D:1C 3E0C6E:1C 3E0C6F:1C 3E0C70:1C 3E0C71:1C 3E0C72:1C 3E0E6B:1C 3E0E6C:1C 3E0E6D:24 3E0E6E:24 3E0E6F:24 3E0E70:24 3E0E71:24 3E0E72:24 3E106B:1C 3E106C:1C 3E106D:1C 3E106E:1C 3E106F:1C 3E1070:1C 3E1071:1C 3E1072:1C 3E126B:1C
W 11FF8 16 3E4FEA:1B 3E4FEB:C6 3E4FE8:00 3E4FE9:3E 3E4FE6:00 3E4FE7:0E 3E4FE4:00 3E4FE5:00 3E4FE2:00 3E4FE3:0C 3E4FE0:00 3E4FE1:00 3E4FDE:00 3E4FDF:13 3E4FDC:00 3E4FDD:00
W 12026 12 3E4FEA:19 3E4FEB:68 3E4FE8:00 3E4FE9:3E 3E4FE6:00 3E4FE7:03 3E4FE4:00 3E4FE5:00 3E4FE2:00 3E4FE3:19 3E4FE0:00 3E4FE1:00
W 1204C 0 
W 12066 8 3E0864:0A 3E0865:0A 3E0866:0A 3E0867:0A 3E0868:0A 3E0869:0A 3E086A:0A 3E086B:0A
W 12078 48 3E4FEA:1C 3E4FEB:F6 3E4FE8:00 3E4FE9:3E 3E4FE6:00 3E4FE7:1F 3E4FE4:00 3E4FE5:00 3E4FE2:00 3E4FE3:03 3E4FE0:00 3E4FE1:00 3E4FDE:00 3E4FDF:0C 3E4FDC:00 3E4FDD:00 3E4FDA:00 3E4FDB:1E 3E4FD8:00 3E4FD9:00 3E4FD6:00 3E4FD7:0F 3E4FD4:00 3E4FD5:00 3E4FD0:00 3E4FD1:01 3E4FD2:20 3E4FD3:9A 3E433C:00 3E433D:01 3E433E:88 3E433F:00 3E4340:01 3E4341:85 3E4342:98 3E4343:00 3E4344:01 3E4345:AA 3E4346:00 3E4347:01 3E4348:85 3E4349:B6 3E434A:00 3E434B:01 3E434C:CC 3E434D:00 3E434E:01 3E434F:85
W 1217E 16 3E4FEA:02 3E4FEB:D8 3E4FE8:00 3E4FE9:3E 3E4FE6:00 3E4FE7:08 3E4FE4:00 3E4FE5:00 3E4FE2:00 3E4FE3:13 3E4FE0:00 3E4FE1:00 3E4FDE:00 3E4FDF:06 3E4FDC:00 3E4FDD:00
W 121C4 48 3E4FEA:02 3E4FEB:D8 3E4FE8:00 3E4FE9:3E 3E4FE6:02 3E4FE7:D8 3E4FE4:00 3E4FE5:3E 3E4FE2:1B 3E4FE3:C6 3E4FE0:00 3E4FE1:3E 3E4FDE:19 3E4FDF:68 3E4FDC:00 3E4FDD:3E 3E4FDA:1C 3E4FDB:F6 3E4FD8:00 3E4FD9:3E 3E4FD6:00 3E4FD7:17 3E4FD4:00 3E4FD5:00 3E4FD2:00 3E4FD3:09 3E4FD0:00 3E4FD1:00 3E4FCE:00 3E4FCF:14 3E4FCC:00 3E4FCD:00 3E4FCA:00 3E4FCB:04 3E4FC8:00 3E4FC9:00 3E4FC6:00 3E4FC7:11 3E4FC4:00 3E4FC5:00 3E4FC2:00 3E4FC3:0D 3E4FC0:00 3E4FC1:00 3E4FBE:00 3E4FBF:1C 3E4FBC:00 3E4FBD:00
W 12222 26 3E4FEE:60 3E4FEF:00 3E4FEC:FF 3E4FED:3E 3E0F48:FF 3E0F48:FF 3E4FEA:1D 3E4FEB:3E 3E4FE6:27 3E4FE7:08 3E4FE8:00 3E4FE9:3E 3E4FE2:00 3E4FE3:01 3E4FE4:85 3E4FE5:7C 3E4FDE:00 3E4FDF:01 3E4FE0:86 3E4FE1:58 3E4FDC:9C 3E4FDD:30 3E4FD8:27 3E4FD9:08 3E4FDA:00 3E4FDB:01
W 122C6 28 3E4FEA:40 3E4FEB:02 3E4FE6:27 3E4FE7:00 3E4FE8:00 3E4FE9:3E 3E4FE4:84 3E4FE5:AC 3E4FE2:C6 3E4FE3:71 3E4FDE:84 3E4FDF:B5 3E4FE0:00 3E4FE1:3D 3E4FDA:00 3E4FDB:01 3E4FDC:85 3E4FDD:6A 3E4FD6:00 3E4FD7:01 3E4FD8:86 3E4FD9:58 3E4FD4:9C 3E4FD5:30 3E4FD0:27 3E4FD1:00 3E4FD2:00 3E4FD3:01
W 1231A 1 3E1BC6:4E
W 12354 0 
W 1238C 48 3E1968:A3 3E0E77:1A 3E0E77:1A 3E0E77:27 3E0E77:27 3E0E77:34 3E0E77:34 3E199F:4E 3E0E77:41 3E0E77:01 3E0E77:0E 3E0E77:0E 3E19E5:0A 3E0E77:1B 3E0E77:1B 3E0E77:28 3E0E77:28 3E0E77:35 3E0E77:35 3E0E77:42 3E0E77:02 3E1A1D:93 3E0E77:0F 3E0E77:0F 3E1A4F:A9 3E1A63:AD 3E0E77:1C 3E0E77:1C 3E0E77:29 3E0E77:29 3E1A9B:F2 3E0E77:36 3E0E77:36 3E1AE1:B4 3E1AE2:06 3E0E77:43 3E0E77:03 3E0E77:10 3E0E77:10 3E0E77:1D 3E0E77:1D 3E0E77:2A 3E0E77:2A 3E0E77:37 3E0E77:37 3E0E77:44 3E0E77:04 3E0E77:11
W 124BE 48 3E4FEA:02 3E4FEB:D8 3E4FE8:00 3E4FE9:3E 3E4FE6:02 3E4FE7:D8 3E4FE4:00 3E4FE5:3E 3E4FE2:00 3E4FE3:1C 3E4FE0:00 3E4FE1:00 3E4FDE:00 3E4FDF:19 3E4FDC:00 3E4FDD:00 3E4FDA:00 3E4FDB:01 3E4FD8:00 3E4FD9:00 3E4FD6:00 3E4FD7:15 3E4FD4:00 3E4FD5:00 3E4FD2:00 3E4FD3:08 3E4FD0:00 3E4FD1:00 3E4FCC:00 3E4FCD:01 3E4FCE:24 3E4FCF:DA 3E0E77:1A 3E0E77:1A 3E4246:91 3E4247:58 3E4248:00 3E4249:01 3E424A:86 3E424B:58 3E424C:00 3E424D:01 3E4446:58 3E4447:00 3E4448:01 3E4449:86 3E444A:58 3E444B:00
W 124E2 48 3E0E77:1A 3E0E77:1A 3E1BC6:9F 3E1BC7:9D 3E1BC8:9F 3E1BC9:9D 3E1BE7:92 3E1BE8:F2 3E1BE9:92 3E1BEA:F2 3E1BEB:92 3E1BEC:F2 3E1BED:92 3E1BEE:F2 3E1BEF:92 3E1BF0:F2 3E1BF1:92 3E1BF2:F2 3E1BF3:92 3E1BF4:F2 3E1BF5:92 3E1BF6:F2 3E1BF7:92 3E1BF8:F2 3E1BF9:92 3E1BFA:F2 3E1BFB:92 3E1BFC:F2 3E1BFD:92 3E1BFE:F2 3E1BFF:92 3E1C00:F2 3E1C01:92 3E1C02:F2 3E1C03:92 3E1C04:F2 3E1C05:92 3E1C06:F2 3E1C07:09 3E1C08:0A 3E1C09:0B 3E1C0A:11 3E1C0B:08 3E1C0C:03 3E1C0D:0B 3E1C0E:0D 3E1C0F:11 3E1C10:0D
W 12574 48 3E1968:19 3E1969:EF 3E196A:19 3E196B:EF 3E196C:19 3E196D:EF 3E196E:19 3E196F:EF 3E1970:19 3E1971:EF 3E1972:19 3E1973:EF 3E1974:19 3E1975:EF 3E1976:19 3E1977:EF 3E1978:19 3E1979:EF 3E198C:19 3E198D:EF 3E198E:19 3E198F:EF 3E1990:19 3E1991:EF 3E1992:19 3E1993:EF 3E1994:19 3E1995:EF 3E0E77:1A 3E0E77:1A 3E1996:99 3E1997:9C 3E1998:9B 3E1999:9D 3E199A:99 3E199B:9C 3E199C:99 3E199D:9C 3E0E77:27 3E0E77:27 3E199E:00 3E0E77:34 3E0E77:34 3E199F:06 3E19A0:06 3E19A1:06 3E19A2:06 3E19A3:06
W 1259C 48 3E0E77:1A 3E0E77:1A 3E1968:67 3E1969:08 3E0E77:27 3E0E77:27 3E196A:9D 3E0E77:34 3E0E77:34 3E196B:A9 3E196C:A9 3E196D:A9 3E196E:A9 3E0E77:41 3E0E77:01 3E196F:97 3E1970:F3 3E1971:84 3E1972:CD 3E1973:7D 3E1974:97 3E1975:C0 3E1976:A9 3E1977:C7 3E1978:14 3E1979:63 3E197A:48 3E197B:C2 3E197C:A5 3E197D:A5 3E197E:AD 3E197F:06 3E1980:54 3E1981:BA 3E1982:CD 3E1983:CE 3E1984:D4 3E1991:9A 3E1992:00 3E0E77:0E 3E0E77:0E 3E1993:00 3E0E77:1B 3E0E77:1B 3E1994:06 3E1995:07 3E1996:00 3E1997:00
W 125DA 32 3E4FEA:40 3E4FEB:00 3E4FE8:00 3E4FE9:3E 3E4FE6:1C 3E4FE7:F6 3E4FE4:00 3E4FE5:3E 3E4FE2:00 3E4FE3:19 3E4FE0:00 3E4FE1:00 3E4FDE:00 3E4FDF:15 3E4FDC:00 3E4FDD:00 3E4FDA:00 3E4FDB:1F 3E4FD8:00 3E4FD9:00 3E4FD6:00 3E4FD7:18 3E4FD4:00 3E4FD5:00 3E4FD2:00 3E4FD3:1E 3E4FD0:00 3E4FD1:00 3E4FCE:00 3E4FCF:0B 3E4FCC:00 3E4FCD:00
W 1262A 30 3E1BC6:00 3E1BC8:00 3E4FEA:28 3E4FEB:82 3E4FE6:27 3E4FE7:19 3E4FE8:00 3E4FE9:01 3E4FE4:22 3E4FE5:69 3E4FE2:B0 3E4FE3:81 3E4FDE:22 3E4FDF:75 3E4FE0:00 3E4FE1:C0 3E4FDA:00 3E4FDB:01 3E4FDC:85 3E4FDD:6A 3E4FD6:00 3E4FD7:01 3E4FD8:86 3E4FD9:58 3E4FD4:9C 3E4FD5:30 3E4FD0:27 3E4FD1:19 3E4FD2:00 3E4FD3:01
W 128BC 0 
W 13000 48 200000:00 200001:00 200002:00 200003:00 200004:00 200005:00 200006:00 200007:00 200008:00 200009:00 20000A:00 20000B:00 20000C:00 20000D:00 20000E:00 20000F:00 200010:00 200011:00 200012:00 200013:00 200014:00 200015:00 200016:00 200017:00 200018:00 200019:00 20001A:00 20001B:00 20001C:00 20001D:00 20001E:00 20001F:00 200020:00 200021:00 200022:00 200023:00 200024:00 200025:00 200026:00 200027:00 200028:00 200029:00 20002A:00 20002B:00 20002C:00 20002D:00 20002E:00 20002F:00
W 130B0 48 3E4FEA:52 3E4FEB:00 3E4FE8:00 3E4FE9:3E 3E4FE6:1C 3E4FE7:F6 3E4FE4:00 3E4FE5:3E 3E4FE2:08 3E4FE3:64 3E4FE0:00 3E4FE1:3E 3E4FDE:1C 3E4FDF:F6 3E4FDC:00 3E4FDD:3E 3E4FDA:02 3E4FDB:D8 3E4FD8:00 3E4FD9:3E 3E4FD6:19 3E4FD7:68 3E4FD4:00 3E4FD5:3E 3E4FD2:1C 3E4FD3:F6 3E4FD0:00 3E4FD1:3E 3E4FCE:00 3E4FCF:02 3E4FCC:00 3E4FCD:00 3E4FCA:00 3E4FCB:06 3E4FC8:00 3E4FC9:00 3E4FC6:00 3E4FC7:1A 3E4FC4:00 3E4FC5:00 3E4FC2:00 3E4FC3:10 3E4FC0:00 3E4FC1:00 3E4FBE:00 3E4FBF:1A 3E4FBC:00 3E4FBD:00
W 130EE 48 3E0000:00 3E0001:00 3E0002:00 3E0003:00 3E0004:00 3E0005:00 3E0006:00 3E0007:00 3E0008:00 3E0009:00 3E000A:00 3E000B:00 3E000C:00 3E000D:00 3E000E:00 3E000F:00 3E0010:00 3E0011:00 3E0012:00 3E0013:00 3E0014:00 3E0015:00 3E0016:00 3E0017:00 3E0018:00 3E0019:00 3E001A:00 3E001B:00 3E001C:00 3E001D:00 3E001E:00 3E001F:00 3E0020:00 3E0021:00 3E0022:00 3E0023:00 3E0024:00 3E0025:00 3E0026:00 3E0027:00 3E0028:00 3E0029:00 3E002A:00 3E002B:00 3E002C:00 3E002D:00 3E002E:00 3E002F:00
W 130F8 48 3E4FEA:52 3E4FEB:00 3E4FE8:00 3E4FE9:3E 3E4FE6:1B 3E4FE7:C6 3E4FE4:00 3E4FE5:3E 3E4FE2:1C 3E4FE3:F6 3E4FE0:00 3E4FE1:3E 3E4FDE:02 3E4FDF:D8 3E4FDC:00 3E4FDD:3E 3E4FDA:1C 3E4FDB:F6 3E4FD8:00 3E4FD9:3E 3E4FD6:1C 3E4FD7:F6 3E4FD4:00 3E4FD5:3E 3E4FD2:02 3E4FD3:D8 3E4FD0:00 3E4FD1:3E 3E4FCE:00 3E4FCF:0B 3E4FCC:00 3E4FCD:00 3E4FCA:00 3E4FCB:1A 3E4FC8:00 3E4FC9:00 3E4FC6:00 3E4FC7:03 3E4FC4:00 3E4FC5:00 3E4FC2:00 3E4FC3:05 3E4FC0:00 3E4FC1:00 3E4FBE:00 3E4FBF:17 3E4FBC:00 3E4FBD:00
W 13350 48 3E340C:00 3E340D:01 3E4FE8:00 3E4FE9:01 3E4FEA:33 3E4FEB:5E 3E4FE6:02 3E4FE7:D8 3E4FE4:00 3E4FE5:3E 3E4FE2:02 3E4FE3:D8 3E4FE0:00 3E4FE1:3E 3E4FDE:00 3E4FDF:10 3E4FDC:00 3E4FDD:00 3E3704:0D 3E36E8:00 3E3D5A:00 3E3D5B:3E 3E3D5C:3D 3E3D5D:46 3E3D56:00 3E3D57:3E 3E3D58:3D 3E3D59:46 3E3D66:00 3E3D67:3E 3E3D68:3D 3E3D69:5E 3E3D62:00 3E3D63:3E 3E3D64:3D 3E3D65:5E 3E3D6A:00 3E3D0E:00 3E3D0F:3E 3E3D10:37 3E3D11:0E 3E370E:00 3E370F:3E 3E3710:37 3E3711:6E 3E3722:00 3E3716:00 3E3717:00
W 133B2 48 3E4FEA:19 3E4FEB:68 3E4FE8:00 3E4FE9:3E 3E4FE6:1B 3E4FE7:C6 3E4FE4:00 3E4FE5:3E 3E4FE2:00 3E4FE3:16 3E4FE0:00 3E4FE1:00 3E4FDE:00 3E4FDF:13 3E4FDC:00 3E4FDD:00 3E4FD8:00 3E4FD9:01 3E4FDA:33 3E4FDB:BC 3E4FD6:00 3E4FD7:15 3E4FD4:00 3E4FD5:00 3E3675:00 3E3672:C8 3E3676:00 3E3673:C8 3E3677:00 3E3674:C8 3E367B:FF 3E367B:07 3E3D8E:84 3E3D8F:3F 3E4FD8:00 3E4FD9:01 3E4FDA:33 3E4FDB:C8 3E4FD4:00 3E4FD5:01 3E4FD6:33 3E4FD7:F8 3E0802:00 3E0803:01 3E4FD0:00 3E4FD1:00 3E4FD2:05 3E4FD3:9C
W 133EC 48 3E4FE8:00 3E4FE9:01 3E4FEA:33 3E4FEB:F8 3E0802:00 3E0803:01 3E4FE4:00 3E4FE5:00 3E4FE6:05 3E4FE7:9C 3E4FE4:00 3E4FE5:00 3E4FE6:05 3E4FE7:A2 3E4FE2:1B 3E4FE3:C6 3E4FE0:00 3E4FE1:3E 3E4FDE:0F 3E4FDF:48 3E4FDC:00 3E4FDD:3E 3E4FDA:00 3E4FDB:05 3E4FD8:00 3E4FD9:00 3E4FD6:00 3E4FD7:06 3E4FD4:00 3E4FD5:00 3E4FD2:00 3E4FD3:05 3E4FD0:00 3E4FD1:00 3E4FCE:00 3E4FCF:1A 3E4FCC:00 3E4FCD:00 3E4FCA:00 3E4FCB:0B 3E4FC8:00 3E4FC9:00 3E4FC6:00 3E4FC7:19 3E4FC4:00 3E4FC5:00 3E4FE4:00 3E4FE5:00
W 1354C 14 3E3F00:00 3E3F01:09 3E3F02:00 3E3F03:0D 3E3F04:00 3E3F05:0A 3E3F06:00 3E3F07:0E 3E3F08:5B 3E3F09:95 3E3F0A:10 3E3F0B:16 3E3F0C:B0 3E3F0D:87
W 1357C 0 
W 1378E 48 3E1CF6:00 3E1CF7:00 3E1CF6:80 3E1CF7:00 3E1CF6:C0 3E1CF7:00 3E1CF6:E0 3E1CF7:00 3E1CF6:F0 3E1CF7:00 3E1CF6:F8 3E1CF7:00 3E1CF6:FC 3E1CF7:00 3E1CF6:FE 3E1CF7:00 3E1CF6:FF 3E1CF7:00 3E1CF6:FF 3E1CF7:80 3E1CF6:FF 3E1CF7:C0 3E1CF6:FF 3E1CF7:E0 3E1CF6:FF 3E1CF7:F0 3E1CF6:FF 3E1CF7:F8 3E1CF6:FF 3E1CF7:FC 3E1CF6:FF 3E1CF7:FE 3E1CF6:FF 3E1CF7:FF 3E1CF6:7F 3E1CF7:FF 3E1CF6:3F 3E1CF7:FF 3E1CF6:1F 3E1CF7:FF 3E1CF6:0F 3E1CF7:FF 3E1CF6:07 3E1CF7:FF 3E1CF6:03 3E1CF7:FF 3E1CF6:01 3E1CF7:FF
W 1397A 38 3E1CF6:00 3E1CF7:00 3E1CF6:80 3E1CF6:C0 3E1CF6:E0 3E1CF6:F0 3E1CF6:F8 3E1CF6:FC 3E1CF6:FE 3E1CF6:FF 3E1CF6:7F 3E1CF6:3F 3E1CF6:1F 3E1CF6:0F 3E1CF6:07 3E1CF6:03 3E1CF6:01 3E1CF6:00 3E4FEA:1C 3E4FEB:46 3E4FE6:27 3E4FE7:14 3E4FE8:00 3E4FE9:3E 3E4FE2:00 3E4FE3:01 3E4FE4:85 3E4FE5:F4 3E4FDE:00 3E4FDF:01 3E4FE0:86 3E4FE1:58 3E4FDC:9C 3E4FDD:30 3E4FD8:27 3E4FD9:14 3E4FDA:00 3E4FDB:01
W 13CDA 0 
W 13D1E 48 3E4FEA:00 3E4FEB:09 3E4FE8:00 3E4FE9:00 3E4FE6:00 3E4FE7:09 3E4FE4:00 3E4FE5:00 3E4FE2:00 3E4FE3:05 3E4FE0:00 3E4FE1:00 3E4FF4:00 3E4FF5:00 3E4FF6:4C 3E4FF7:34 3E4FDE:00 3E4FDF:00 3E4FDC:00 3E4FDD:00 3E4FD8:00 3E4FD9:00 3E4FDA:00 3E4FDB:02 3E4FD6:00 3E4FD7:12 3E4FD4:00 3E4FD5:00 3E4FD2:00 3E4FD3:11 3E4FD0:00 3E4FD1:00 3E4FCC:00 3E4FCD:01 3E4FCE:3D 3E4FCF:8C 3E4FCA:00 3E4FCB:02 3E4FC8:00 3E4FC9:00 3E4FD8:00 3E4FD9:00 3E4FDA:00 3E4FDB:04 3E4FD6:00 3E4FD7:17 3E4FD4:00 3E4FD5:00
W 13E6A 48 3E4FE8:00 3E4FE9:3E 3E4FEA:52 3E4FEB:00 3E4FD2:42 3E4FD3:E5 3E4FD0:00 3E4FD1:3E 3E4FCE:4F 3E4FCF:D4 3E4FCC:00 3E4FCD:3E 3E4FCA:00 3E4FCB:8C 3E4FC8:00 3E4FC9:00 3E4FC6:4F 3E4FC7:D4 3E4FC4:00 3E4FC5:3E 3E4FC0:00 3E4FC1:01 3E4FC2:3E 3E4FC3:80 3E4FBE:00 3E4FBF:00 3E4FBC:00 3E4FBD:00 3E4FBA:00 3E4FBB:17 3E4FB8:00 3E4FB9:00 3E4FB6:00 3E4FB7:1C 3E4FB4:00 3E4FB5:00 3E4FC8:00 3E4FC9:00 3E4FCA:00 3E4FCB:8C 3E4FB2:00 3E4FB3:00 3E4FB0:00 3E4FB1:00 3E4FAC:00 3E4FAD:00 3E4FAE:00 3E4FAF:02
W 13E94 20 3E4FEA:08 3E4FEB:64 3E4FE8:00 3E4FE9:3E 3E4FE6:02 3E4FE7:D8 3E4FE4:00 3E4FE5:3E 3E4FE2:00 3E4FE3:1E 3E4FE0:00 3E4FE1:00 3E4FDE:00 3E4FDF:10 3E4FDC:00 3E4FDD:00 3E4FDA:00 3E4FDB:18 3E4FD8:00 3E4FD9:00
W 13F40 27 3E4FE8:00 3E4FE9:00 3E4FEA:00 3E4FEB:14 3E4FE4:00 3E4FE5:01 3E4FE6:3F 3E4FE7:4A 3E4FE2:00 3E4FE3:1D 3E4FE0:00 3E4FE1:00 3E4FDE:00 3E4FDF:09 3E4FDC:00 3E4FDD:00 3E4FDA:00 3E4FDB:1C 3E4FD8:00 3E4FD9:00 3E4FD6:00 3E4FD7:1F 3E4FD4:00 3E4FD5:00 3E3444:00 3E3445:00 3E344A:01
W 13F98 0 
W 13FCE 20 3E4FEA:1B 3E4FEB:C6 3E4FE8:00 3E4FE9:3E 3E4FE6:0F 3E4FE7:48 3E4FE4:00 3E4FE5:3E 3E4FE2:00 3E4FE3:11 3E4FE0:00 3E4FE1:00 3E4FDE:00 3E4FDF:13 3E4FDC:00 3E4FDD:00 3E4FD8:00 3E4FD9:01 3E4FDA:3F 3E4FDB:EC
W 14044 0 
W 14138 12 3E4FEA:19 3E4FEB:68 3E4FE8:00 3E4FE9:3E 3E4FE6:00 3E4FE7:06 3E4FE4:00 3E4FE5:00 3E4FE0:00 3E4FE1:01 3E4FE2:41 3E4FE3:56
W 141D4 48 3E4FEA:00 3E4FEB:1F 3E4FE8:00 3E4FE9:00 3E4FE6:00 3E4FE7:10 3E4FE4:00 3E4FE5:00 3E4FE2:00 3E4FE3:02 3E4FE0:00 3E4FE1:00 3E4FDC:00 3E4FDD:01 3E4FDE:41 3E4FDF:F2 3E4FDA:00 3E4FDB:11 3E4FD8:00 3E4FD9:00 3E4FD6:00 3E4FD7:16 3E4FD4:00 3E4FD5:00 3E4FD2:00 3E4FD3:00 3E4FD0:00 3E4FD1:00 3E4FCE:00 3E4FCF:02 3E4FCC:00 3E4FCD:00 3E4FE2:00 3E4FE3:01 3E4FE0:00 3E4FE1:00 3E4FDC:00 3E4FDD:01 3E4FDE:41 3E4FDF:F2 3E4FDA:00 3E4FDB:11 3E4FD8:00 3E4FD9:00 3E4FD6:00 3E4FD7:16 3E4FD4:00 3E4FD5:00
W 1425C 42 3E4FEA:19 3E4FEB:68 3E4FE8:00 3E4FE9:3E 3E4FE6:1B 3E4FE7:C6 3E4FE4:00 3E4FE5:3E 3E4FE2:19 3E4FE3:68 3E4FE0:00 3E4FE1:3E 3E4FDE:00 3E4FDF:11 3E4FDC:00 3E4FDD:00 3E4FDA:00 3E4FDB:14 3E4FD8:00 3E4FD9:00 3E4FD6:00 3E4FD7:0E 3E4FD4:00 3E4FD5:00 3E4FD2:00 3E4FD3:26 3E4FD0:00 3E4FD1:00 3E4FCC:00 3E4FCD:01 3E4FCE:D5 3E4FCF:C0 3E4FC8:00 3E4FC9:01 3E4FCA:42 3E4FCB:86 3E4FC6:9C 3E4FC7:30 3E4FC2:27 3E4FC3:00 3E4FC4:00 3E4FC5:01
W 143B0 34 3E4FEA:0F 3E4FEB:48 3E4FE8:00 3E4FE9:3E 3E4FE6:02 3E4FE7:D8 3E4FE4:00 3E4FE5:3E 3E4FE2:00 3E4FE3:05 3E4FE0:00 3E4FE1:00 3E4FDE:00 3E4FDF:17 3E4FDC:00 3E4FDD:00 3E4FDA:00 3E4FDB:12 3E4FD8:00 3E4FD9:00 3E4FD4:00 3E4FD5:01 3E4FD6:D5 3E4FD7:F8 3E4FD0:00 3E4FD1:01 3E4FD2:43 3E4FD3:DA 3E4FCE:9C 3E4FCF:30 3E4FCA:27 3E4FCB:09 3E4FCC:00 3E4FCD:01
W 14492 49 3E3534:08 3E3535:73 3E3532:00 3E3533:00 3E4FE8:00 3E4FE9:01 3E4FEA:D6 3E4FEB:44 3E4FE4:00 3E4FE5:3E 3E4FE6:35 3E4FE7:36 3E4FE0:00 3E4FE1:01 3E4FE2:44 3E4FE3:AA 3E4FDE:08 3E4FDF:64 3E4FDC:00 3E4FDD:3E 3E4FDA:02 3E4FDB:D8 3E4FD8:00 3E4FD9:3E 3E4FD6:00 3E4FD7:13 3E4FD4:00 3E4FD5:00 3E4FD2:00 3E4FD3:0D 3E4FD0:00 3E4FD1:00 3E3548:FF 3E3549:FF 3E3538:00 3E3539:00 3E3536:00 3E3537:00 3E353D:04 3E4FCE:35 3E4FCF:36 3E4FCC:00 3E4FCD:3E 3E4FC8:00 3E4FC9:01 3E4FCA:99 3E4FCB:96 3E4FC6:40 3E4FC7:00
W 144AE 0 
W 144D0 44 3E4FE8:00 3E4FE9:3E 3E4FEA:52 3E4FEB:00 3E4FE2:1C 3E4FE3:F6 3E4FE0:00 3E4FE1:3E 3E4FDE:00 3E4FDF:1C 3E4FDC:00 3E4FDD:00 3E4FDA:00 3E4FDB:1A 3E4FD8:00 3E4FD9:00 3E4FD6:44 3E4FD7:EC 3E4FD2:27 3E4FD3:04 3E4FD4:00 3E4FD5:01 3E4FD0:4A 3E4FD1:AA 3E4FCE:00 3E4FCF:F3 3E4FCA:4A 3E4FCB:B5 3E4FCC:00 3E4FCD:00 3E4FC6:00 3E4FC7:01 3E4FC8:85 3E4FC9:6A 3E4FC2:00 3E4FC3:01 3E4FC4:86 3E4FC5:58 3E4FC0:9C 3E4FC1:30 3E4FBC:27 3E4FBD:04 3E4FBE:00 3E4FBF:01
W 14578 48 3E4FEA:0F 3E4FEB:48 3E4FE8:00 3E4FE9:3E 3E4FE6:1C 3E4FE7:F6 3E4FE4:00 3E4FE5:3E 3E4FE2:08 3E4FE3:64 3E4FE0:00 3E4FE1:3E 3E4FDE:00 3E4FDF:01 3E4FDC:00 3E4FDD:00 3E4FDA:00 3E4FDB:05 3E4FD8:00 3E4FD9:00 3E4FD6:00 3E4FD7:15 3E4FD4:00 3E4FD5:00 3E354B:00 3E354A:00 3E4FD2:34 3E4FD3:CC 3E4FD0:00 3E4FD1:3E 3E4FCE:00 3E4FCF:00 3E4FCC:00 3E4FCD:00 3E4FC8:00 3E4FC9:3E 3E4FCA:35 3E4FCB:36 3E4FC4:00 3E4FC5:01 3E4FC6:45 3E4FC7:AC 3E4FC0:00 3E4FC1:3E 3E4FC2:52 3E4FC3:00 3E4FBA:35 3E4FBB:36
W 14772 16 3E4FEA:00 3E4FEB:05 3E4FE8:00 3E4FE9:00 3E4FE6:00 3E4FE7:1F 3E4FE4:00 3E4FE5:00 3E4FE2:00 3E4FE3:02 3E4FE0:00 3E4FE1:00 3E4FDE:00 3E4FDF:1B 3E4FDC:00 3E4FDD:00
W 1485C 36 3E4FE8:00 3E4FE9:3E 3E4FEA:52 3E4FEB:00 3E4FE2:19 3E4FE3:68 3E4FE0:00 3E4FE1:3E 3E4FDE:02 3E4FDF:D8 3E4FDC:00 3E4FDD:3E 3E4FDA:1B 3E4FDB:C6 3E4FD8:00 3E4FD9:3E 3E4FD6:00 3E4FD7:1B 3E4FD4:00 3E4FD5:00 3E4FD2:00 3E4FD3:1A 3E4FD0:00 3E4FD1:00 3E4FCE:00 3E4FCF:05 3E4FCC:00 3E4FCD:00 3E4FCA:00 3E4FCB:14 3E4FC8:00 3E4FC9:00 3E4FC6:00 3E4FC7:0E 3E4FC4:00 3E4FC5:00
W 14A36 40 3E4FEA:02 3E4FEB:D8 3E4FE8:00 3E4FE9:3E 3E4FE6:00 3E4FE7:1D 3E4FE4:00 3E4FE5:00 3E4FE2:00 3E4FE3:15 3E4FE0:00 3E4FE1:00 3E4FDE:00 3E4FDF:1A 3E4FDC:00 3E4FDD:00 3E4FDA:00 3E4FDB:95 3E4FD8:00 3E4FD9:00 3E4FD4:00 3E4FD5:01 3E4FD6:4A 3E4FD7:50 3E4FD2:00 3E4FD3:0C 3E4FD0:00 3E4FD1:00 3E4FCE:00 3E4FCF:1D 3E4FCC:00 3E4FCD:00 3E4FCA:42 3E4FCB:D6 3E4FC8:00 3E4FC9:3E 3E4FC6:00 3E4FC7:95 3E4FC4:00 3E4FC5:00
W 14B2C 12 3E4FEA:00 3E4FEB:03 3E4FE8:00 3E4FE9:00 3E4FE6:00 3E4FE7:0F 3E4FE4:00 3E4FE5:00 3E4FE2:00 3E4FE3:11 3E4FE0:00 3E4FE1:00
W 14C3C 48 3E4FE8:00 3E4FE9:3E 3E4FEA:52 3E4FEB:00 3E4FE2:0F 3E4FE3:48 3E4FE0:00 3E4FE1:3E 3E4FDE:19 3E4FDF:68 3E4FDC:00 3E4FDD:3E 3E4FDA:00 3E4FDB:03 3E4FD8:00 3E4FD9:00 3E4FD6:00 3E4FD7:00 3E4FD4:00 3E4FD5:00 3E4FD2:00 3E4FD3:1B 3E4FD0:00 3E4FD1:00 3E4FCE:00 3E4FCF:15 3E4FCC:00 3E4FCD:00 3E4FCA:00 3E4FCB:01 3E4FC8:00 3E4FC9:00 3E4FC4:00 3E4FC5:3E 3E4FC6:4F 3E4FC7:E4 3E4FC2:00 3E4FC3:FE 3E4FC0:00 3E4FC1:00 3E4FBE:00 3E4FBF:A8 3E4FBC:00 3E4FBD:00 3E4FB8:00 3E4FB9:01 3E4FBA:4C 3E4FBB:66
W 14DD2 48 3E4FE8:00 3E4FE9:3E 3E4FEA:52 3E4FEB:00 3E4FE2:00 3E4FE3:13 3E4FE0:00 3E4FE1:00 3E4FDE:00 3E4FDF:09 3E4FDC:00 3E4FDD:00 3E4FDA:00 3E4FDB:10 3E4FD8:00 3E4FD9:00 3E4FD6:00 3E4FD7:03 3E4FD4:00 3E4FD5:00 3E4FD0:00 3E4FD1:3E 3E4FD2:4F 3E4FD3:E4 3E4FCE:00 3E4FCF:00 3E4FCC:00 3E4FCD:00 3E4FCA:00 3E4FCB:00 3E4FC8:00 3E4FC9:00 3E4FC4:00 3E4FC5:01 3E4FC6:4D 3E4FC7:F0 3E4FC2:00 3E4FC3:09 3E4FC0:00 3E4FC1:00 3E4FBE:00 3E4FBF:10 3E4FBC:00 3E4FBD:00 3E4FBA:00 3E4FBB:08 3E4FB8:00 3E4FB9:00
W 14E5C 48 3E4FEA:00 3E4FEB:1A 3E4FE8:00 3E4FE9:00 3E4FE6:00 3E4FE7:11 3E4FE4:00 3E4FE5:00 3E4FE2:00 3E4FE3:12 3E4FE0:00 3E4FE1:00 3E4FDC:00 3E4FDD:00 3E4FDE:00 3E4FDF:14 3E4FDA:00 3E4FDB:00 3E4FD8:00 3E4FD9:00 3E4FD6:34 3E4FD7:54 3E4FD4:00 3E4FD5:3E 3E4FD0:00 3E4FD1:01 3E4FD2:4E 3E4FD3:78 3E3454:00 3E3455:00 3E3456:00 3E3457:00 3E3458:00 3E3459:00 3E345A:00 3E345B:00 3E345C:00 3E345D:00 3E345E:00 3E345F:00 3E3460:00 3E3461:00 3E3462:00 3E3463:00 3E3464:00 3E3465:00 3E3466:00 3E3467:00
W 14ECA 0 
W 14EF8 8 3E4FEA:00 3E4FEB:07 3E4FE8:00 3E4FE9:00 3E4FE6:00 3E4FE7:18 3E4FE4:00 3E4FE5:00
W 14F7A 8 3E4FEA:08 3E4FEB:64 3E4FE8:00 3E4FE9:3E 3E4FE6:00 3E4FE7:03 3E4FE4:00 3E4FE5:00
W 14FF2 8 3E4FEA:1B 3E4FEB:C6 3E4FE8:00 3E4FE9:3E 3E4FE6:00 3E4FE7:09 3E4FE4:00 3E4FE5:00
W 15064 28 3E4FEA:00 3E4FEB:0F 3E4FE8:00 3E4FE9:00 3E4FE6:00 3E4FE7:10 3E4FE4:00 3E4FE5:00 3E4FE2:00 3E4FE3:0C 3E4FE0:00 3E4FE1:00 3E4FDE:00 3E4FDF:1B 3E4FDC:00 3E4FDD:00 3E4FDA:42 3E4FDB:4A 3E4FD8:00 3E4FD9:00 3E4FD6:00 3E4FD7:AD 3E4FD4:00 3E4FD5:00 3E4FD0:00 3E4FD1:01 3E4FD2:50 3E4FD3:86
W 15100 0 
W 1520E 48 3E4FEA:08 3E4FEB:64 3E4FE8:00 3E4FE9:3E 3E4FE6:02 3E4FE7:D8 3E4FE4:00 3E4FE5:3E 3E4FE2:00 3E4FE3:0D 3E4FE0:00 3E4FE1:00 3E4FDE:00 3E4FDF:06 3E4FDC:00 3E4FDD:00 3E4FDA:00 3E4FDB:13 3E4FD8:00 3E4FD9:00 3E4FD6:00 3E4FD7:0D 3E4FD4:00 3E4FD5:00 3E4FD0:00 3E4FD1:01 3E4FD2:52 3E4FD3:24 200002:00 200003:00 200000:00 200001:00 200006:00 200007:00 200004:00 200005:00 20000A:00 20000B:00 200008:00 200009:00 20000E:00 20000F:00 20000C:00 20000D:00 200012:00 200013:00 200010:00 200011:00
W 155A0 0 
W 15672 48 3E4FEA:00 3E4FEB:09 3E4FE8:00 3E4FE9:00 3E4FE4:00 3E4FE5:01 3E4FE6:56 3E4FE7:8A 3E4FE2:19 3E4FE3:68 3E4FE0:00 3E4FE1:3E 3E4FDE:1C 3E4FDF:F6 3E4FDC:00 3E4FDD:3E 3E4FDA:00 3E4FDB:08 3E4FD8:00 3E4FD9:00 3E4FD6:00 3E4FD7:04 3E4FD4:00 3E4FD5:00 3E4FD2:00 3E4FD3:00 3E4FD0:00 3E4FD1:00 3E3660:00 3E3661:00 3E3662:08 3E3663:72 3E3634:07 3E3635:56 3E3632:00 3E3633:00 3E3640:07 3E3641:56 3E363E:00 3E363F:00 3E3628:07 3E3629:56 3E3626:00 3E3627:00 3E365E:08 3E365F:72 3E365C:00 3E365D:00
W 1568E 48 3E4FEA:00 3E4FEB:09 3E4FE8:00 3E4FE9:00 3E4FE4:00 3E4FE5:01 3E4FE6:56 3E4FE7:A8 3E4FE2:40 3E4FE3:00 3E4FE0:00 3E4FE1:3E 3E4FDE:08 3E4FDF:64 3E4FDC:00 3E4FDD:3E 3E4FDA:00 3E4FDB:05 3E4FD8:00 3E4FD9:00 3E4FD6:00 3E4FD7:19 3E4FD4:00 3E4FD5:00 3E4FD2:00 3E4FD3:00 3E4FD0:00 3E4FD1:00 3E3660:00 3E3661:00 3E3662:08 3E3663:72 3E3634:07 3E3635:56 3E3632:00 3E3633:00 3E3640:07 3E3641:56 3E363E:00 3E363F:00 3E3628:07 3E3629:56 3E3626:00 3E3627:00 3E365E:08 3E365F:72 3E365C:00 3E365D:00
W 156AC 48 3E4FEA:19 3E4FEB:68 3E4FE8:00 3E4FE9:3E 3E4FE6:02 3E4FE7:D8 3E4FE4:00 3E4FE5:3E 3E4FE2:00 3E4FE3:17 3E4FE0:00 3E4FE1:00 3E4FDE:00 3E4FDF:0C 3E4FDC:00 3E4FDD:00 3E4FDA:00 3E4FDB:10 3E4FD8:00 3E4FD9:00 3E4FD6:00 3E4FD7:17 3E4FD4:00 3E4FD5:00 3E4FD2:00 3E4FD3:0F 3E4FD0:00 3E4FD1:00 3E4FCE:00 3E4FCF:CB 3E4FCC:00 3E4FCD:00 3E4FC8:00 3E4FC9:01 3E4FCA:56 3E4FCB:E6 3E4FC6:00 3E4FC7:09 3E4FC4:00 3E4FC5:00 3E4FC0:00 3E4FC1:01 3E4FC2:56 3E4FC3:A8 3E4FBE:19 3E4FBF:68 3E4FBC:00 3E4FBD:3E
W 15830 48 3E4FEA:00 3E4FEB:00 3E4FE8:00 3E4FE9:00 3E4FE4:00 3E4FE5:00 3E4FE6:00 3E4FE7:01 3E4FE2:00 3E4FE3:06 3E4FE0:00 3E4FE1:00 3E4FDC:00 3E4FDD:00 3E4FDE:00 3E4FDF:05 3E4FD8:00 3E4FD9:01 3E4FDA:58 3E4FDB:52 3E4FD6:00 3E4FD7:10 3E4FD4:00 3E4FD5:00 3E4FD2:00 3E4FD3:0D 3E4FD0:00 3E4FD1:00 3E4FCE:00 3E4FCF:0F 3E4FCC:00 3E4FCD:00 3E4FCA:00 3E4FCB:02 3E4FC8:00 3E4FC9:00 3E4FC6:00 3E4FC7:06 3E4FC4:00 3E4FC5:00 3E4FC2:00 3E4FC3:05 3E4FC0:00 3E4FC1:00 3E4FBC:00 3E4FBD:01 3E4FBE:50 3E4FBF:86
W 160BA 48 3E4FEA:00 3E4FEB:02 3E4FE8:00 3E4FE9:00 3E4FE4:00 3E4FE5:01 3E4FE6:60 3E4FE7:C6 3E340E:00 3E340F:00 3E4FE0:00 3E4FE1:01 3E4FE2:93 3E4FE3:80 3E3400:00 3E3401:00 3E3406:00 3E3407:00 3E3402:00 3E3403:00 3E3408:00 3E3409:00 3E340A:00 3E340B:00 3E3418:00 3E3436:00 3E3437:00 3E3434:00 3E3435:00 3E3419:00 3E343A:00 3E343B:00 3E3438:00 3E3439:00 3E341A:00 3E343E:00 3E343F:00 3E343C:00 3E343D:00 3E341B:00 3E3442:00 3E3443:00 3E3440:00 3E3441:00 200002:00 200003:00 200000:00 200001:00
W 1684C 48 3E4FEA:00 3E4FEB:19 3E4FE8:00 3E4FE9:00 3E4FE4:00 3E4FE5:01 3E4FE6:68 3E4FE7:58 3E340E:00 3E340F:00 3E4FE0:00 3E4FE1:01 3E4FE2:93 3E4FE3:80 3E3400:00 3E3401:00 3E3406:00 3E3407:00 3E3402:00 3E3403:00 3E3408:00 3E3409:00 3E340A:00 3E340B:00 3E3418:00 3E3436:00 3E3437:00 3E3434:00 3E3435:00 3E3419:00 3E343A:00 3E343B:00 3E3438:00 3E3439:00 3E341A:00 3E343E:00 3E343F:00 3E343C:00 3E343D:00 3E341B:00 3E3442:00 3E3443:00 3E3440:00 3E3441:00 200002:00 200003:00 200000:00 200001:00
W 168F8 48 3E4FE8:00 3E4FE9:01 3E4FEA:68 3E4FEB:FE 3E340E:00 3E340F:00 3E4FE4:00 3E4FE5:01 3E4FE6:93 3E4FE7:80 3E3400:00 3E3401:00 3E3406:00 3E3407:00 3E3402:00 3E3403:00 3E3408:00 3E3409:00 3E340A:00 3E340B:00 3E3418:00 3E3436:00 3E3437:00 3E3434:00 3E3435:00 3E3419:00 3E343A:00 3E343B:00 3E3438:00 3E3439:00 3E341A:00 3E343E:00 3E343F:00 3E343C:00 3E343D:00 3E341B:00 3E3442:00 3E3443:00 3E3440:00 3E3441:00 200002:00 200003:00 200000:00 200001:00 200006:00 200007:00 200004:00 200005:00
W 16BC8 0 
W 16BDA 48 3E4FEA:40 3E4FEB:00 3E4FE8:00 3E4FE9:3E 3E4FE6:0F 3E4FE7:48 3E4FE4:00 3E4FE5:3E 3E4FE2:19 3E4FE3:68 3E4FE0:00 3E4FE1:3E 3E4FDE:00 3E4FDF:1D 3E4FDC:00 3E4FDD:00 3E4FDA:00 3E4FDB:1F 3E4FD8:00 3E4FD9:00 3E4FD6:00 3E4FD7:0E 3E4FD4:00 3E4FD5:00 3E4FD2:00 3E4FD3:00 3E4FD0:00 3E4FD1:00 3E4FCE:00 3E4FCF:0B 3E4FCC:00 3E4FCD:00 3E4FCA:00 3E4FCB:00 3E4FC8:00 3E4FC9:00 3E4FC4:00 3E4FC5:01 3E4FC6:6B 3E4FC7:F4 3E3D8E:04 3E3D8F:3F 3E3D8E:84 3E3D8F:3F 3E4FC4:00 3E4FC5:01 3E4FC6:6B 3E4FC7:FA
W 16D3E 48 3E4FE8:00 3E4FE9:00 3E4FEA:00 3E4FEB:01 3E4FE4:00 3E4FE5:01 3E4FE6:6D 3E4FE7:48 3E4FE2:00 3E4FE3:09 3E4FE0:00 3E4FE1:00 3E4FDC:00 3E4FDD:01 3E4FDE:60 3E4FDF:C6 3E340E:00 3E340F:00 3E4FD8:00 3E4FD9:01 3E4FDA:93 3E4FDB:80 3E3400:00 3E3401:00 3E3406:00 3E3407:00 3E3402:00 3E3403:00 3E3408:00 3E3409:00 3E340A:00 3E340B:00 3E3418:00 3E3436:00 3E3437:00 3E3434:00 3E3435:00 3E3419:00 3E343A:00 3E343B:00 3E3438:00 3E3439:00 3E341A:00 3E343E:00 3E343F:00 3E343C:00 3E343D:00 3E341B:00
W 16D4E 48 3E4FE8:00 3E4FE9:01 3E4FEA:6D 3E4FEB:52 3E4FE4:3D 3E4FE5:E0 3E4FE6:7B 3E4FE7:C0 3E4FE0:00 3E4FE1:00 3E4FE2:00 3E4FE3:30 3E4FDC:00 3E4FDD:01 3E4FDE:81 3E4FDF:B2 3E4FD8:00 3E4FD9:3E 3E4FDA:52 3E4FDB:00 3E4FD2:0F 3E4FD3:48 3E4FD0:00 3E4FD1:3E 3E4FCE:00 3E4FCF:13 3E4FCC:00 3E4FCD:00 3E4FCA:00 3E4FCB:0C 3E4FC8:00 3E4FC9:00 3E4FC6:00 3E4FC7:16 3E4FC4:00 3E4FC5:00 3E4FC2:00 3E4FC3:1B 3E4FC0:00 3E4FC1:00 3E4FBE:00 3E4FBF:00 3E4FBC:00 3E4FBD:00 3E4FBA:00 3E4FBB:06 3E4FB8:00 3E4FB9:00
W 16D60 48 3E4FE8:00 3E4FE9:01 3E4FEA:6D 3E4FEB:64 3E4FE4:3D 3E4FE5:E0 3E4FE6:7B 3E4FE7:C0 3E4FE0:00 3E4FE1:00 3E4FE2:00 3E4FE3:30 3E4FDC:00 3E4FDD:01 3E4FDE:81 3E4FDF:B2 3E4FD8:00 3E4FD9:3E 3E4FDA:52 3E4FDB:00 3E4FD2:40 3E4FD3:00 3E4FD0:00 3E4FD1:3E 3E4FCE:00 3E4FCF:10 3E4FCC:00 3E4FCD:00 3E4FCA:00 3E4FCB:04 3E4FC8:00 3E4FC9:00 3E4FC6:00 3E4FC7:01 3E4FC4:00 3E4FC5:00 3E4FC2:00 3E4FC3:0E 3E4FC0:00 3E4FC1:00 3E4FBE:00 3E4FBF:0C 3E4FBC:00 3E4FBD:00 3E4FBA:00 3E4FBB:02 3E4FB8:00 3E4FB9:00
W 16D6E 48 3E4FE8:00 3E4FE9:01 3E4FEA:6D 3E4FEB:74 3E4FE6:02 3E4FE7:D8 3E4FE4:00 3E4FE5:3E 3E4FE2:02 3E4FE3:D8 3E4FE0:00 3E4FE1:3E 3E4FDE:00 3E4FDF:0F 3E4FDC:00 3E4FDD:00 3E4FDA:00 3E4FDB:17 3E4FD8:00 3E4FD9:00 3E4FD6:00 3E4FD7:05 3E4FD4:00 3E4FD5:00 3E4FD2:00 3E4FD3:19 3E4FD0:00 3E4FD1:00 3E4FCC:00 3E4FCD:01 3E4FCE:52 3E4FCF:24 200002:00 200003:00 200000:00 200001:00 200006:00 200007:00 200004:00 200005:00 20000A:00 20000B:00 200008:00 200009:00 20000E:00 20000F:00 20000C:00 20000D:00
W 16D78 48 3E4FE8:00 3E4FE9:01 3E4FEA:6D 3E4FEB:7C 3E4FE4:00 3E4FE5:3E 3E4FE6:52 3E4FE7:00 3E4F92:1C 3E4F93:F6 3E4F90:00 3E4F91:3E 3E4F8E:02 3E4F8F:D8 3E4F8C:00 3E4F8D:3E 3E4F8A:08 3E4F8B:64 3E4F88:00 3E4F89:3E 3E4F86:00 3E4F87:1E 3E4F84:00 3E4F85:00 3E4F82:00 3E4F83:03 3E4F80:00 3E4F81:00 3E4F7E:00 3E4F7F:0D 3E4F7C:00 3E4F7D:00 3E4F7A:00 3E4F7B:19 3E4F78:00 3E4F79:00 3E4F76:00 3E4F77:12 3E4F74:00 3E4F75:00 3E4F70:00 3E4F71:01 3E4F72:78 3E4F73:12 3E4F6E:00 3E4F6F:12 3E4F6C:00 3E4F6D:00
W 16D80 48 3E4FE8:00 3E4FE9:01 3E4FEA:6D 3E4FEB:84 3E4FE4:00 3E4FE5:3E 3E4FE6:52 3E4FE7:00 3E4FDA:1C 3E4FDB:F6 3E4FD8:00 3E4FD9:3E 3E4FD6:1B 3E4FD7:C6 3E4FD4:00 3E4FD5:3E 3E4FD2:1B 3E4FD3:C6 3E4FD0:00 3E4FD1:3E 3E4FCE:00 3E4FCF:00 3E4FCC:00 3E4FCD:00 3E4FCA:00 3E4FCB:19 3E4FC8:00 3E4FC9:00 3E4FC6:00 3E4FC7:12 3E4FC4:00 3E4FC5:00 3E4FC2:00 3E4FC3:1F 3E4FC0:00 3E4FC1:00 3E4FBE:00 3E4FBF:0A 3E4FBC:00 3E4FBD:00 3E4FBA:00 3E4FBB:00 3E4FB8:00 3E4FB9:00 3E4FB4:00 3E4FB5:00 3E4FB6:00 3E4FB7:01
W 16D88 48 3E4FE8:00 3E4FE9:01 3E4FEA:6D 3E4FEB:8C 3E4FE6:00 3E4FE7:0A 3E4FE4:00 3E4FE5:00 200002:01 200003:01 21CC00:01 21CC01:01 200004:01 200005:01 21CC02:01 21CC03:01 200006:01 200007:01 21CC04:01 21CC05:01 200008:01 200009:01 21CC06:01 21CC07:01 20000A:01 20000B:01 21CC08:01 21CC09:01 20000C:01 20000D:01 21CC0A:01 21CC0B:01 20000E:01 20000F:01 21CC0C:01 21CC0D:01 200010:01 200011:01 21CC0E:01 21CC0F:01 200012:01 200013:01 21CC10:01 21CC11:01 200014:01 200015:01 21CC12:01 21CC13:01
W 16E14 0 
W 16E1C 48 3E4FE8:00 3E4FE9:01 3E4FEA:6E 3E4FEB:20 3E4FE4:00 3E4FE5:3E 3E4FE6:52 3E4FE7:00 3E4FDE:1C 3E4FDF:F6 3E4FDC:00 3E4FDD:3E 3E4FDA:08 3E4FDB:64 3E4FD8:00 3E4FD9:3E 3E4FD6:0F 3E4FD7:48 3E4FD4:00 3E4FD5:3E 3E4FD2:00 3E4FD3:0D 3E4FD0:00 3E4FD1:00 3E4FCE:00 3E4FCF:14 3E4FCC:00 3E4FCD:00 3E4FCA:00 3E4FCB:0E 3E4FC8:00 3E4FC9:00 3E4FC6:00 3E4FC7:04 3E4FC4:00 3E4FC5:00 3E4FC2:00 3E4FC3:16 3E4FC0:00 3E4FC1:00 3E4FBC:00 3E4FBD:01 3E4FBE:79 3E4FBF:A4 200002:00 200003:00 200000:00 200001:00
W 16E24 48 3E4FE8:00 3E4FE9:01 3E4FEA:6E 3E4FEB:28 3E4FE6:19 3E4FE7:68 3E4FE4:00 3E4FE5:3E 3E4FE2:02 3E4FE3:D8 3E4FE0:00 3E4FE1:3E 3E4FDE:00 3E4FDF:0E 3E4FDC:00 3E4FDD:00 3E4FD8:00 3E4FD9:01 3E4FDA:69 3E4FDB:D8 200002:00 200003:00 200000:00 200001:00 200006:00 200007:00 200004:00 200005:00 20000A:00 20000B:00 200008:00 200009:00 20000E:00 20000F:00 20000C:00 20000D:00 200012:00 200013:00 200010:00 200011:00 200016:00 200017:00 200014:00 200015:00 20001A:00 20001B:00 200018:00 200019:00
W 16E2C 48 3E4FEA:00 3E4FEB:00 3E4FE8:00 3E4FE9:00 3E4FE6:00 3E4FE7:00 3E4FE4:00 3E4FE5:00 3E4FE0:00 3E4FE1:00 3E4FE2:00 3E4FE3:07 3E4FDC:00 3E4FDD:01 3E4FDE:6E 3E4FDF:38 3E4FDA:00 3E4FDB:00 3E4FD8:00 3E4FD9:00 3E4FD6:00 3E4FD7:16 3E4FD4:00 3E4FD5:00 3E4FD2:00 3E4FD3:1E 3E4FD0:00 3E4FD1:00 3E4FCE:00 3E4FCF:1C 3E4FCC:00 3E4FCD:00 3E4FCA:00 3E4FCB:1C 3E4FC8:00 3E4FC9:00 3E4FC4:00 3E4FC5:01 3E4FC6:7F 3E4FC7:08 200002:00 200003:00 200000:00 200001:00 200006:00 200007:00 200004:00 200005:00
W 16EEC 48 3E4FEA:00 3E4FEB:00 3E4FE8:00 3E4FE9:00 3E4FE6:00 3E4FE7:00 3E4FE4:00 3E4FE5:00 3E4FE0:00 3E4FE1:00 3E4FE2:00 3E4FE3:10 3E4FDC:00 3E4FDD:01 3E4FDE:6E 3E4FDF:F8 3E4FDA:00 3E4FDB:1F 3E4FD8:00 3E4FD9:00 3E4FD6:00 3E4FD7:11 3E4FD4:00 3E4FD5:00 3E4FD2:00 3E4FD3:1D 3E4FD0:00 3E4FD1:00 3E4FCE:00 3E4FCF:1D 3E4FCC:00 3E4FCD:00 3E4FCA:00 3E4FCB:10 3E4FC8:00 3E4FC9:00 3E4FC4:00 3E4FC5:01 3E4FC6:7F 3E4FC7:08 200002:00 200003:00 200000:00 200001:00 200006:00 200007:00 200004:00 200005:00
W 16FF0 48 3E4FE8:00 3E4FE9:3E 3E4FEA:52 3E4FEB:00 3E4FDE:02 3E4FDF:D8 3E4FDC:00 3E4FDD:3E 3E4FDA:1B 3E4FDB:C6 3E4FD8:00 3E4FD9:3E 3E4FD6:19 3E4FD7:68 3E4FD4:00 3E4FD5:3E 3E4FD2:00 3E4FD3:0F 3E4FD0:00 3E4FD1:00 3E4FCE:00 3E4FCF:1E 3E4FCC:00 3E4FCD:00 3E4FCA:00 3E4FCB:0E 3E4FC8:00 3E4FC9:00 3E4FC6:00 3E4FC7:07 3E4FC4:00 3E4FC5:00 3E4FC2:00 3E4FC3:10 3E4FC0:00 3E4FC1:00 3E4FBE:00 3E4FBF:00 3E4FBC:00 3E4FBD:00 3E4FB8:00 3E4FB9:00 3E4FBA:00 3E4FBB:01 3E4FB4:00 3E4FB5:01 3E4FB6:70 3E4FB7:12
W 17330 48 3E4FEA:00 3E4FEB:1C 3E4FE8:00 3E4FE9:00 3E4FE6:00 3E4FE7:18 3E4FE4:00 3E4FE5:00 3E4FE0:00 3E4FE1:00 3E4FE2:20 3E4FE3:00 3E4FDC:00 3E4FDD:01 3E4FDE:DD 3E4FDF:B6 3E4FD8:00 3E4FD9:00 3E4FDA:00 3E4FDB:09 3E4FD4:00 3E4FD5:00 3E4FD6:00 3E4FD7:0F 3E4FD0:00 3E4FD1:01 3E4FD2:73 3E4FD3:54 3E4FCE:00 3E4FCF:0A 3E4FCC:00 3E4FCD:00 3E4FCA:41 3E4FCB:EA 3E4FC8:00 3E4FC9:00 3E4FC6:00 3E4FC7:3D 3E4FC4:00 3E4FC5:00 3E4FC2:DD 3E4FC3:B6 3E4FC0:00 3E4FC1:01 3E4FBE:20 3E4FBF:00 3E4FBC:00 3E4FBD:00
W 173D8 48 3E4FEA:00 3E4FEB:06 3E4FE8:00 3E4FE9:00 3E4FE6:00 3E4FE7:04 3E4FE4:00 3E4FE5:00 3E4FE0:00 3E4FE1:01 3E4FE2:73 3E4FE3:E8 200002:00 200003:00 200000:00 200001:00 200006:00 200007:00 200004:00 200005:00 20000A:00 20000B:00 200008:00 200009:00 20000E:00 20000F:00 20000C:00 20000D:00 200012:00 200013:00 200010:00 200011:00 200016:00 200017:00 200014:00 200015:00 20001A:00 20001B:00 200018:00 200019:00 20001E:00 20001F:00 20001C:00 20001D:00 200022:00 200023:00 200020:00 200021:00
W 174A2 0 
W 17500 48 200002:00 200003:00 200000:00 200001:00 200006:00 200007:00 200004:00 200005:00 20000A:00 20000B:00 200008:00 200009:00 20000E:00 20000F:00 20000C:00 20000D:00 200012:00 200013:00 200010:00 200011:00 200016:00 200017:00 200014:00 200015:00 20001A:00 20001B:00 200018:00 200019:00 20001E:00 20001F:00 20001C:00 20001D:00 200022:00 200023:00 200020:00 200021:00 200026:00 200027:00 200024:00 200025:00 20002A:00 20002B:00 200028:00 200029:00 20002E:00 20002F:00 20002C:00 20002D:00
W 1753C 36 3E4FEA:00 3E4FEB:07 3E4FE8:00 3E4FE9:00 3E4FE6:00 3E4FE7:1C 3E4FE4:00 3E4FE5:00 3E4FE2:75 3E4FE3:58 3E4FDE:27 3E4FDF:00 3E4FE0:00 3E4FE1:01 3E4FDC:30 3E4FDD:81 3E4FDA:00 3E4FDB:4B 3E4FD6:30 3E4FD7:85 3E4FD8:00 3E4FD9:00 3E4FD2:00 3E4FD3:01 3E4FD4:85 3E4FD5:6A 3E4FCE:00 3E4FCF:01 3E4FD0:86 3E4FD1:58 3E4FCC:9C 3E4FCD:30 3E4FC8:27 3E4FC9:00 3E4FCA:00 3E4FCB:01
W 175DE 48 3E4FEA:1C 3E4FEB:F6 3E4FE8:00 3E4FE9:3E 3E4FE6:1C 3E4FE7:F6 3E4FE4:00 3E4FE5:3E 3E4FE2:0F 3E4FE3:48 3E4FE0:00 3E4FE1:3E 3E4FDC:00 3E4FDD:01 3E4FDE:75 3E4FDF:F2 3E4FDA:00 3E4FDB:15 3E4FD8:00 3E4FD9:00 200002:01 200003:01 21CC00:01 21CC01:01 200004:01 200005:01 21CC02:01 21CC03:01 200006:01 200007:01 21CC04:01 21CC05:01 200008:01 200009:01 21CC06:01 21CC07:01 20000A:01 20000B:01 21CC08:01 21CC09:01 20000C:01 20000D:01 21CC0A:01 21CC0B:01 20000E:01 20000F:01 21CC0C:01 21CC0D:01
W 177E8 48 3E4FE8:00 3E4FE9:00 3E4FEA:00 3E4FEB:30 3E4FE4:00 3E4FE5:01 3E4FE6:E1 3E4FE7:52 3E4FE0:00 3E4FE1:01 3E4FE2:77 3E4FE3:F8 3E4FDE:1C 3E4FDF:F6 3E4FDC:00 3E4FDD:3E 3E4FDA:02 3E4FDB:D8 3E4FD8:00 3E4FD9:3E 3E4FD6:40 3E4FD7:00 3E4FD4:00 3E4FD5:3E 3E4FD2:00 3E4FD3:1C 3E4FD0:00 3E4FD1:00 3E4FCC:00 3E4FCD:01 3E4FCE:8E 3E4FCF:EE 3E4FCA:E1 3E4FCB:5B 3E4FC8:00 3E4FC9:01 3E4FC6:E1 3E4FC7:58 3E4FC4:00 3E4FC5:01 3E4FC2:00 3E4FC3:05 3E4FC0:00 3E4FC1:00 3E4FBE:00 3E4FBF:00 3E4FBC:00 3E4FBD:00
W 17800 48 3E4FE8:00 3E4FE9:3E 3E4FEA:52 3E4FEB:00 3E4F96:1C 3E4F97:F6 3E4F94:00 3E4F95:3E 3E4F92:19 3E4F93:68 3E4F90:00 3E4F91:3E 3E4F8E:08 3E4F8F:64 3E4F8C:00 3E4F8D:3E 3E4F8A:00 3E4F8B:08 3E4F88:00 3E4F89:00 3E4F86:00 3E4F87:15 3E4F84:00 3E4F85:00 3E4F82:00 3E4F83:04 3E4F80:00 3E4F81:00 3E4F7E:00 3E4F7F:0D 3E4F7C:00 3E4F7D:00 3E4F7A:00 3E4F7B:17 3E4F78:00 3E4F79:00 3E4F74:00 3E4F75:01 3E4F76:78 3E4F77:12 3E4F72:00 3E4F73:17 3E4F70:00 3E4F71:00 200002:01 200003:01 21CC00:01 21CC01:01
W 1796E 12 3E4FE8:03 3E4FE9:00 3E4FEA:00 3E4FEB:00 3E4FE4:00 3E4FE5:01 3E4FE6:79 3E4FE7:80 3E3D88:00 3E3D89:00 3E3D86:00 3E3D87:00
W 1798C 48 3E4FE8:00 3E4FE9:3E 3E4FEA:52 3E4FEB:00 3E4FE2:19 3E4FE3:68 3E4FE0:00 3E4FE1:3E 3E4FDE:19 3E4FDF:68 3E4FDC:00 3E4FDD:3E 3E4FDA:1C 3E4FDB:F6 3E4FD8:00 3E4FD9:3E 3E4FD6:00 3E4FD7:17 3E4FD4:00 3E4FD5:00 3E4FD2:00 3E4FD3:1B 3E4FD0:00 3E4FD1:00 3E4FCE:00 3E4FCF:06 3E4FCC:00 3E4FCD:00 3E4FCA:00 3E4FCB:0E 3E4FC8:00 3E4FC9:00 3E4FC6:00 3E4FC7:01 3E4FC4:00 3E4FC5:00 3E4FC0:00 3E4FC1:01 3E4FC2:79 3E4FC3:A4 200002:00 200003:00 200000:00 200001:00 200006:00 200007:00 200004:00 200005:00
W 17EDE 0 
W 17EF4 48 3E4FEA:00 3E4FEB:0B 3E4FE8:00 3E4FE9:00 3E4FE6:00 3E4FE7:18 3E4FE4:00 3E4FE5:00 3E4FE2:00 3E4FE3:0B 3E4FE0:00 3E4FE1:00 3E4FDE:00 3E4FDF:07 3E4FDC:00 3E4FDD:00 3E4FDA:00 3E4FDB:01 3E4FD8:00 3E4FD9:00 3E4FD4:00 3E4FD5:01 3E4FD6:7F 3E4FD7:08 200002:00 200003:00 200000:00 200001:00 200006:00 200007:00 200004:00 200005:00 20000A:00 20000B:00 200008:00 200009:00 20000E:00 20000F:00 20000C:00 20000D:00 200012:00 200013:00 200010:00 200011:00 200016:00 200017:00 200014:00 200015:00
W 17F42 49 3E4FE8:00 3E4FE9:00 3E4FEA:20 3E4FEB:40 3E4FE4:00 3E4FE5:01 3E4FE6:DF 3E4FE7:B2 3E4FE0:00 3E4FE1:00 3E4FE2:00 3E4FE3:1B 3E4FDC:FF 3E4FDD:FF 3E4FDE:FF 3E4FDF:FF 3E4FD8:00 3E4FD9:01 3E4FDA:7F 3E4FDB:56 3E4FD6:00 3E4FD7:1D 3E4FD4:00 3E4FD5:00 3E4FD2:00 3E4FD3:05 3E4FD0:00 3E4FD1:00 3E4FCE:00 3E4FCF:05 3E4FCC:00 3E4FCD:00 3E4FCA:00 3E4FCB:1A 3E4FC8:00 3E4FC9:00 3E4FC6:DF 3E4FC7:B2 3E4FC4:00 3E4FC5:01 3E4FC0:00 3E4FC1:01 3E4FC2:80 3E4FC3:00 3E3D7B:1B 3E4FC6:20 3E4FC7:40 3E4FC4:00 3E4FC5:00
W 17F70 49 3E4FE8:00 3E4FE9:00 3E4FEA:20 3E4FEB:40 3E4FE4:00 3E4FE5:01 3E4FE6:DF 3E4FE7:8A 3E4FE0:00 3E4FE1:00 3E4FE2:00 3E4FE3:1B 3E4FDC:FF 3E4FDD:FF 3E4FDE:FF 3E4FDF:FF 3E4FD8:00 3E4FD9:01 3E4FDA:7F 3E4FDB:84 3E4FD6:00 3E4FD7:0D 3E4FD4:00 3E4FD5:00 3E4FD2:00 3E4FD3:0D 3E4FD0:00 3E4FD1:00 3E4FCE:00 3E4FCF:12 3E4FCC:00 3E4FCD:00 3E4FCA:00 3E4FCB:0C 3E4FC8:00 3E4FC9:00 3E4FC6:DF 3E4FC7:8A 3E4FC4:00 3E4FC5:01 3E4FC0:00 3E4FC1:01 3E4FC2:80 3E4FC3:00 3E3D7B:1B 3E4FC6:20 3E4FC7:40 3E4FC4:00 3E4FC5:00
W 17FCC 49 3E4FEA:00 3E4FEB:04 3E4FE8:00 3E4FE9:00 3E4FE6:00 3E4FE7:02 3E4FE4:00 3E4FE5:00 3E4FE2:00 3E4FE3:0C 3E4FE0:00 3E4FE1:00 3E4FDE:00 3E4FDF:06 3E4FDC:00 3E4FDD:00 3E3D7B:76 3E4FDA:40 3E4FDB:9D 3E4FD8:00 3E4FD9:00 3E4FD6:00 3E4FD7:72 3E4FD4:00 3E4FD5:00 3E4FD2:00 3E4FD3:76 3E4FD0:00 3E4FD1:00 3E4FCE:FF 3E4FCF:B6 3E4FCC:FF 3E4FCD:FF 3E4FC8:00 3E4FC9:01 3E4FCA:80 3E4FCB:28 3E4FC6:00 3E4FC7:76 3E4FC4:00 3E4FC5:00 3E4FC2:00 3E4FC3:0C 3E4FC0:00 3E4FC1:00 3E4FBE:FF 3E4FBF:B6 3E4FBC:FF 3E4FBD:FF
W 18000 48 3E3D7B:15 3E4FEE:00 3E4FEF:00 3E4FEC:00 3E4FED:00 3E4FEA:00 3E4FEB:14 3E4FE8:00 3E4FE9:00 3E4FE6:00 3E4FE7:15 3E4FE4:00 3E4FE5:00 3E4FE2:FF 3E4FE3:F9 3E4FE0:FF 3E4FE1:FF 3E4FDC:00 3E4FDD:01 3E4FDE:80 3E4FDF:28 3E4FDA:00 3E4FDB:15 3E4FD8:00 3E4FD9:00 3E4FD6:00 3E4FD7:16 3E4FD4:00 3E4FD5:00 3E4FD2:FF 3E4FD3:F9 3E4FD0:FF 3E4FD1:FF 3E4FCE:00 3E4FCF:14 3E4FCC:00 3E4FCD:00 3E3D7A:F9 3E5002:00 3E5003:00 3E4FFE:27 3E4FFF:08 3E5000:00 3E5001:00 3E4FFA:00 3E4FFB:01 3E4FFC:85 3E4FFD:7C
W 18040 48 3E4FE8:00 3E4FE9:3E 3E4FEA:52 3E4FEB:00 3E4FE2:1B 3E4FE3:C6 3E4FE0:00 3E4FE1:3E 3E4FDE:00 3E4FDF:1E 3E4FDC:00 3E4FDD:00 3E4FDA:00 3E4FDB:1B 3E4FD8:00 3E4FD9:00 3E4FD6:00 3E4FD7:15 3E4FD4:00 3E4FD5:00 3E4FD2:00 3E4FD3:1A 3E4FD0:00 3E4FD1:00 3E4FCE:00 3E4FCF:0B 3E4FCC:00 3E4FCD:00 3E4FCA:00 3E4FCB:0C 3E4FC8:00 3E4FC9:00 3E4FC6:00 3E4FC7:3E 3E4FC4:00 3E4FC5:00 3E4FC2:00 3E4FC3:B4 3E4FC0:00 3E4FC1:00 3E4FBC:00 3E4FBD:01 3E4FBE:80 3E4FBF:64 3E4FBA:00 3E4FBB:0C 3E4FB8:00 3E4FB9:00
W 1815A 48 3E4FEA:0F 3E4FEB:48 3E4FE8:00 3E4FE9:3E 3E4FE4:00 3E4FE5:00 3E4FE6:52 3E4FE7:54 3E4FE2:00 3E4FE3:00 3E4FE0:00 3E4FE1:00 3E4FDC:00 3E4FDD:01 3E4FDE:81 3E4FDF:68 3E4FD8:00 3E4FD9:3E 3E4FDA:52 3E4FDB:00 3E4FD2:80 3E4FD3:40 3E4FD0:00 3E4FD1:01 3E4FCE:00 3E4FCF:0F 3E4FCC:00 3E4FCD:00 3E4FCA:00 3E4FCB:16 3E4FC8:00 3E4FC9:00 3E4FC6:00 3E4FC7:02 3E4FC4:00 3E4FC5:00 3E4FC2:00 3E4FC3:12 3E4FC0:00 3E4FC1:00 3E4FBE:00 3E4FBF:09 3E4FBC:00 3E4FBD:00 3E4FBA:00 3E4FBB:11 3E4FB8:00 3E4FB9:00
W 183F2 0 
W 18418 48 3E4FEA:00 3E4FEB:00 3E4FE8:00 3E4FE9:00 3E4FE4:00 3E4FE5:00 3E4FE6:00 3E4FE7:14 3E4FE0:00 3E4FE1:01 3E4FE2:84 3E4FE3:24 3E4FDC:00 3E4FDD:3E 3E4FDE:52 3E4FDF:00 3E4FD6:1C 3E4FD7:F6 3E4FD4:00 3E4FD5:3E 3E4FD2:08 3E4FD3:64 3E4FD0:00 3E4FD1:3E 3E4FCE:19 3E4FCF:68 3E4FCC:00 3E4FCD:3E 3E4FCA:00 3E4FCB:1C 3E4FC8:00 3E4FC9:00 3E4FC6:00 3E4FC7:00 3E4FC4:00 3E4FC5:00 3E4FC2:00 3E4FC3:1A 3E4FC0:00 3E4FC1:00 3E4FBE:00 3E4FBF:11 3E4FBC:00 3E4FBD:00 3E4FBA:00 3E4FBB:19 3E4FB8:00 3E4FB9:00
W 1851C 4 3E3D88:00 3E3D89:00 3E3D86:00 3E3D87:00
W 18544 28 3E4FEA:85 3E4FEB:46 3E4FE6:27 3E4FE7:00 3E4FE8:00 3E4FE9:01 3E4FE4:27 3E4FE5:6D 3E4FE2:17 3E4FE3:87 3E4FDE:27 3E4FDF:75 3E4FE0:00 3E4FE1:3E 3E4FDA:00 3E4FDB:01 3E4FDC:85 3E4FDD:6A 3E4FD6:00 3E4FD7:01 3E4FD8:86 3E4FD9:58 3E4FD4:9C 3E4FD5:30 3E4FD0:27 3E4FD1:00 3E4FD2:00 3E4FD3:01
W 18548 14 3E4FE8:00 3E4FE9:01 3E4FEA:85 3E4FEB:4E 3E4FE4:00 3E4FE5:01 3E4FE6:86 3E4FE7:58 3E4FE2:9C 3E4FE3:30 3E4FDE:27 3E4FDF:00 3E4FE0:00 3E4FE1:01
W 18556 14 3E4FE8:00 3E4FE9:01 3E4FEA:85 3E4FEB:5C 3E4FE4:00 3E4FE5:01 3E4FE6:86 3E4FE7:58 3E4FE2:9C 3E4FE3:30 3E4FDE:27 3E4FDF:00 3E4FE0:00 3E4FE1:01
W 18564 14 3E4FE8:00 3E4FE9:01 3E4FEA:85 3E4FEB:6A 3E4FE4:00 3E4FE5:01 3E4FE6:86 3E4FE7:58 3E4FE2:9C 3E4FE3:30 3E4FDE:27 3E4FDF:00 3E4FE0:00 3E4FE1:01
W 18576 14 3E4FE8:00 3E4FE9:01 3E4FEA:85 3E4FEB:7C 3E4FE4:00 3E4FE5:01 3E4FE6:86 3E4FE7:58 3E4FE2:9C 3E4FE3:30 3E4FDE:27 3E4FDF:00 3E4FE0:00 3E4FE1:01
W 18588 0 
W 18598 14 3E4FE8:00 3E4FE9:01 3E4FEA:85 3E4FEB:9E 3E4FE4:00 3E4FE5:01 3E4FE6:86 3E4FE7:58 3E4FE2:9C 3E4FE3:30 3E4FDE:27 3E4FDF:00 3E4FE0:00 3E4FE1:01
W 185AA 14 3E4FE8:00 3E4FE9:01 3E4FEA:85 3E4FEB:B0 3E4FE4:00 3E4FE5:01 3E4FE6:86 3E4FE7:58 3E4FE2:9C 3E4FE3:30 3E4FDE:27 3E4FDF:00 3E4FE0:00 3E4FE1:01
W 185B6 14 3E4FE8:00 3E4FE9:01 3E4FEA:85 3E4FEB:BC 3E4FE4:00 3E4FE5:01 3E4FE6:86 3E4FE7:58 3E4FE2:9C 3E4FE3:30 3E4FDE:27 3E4FDF:00 3E4FE0:00 3E4FE1:01
W 185CC 14 3E4FE8:00 3E4FE9:01 3E4FEA:85 3E4FEB:D2 3E4FE4:00 3E4FE5:01 3E4FE6:86 3E4FE7:58 3E4FE2:9C 3E4FE3:30 3E4FDE:27 3E4FDF:00 3E4FE0:00 3E4FE1:01
W 185DC 14 3E4FE8:00 3E4FE9:01 3E4FEA:85 3E4FEB:E2 3E4FE4:00 3E4FE5:01 3E4FE6:86 3E4FE7:58 3E4FE2:9C 3E4FE3:30 3E4FDE:27 3E4FDF:00 3E4FE0:00 3E4FE1:01
W 185EE 14 3E4FE8:00 3E4FE9:01 3E4FEA:85 3E4FEB:F4 3E4FE4:00 3E4FE5:01 3E4FE6:86 3E4FE7:58 3E4FE2:9C 3E4FE3:30 3E4FDE:27 3E4FDF:00 3E4FE0:00 3E4FE1:01
W 18600 14 3E4FE8:00 3E4FE9:01 3E4FEA:86 3E4FEB:06 3E4FE4:00 3E4FE5:01 3E4FE6:86 3E4FE7:58 3E4FE2:9C 3E4FE3:30 3E4FDE:27 3E4FDF:00 3E4FE0:00 3E4FE1:01
W 18614 0 
W 18626 14 3E4FE8:00 3E4FE9:01 3E4FEA:86 3E4FEB:2C 3E4FE4:00 3E4FE5:01 3E4FE6:86 3E4FE7:58 3E4FE2:9C 3E4FE3:30 3E4FDE:27 3E4FDF:00 3E4FE0:00 3E4FE1:01
W 1863E 14 3E4FE8:00 3E4FE9:01 3E4FEA:86 3E4FEB:44 3E4FE4:00 3E4FE5:01 3E4FE6:86 3E4FE7:58 3E4FE2:9C 3E4FE3:30 3E4FDE:27 3E4FDF:00 3E4FE0:00 3E4FE1:01
W 18652 10 3E4FE8:00 3E4FE9:01 3E4FEA:86 3E4FEB:58 3E4FE6:9C 3E4FE7:30 3E4FE2:27 3E4FE3:00 3E4FE4:00 3E4FE5:01
W 18658 0 
W 1865E 28 3E4FEA:86 3E4FEB:6A 3E4FE6:27 3E4FE7:00 3E4FE8:00 3E4FE9:01 3E4FE4:48 3E4FE5:D0 3E4FE2:00 3E4FE3:29 3E4FDE:48 3E4FDF:C5 3E4FE0:00 3E4FE1:00 3E4FDA:00 3E4FDB:01 3E4FDC:85 3E4FDD:6A 3E4FD6:00 3E4FD7:01 3E4FD8:86 3E4FD9:58 3E4FD4:9C 3E4FD5:30 3E4FD0:27 3E4FD1:00 3E4FD2:00 3E4FD3:01
W 1866C 28 3E4FEA:86 3E4FEB:7A 3E4FE6:27 3E4FE7:00 3E4FE8:00 3E4FE9:01 3E4FE4:4C 3E4FE5:D0 3E4FE2:00 3E4FE3:7F 3E4FDE:4C 3E4FDF:D5 3E4FE0:00 3E4FE1:00 3E4FDA:00 3E4FDB:01 3E4FDC:85 3E4FDD:6A 3E4FD6:00 3E4FD7:01 3E4FD8:86 3E4FD9:58 3E4FD4:9C 3E4FD5:30 3E4FD0:27 3E4FD1:00 3E4FD2:00 3E4FD3:01
W 1867C 28 3E4FEA:86 3E4FEB:84 3E4FE6:27 3E4FE7:00 3E4FE8:00 3E4FE9:01 3E4FE4:0C 3E4FE5:50 3E4FE2:00 3E4FE3:A9 3E4FDE:0C 3E4FDF:55 3E4FE0:00 3E4FE1:00 3E4FDA:00 3E4FDB:01 3E4FDC:85 3E4FDD:6A 3E4FD6:00 3E4FD7:01 3E4FD8:86 3E4FD9:58 3E4FD4:9C 3E4FD5:30 3E4FD0:27 3E4FD1:00 3E4FD2:00 3E4FD3:01
W 1868C 0 
W 1869E 0 
W 18764 14 3E4FEA:02 3E4FEB:D8 3E4FE8:00 3E4FE9:3E 3E4FE6:00 3E4FE7:08 3E4FE4:00 3E4FE5:00 3E4FE2:00 3E4FE3:19 3E4FE0:00 3E4FE1:00 3E3404:00 3E3405:01
W 1884A 49 3E0F6B:00 3E0F96:00 3E0F97:00 3E0F94:00 3E0F95:00 3E4FE8:00 3E4FE9:01 3E4FEA:88 3E4FEB:6E 3E4FE6:1B 3E4FE7:C6 3E4FE4:00 3E4FE5:3E 3E4FE2:0F 3E4FE3:48 3E4FE0:00 3E4FE1:3E 3E4FDC:00 3E4FDD:00 3E4FDE:10 3E4FDF:00 3E4FDA:92 3E4FDB:74 3E4FD8:00 3E4FD9:2B 3E4FD4:00 3E4FD5:00 3E4FD6:00 3E4FD7:33 3E4FD0:00 3E4FD1:01 3E4FD2:8D 3E4FD3:4E 3E4FCE:92 3E4FCF:74 3E4FCC:00 3E4FCD:2B 3E4FCA:85 3E4FCB:56 3E4FC8:00 3E4FC9:01 3E4FC6:00 3E4FC7:06 3E4FC4:00 3E4FC5:00 3E4FC2:00 3E4FC3:1A 3E4FC0:00 3E4FC1:00
W 1885A 49 3E4048:00 3E4FE8:00 3E4FE9:01 3E4FEA:88 3E4FEB:6E 3E4FE6:40 3E4FE7:00 3E4FE4:00 3E4FE5:3E 3E4FE2:40 3E4FE3:00 3E4FE0:00 3E4FE1:3E 3E405A:B7 3E405B:92 3E4058:9B 3E4059:9E 3E4056:6A 3E4057:07 3E4054:C3 3E4055:E4 3E4052:78 3E4053:1B 3E4050:54 3E4051:0C 3E404E:17 3E404F:86 3E404C:D9 3E404D:1E 3E404A:2E 3E404B:5A 3E4048:00 3E4049:6E 3E4046:2E 3E4047:4E 3E4044:6B 3E4045:E0 3E4042:23 3E4043:1B 3E4040:3B 3E4041:0A 3E403E:1E 3E403F:05 3E403C:89 3E403D:17 3E403A:31 3E403B:B3 3E4038:31 3E4039:97
W 1888C 29 3E0F8B:01 3E4FEA:88 3E4FEB:9A 3E4FE6:27 3E4FE7:00 3E4FE8:00 3E4FE9:01 3E4FE4:32 3E4FE5:32 3E4FE2:0F 3E4FE3:77 3E4FDE:32 3E4FDF:35 3E4FE0:00 3E4FE1:3E 3E4FDA:00 3E4FDB:01 3E4FDC:85 3E4FDD:6A 3E4FD6:00 3E4FD7:01 3E4FD8:86 3E4FD9:58 3E4FD4:9C 3E4FD5:30 3E4FD0:27 3E4FD1:00 3E4FD2:00 3E4FD3:01
W 188AA 30 3E1D2D:01 3E4FE8:00 3E4FE9:01 3E4FEA:88 3E4FEB:C2 3E1D46:00 3E1D47:01 3E1D48:85 3E1D49:56 3E1D2D:00 3E1D26:00 3E1D27:07 3E1D1E:00 3E1D1F:01 3E1D1C:07 3E1D1D:01 3E4FF8:00 3E4FF9:00 3E4FFA:01 3E4FFB:06 3E4FF4:00 3E4FF5:01 3E4FF6:86 3E4FF7:58 3E4FF2:9C 3E4FF3:30 3E4FEE:27 3E4FEF:00 3E4FF0:00 3E4FF1:01
W 188EC 48 3E4FE8:00 3E4FE9:01 3E4FEA:88 3E4FEB:F6 201F00:B2 201F01:B2 201F02:B1 201F03:B1 201F04:B1 201F05:B1 201F06:B1 201F07:B1 201F08:B1 201F09:B1 201F0A:B2 201F0B:B2 201F0C:B2 201F0D:B2 201F0E:B2 201F0F:B2 201F10:B2 201F11:B2 201F12:B1 201F13:B1 201F14:B1 201F15:B1 201F16:B1 201F17:B1 201F18:B1 201F19:B1 201F1A:B2 201F1B:B2 201F1C:B2 201F1D:B2 201F1E:B2 201F1F:B2 201F20:B2 201F21:B2 201F22:B1 201F23:B1 201F24:B1 201F25:B1 201F26:B1 201F27:B1 201F28:B1 201F29:B1 201F2A:B2 201F2B:B2
W 188F8 0 
W 1890C 0 
W 18A5E 8 3E4FEA:0F 3E4FEB:48 3E4FE8:00 3E4FE9:3E 3E4FE6:00 3E4FE7:19 3E4FE4:00 3E4FE5:00
W 18A66 28 3E4FEA:1B 3E4FEB:C6 3E4FE8:00 3E4FE9:3E 3E4FE6:00 3E4FE7:03 3E4FE4:00 3E4FE5:00 3E4FE0:00 3E4FE1:01 3E4FE2:8A 3E4FE3:E2 3E4FDE:00 3E4FDF:05 3E4FDC:00 3E4FDD:00 3E4FDA:00 3E4FDB:05 3E4FD8:00 3E4FD9:00 3E4FD6:00 3E4FD7:1B 3E4FD4:00 3E4FD5:00 3E4FD2:00 3E4FD3:00 3E4FD0:00 3E4FD1:00
W 18AFE 48 3E4FE8:00 3E4FE9:3E 3E4FEA:52 3E4FEB:00 3E4FD6:42 3E4FD7:45 3E4FD4:00 3E4FD5:3E 3E4FD2:00 3E4FD3:00 3E4FD0:00 3E4FD1:00 3E4FCC:00 3E4FCD:00 3E4FCE:00 3E4FCF:64 3E4FC8:00 3E4FC9:3E 3E4FCA:4F 3E4FCB:D8 3E4FC6:00 3E4FC7:22 3E4FC4:00 3E4FC5:00 3E4FC0:00 3E4FC1:01 3E4FC2:8B 3E4FC3:1E 3E4FBE:64 3E4FBF:8D 3E4FBC:00 3E4FBD:3E 3E4FBA:00 3E4FBB:01 3E4FB8:00 3E4FB9:00 3E4FB6:42 3E4FB7:45 3E4FB4:00 3E4FB5:00 3E4FB2:64 3E4FB3:8D 3E4FB0:00 3E4FB1:3E 3E4FAE:00 3E4FAF:22 3E4FAC:00 3E4FAD:00
W 18B26 48 3E4FE8:00 3E4FE9:3E 3E4FEA:52 3E4FEB:00 3E4FD6:00 3E4FD7:00 3E4FD4:00 3E4FD5:00 3E4FD2:42 3E4FD3:4D 3E4FD0:00 3E4FD1:3E 3E4FCC:00 3E4FCD:3E 3E4FCE:4F 3E4FCF:D8 3E4FCA:00 3E4FCB:91 3E4FC8:00 3E4FC9:00 3E4FC4:00 3E4FC5:01 3E4FC6:8B 3E4FC7:3E 3E4FC2:00 3E4FC3:10 3E4FC0:00 3E4FC1:00 3E9225:00 3E9224:35 3E9223:34 3E9222:31 3E9221:30 3E9220:30 3E921F:30 3E921E:30 3E921D:30 3E921C:30 3E921B:30 3E921A:30 3E9219:30 3E9218:30 3E9217:30 3E9216:30 3E9215:30 3E9214:30 3E9213:30 3E9212:30
W 18B5C 48 3E4FE8:00 3E4FE9:3E 3E4FEA:52 3E4FEB:00 3E4FD6:00 3E4FD7:00 3E4FD4:00 3E4FD5:00 3E4FD2:42 3E4FD3:15 3E4FD0:00 3E4FD1:3E 3E4FCC:00 3E4FCD:3E 3E4FCE:4F 3E4FCF:D8 3E4FCA:00 3E4FCB:AD 3E4FC8:00 3E4FC9:00 3E4FC4:00 3E4FC5:01 3E4FC6:8B 3E4FC7:74 3E4FC2:00 3E4FC3:02 3E4FC0:00 3E4FC1:00 3E4FBE:00 3E4FBF:1F 3E4FBC:00 3E4FBD:00 3E4FBA:00 3E4FBB:0C 3E4FB8:00 3E4FB9:00 3E4FB6:00 3E4FB7:00 3E4FB4:00 3E4FB5:00 3E91ED:00 3E91EC:44 3E91EB:41 3E91EA:30 3E91E9:30 3E91E8:30 3E91E7:30 3E91E6:30
W 18B76 48 3E4FEA:00 3E4FEB:0F 3E4FE8:00 3E4FE9:00 3E4FE6:00 3E4FE7:17 3E4FE4:00 3E4FE5:00 3E4FE2:00 3E4FE3:0F 3E4FE0:00 3E4FE1:00 3E4FDE:00 3E4FDF:4A 3E4FDC:00 3E4FDD:00 3E4FDA:00 3E4FDB:30 3E4FD8:00 3E4FD9:00 3E4FD6:63 3E4FD7:C4 3E4FD4:00 3E4FD5:2C 3E4FD2:00 3E4FD3:99 3E4FD0:00 3E4FD1:00 3E4FCC:00 3E4FCD:01 3E4FCE:8B 3E4FCF:FA 3E4FCA:63 3E4FCB:C4 3E4FC8:00 3E4FC9:2C 3E4FC6:00 3E4FC7:4B 3E4FC4:00 3E4FC5:00 3E4FC2:00 3E4FC3:40 3E4FC0:00 3E4FC1:00 3E4FBE:00 3E4FBF:30 3E4FBC:00 3E4FBD:00
W 18B92 0 
W 18C3C 28 3E4FEA:8C 3E4FEB:4A 3E4FE6:27 3E4FE7:00 3E4FE8:00 3E4FE9:01 3E4FE4:22 3E4FE5:68 3E4FE2:00 3E4FE3:C3 3E4FDE:22 3E4FDF:75 3E4FE0:00 3E4FE1:00 3E4FDA:00 3E4FDB:01 3E4FDC:85 3E4FDD:6A 3E4FD6:00 3E4FD7:01 3E4FD8:86 3E4FD9:58 3E4FD4:9C 3E4FD5:30 3E4FD0:27 3E4FD1:00 3E4FD2:00 3E4FD3:01
W 18C48 48 3E4FE6:00 3E4FE7:9F 3E4FE4:00 3E4FE5:00 3E4FE8:00 3E4FE9:00 3E4FEA:00 3E4FEB:00 3E4FE0:00 3E4FE1:01 3E4FE2:8C 3E4FE3:9C 3E4FDE:00 3E4FDF:0A 3E4FDC:00 3E4FDD:00 3E4FDA:04 3E4FDB:FC 3E4FD8:00 3E4FD9:20 3E4FD6:01 3E4FD7:11 3E4FD4:00 3E4FD5:00 3E4FD0:00 3E4FD1:01 3E4FD2:8D 3E4FD3:0C 3E4FCE:04 3E4FCF:FC 3E4FCC:00 3E4FCD:20 3E4FCA:00 3E4FCB:0A 3E4FC8:00 3E4FC9:00 3E4FC6:00 3E4FC7:11 3E4FC4:00 3E4FC5:00 3E4FC2:00 3E4FC3:06 3E4FC0:00 3E4FC1:00 3E4FBE:00 3E4FBF:0A 3E4FBC:00 3E4FBD:00
W 18CAA 0 
W 18CCE 46 3E4FEA:00 3E4FEB:60 3E4FE8:00 3E4FE9:00 3E4FE6:D2 3E4FE7:8C 3E4FE4:00 3E4FE5:22 3E4FE2:00 3E4FE3:A2 3E4FE0:00 3E4FE1:00 3E4FDC:00 3E4FDD:01 3E4FDE:8D 3E4FDF:0C 3E4FDA:D2 3E4FDB:8C 3E4FD8:00 3E4FD9:22 3E4FD6:00 3E4FD7:60 3E4FD4:00 3E4FD5:00 3E4FD2:00 3E4FD3:11 3E4FD0:00 3E4FD1:00 3E4FCE:00 3E4FCF:1E 3E4FCC:00 3E4FCD:00 3E4FCA:00 3E4FCB:10 3E4FC8:00 3E4FC9:00 3E4FC6:02 3E4FC7:88 3E4FC4:00 3E4FC5:00 3E4FE2:0E 3E4FE3:D9 3E4FC0:00 3E4FC1:01 3E4FC2:E7 3E4FC3:14
W 18CDE 46 3E4FEA:00 3E4FEB:04 3E4FE8:00 3E4FE9:00 3E4FE6:55 3E4FE7:EC 3E4FE4:00 3E4FE5:23 3E4FE2:00 3E4FE3:26 3E4FE0:00 3E4FE1:00 3E4FDC:00 3E4FDD:01 3E4FDE:8D 3E4FDF:0C 3E4FDA:55 3E4FDB:EC 3E4FD8:00 3E4FD9:23 3E4FD6:00 3E4FD7:04 3E4FD4:00 3E4FD5:00 3E4FD2:00 3E4FD3:10 3E4FD0:00 3E4FD1:00 3E4FCE:00 3E4FCF:01 3E4FCC:00 3E4FCD:00 3E4FCA:00 3E4FCB:1C 3E4FC8:00 3E4FC9:00 3E4FC6:05 3E4FC7:E8 3E4FC4:00 3E4FC5:00 3E4FE2:02 3E4FE3:83 3E4FC0:00 3E4FC1:01 3E4FC2:E7 3E4FC3:14
W 18D18 48 3E4FEA:0F 3E4FEB:48 3E4FE8:00 3E4FE9:3E 3E4FE6:02 3E4FE7:D8 3E4FE4:00 3E4FE5:3E 3E4FE0:00 3E4FE1:00 3E4FE2:10 3E4FE3:00 3E4FDE:70 3E4FDF:3C 3E4FDC:00 3E4FDD:20 3E4FD8:00 3E4FD9:00 3E4FDA:00 3E4FDB:33 3E4FD4:00 3E4FD5:01 3E4FD6:8D 3E4FD7:4E 3E4FD2:70 3E4FD3:3C 3E4FD0:00 3E4FD1:20 3E4FCE:08 3E4FCF:64 3E4FCC:00 3E4FCD:3E 3E4FCA:00 3E4FCB:1E 3E4FC8:00 3E4FC9:00 3E4FC6:00 3E4FC7:06 3E4FC4:00 3E4FC5:00 3E4FC2:00 3E4FC3:0E 3E4FC0:00 3E4FC1:00 3E4FBE:70 3E4FBF:00 3E4FBC:00 3E4FBD:00
W 18D88 44 3E4FEA:02 3E4FEB:D8 3E4FE8:00 3E4FE9:3E 3E4FE4:00 3E4FE5:01 3E4FE6:8D 3E4FE7:B2 3E4FE2:02 3E4FE3:D8 3E4FE0:00 3E4FE1:3E 3E4FDE:34 3E4FDF:00 3E4FDC:00 3E4FDD:3E 3E4FDA:8D 3E4FDB:24 3E4FD6:27 3E4FD7:00 3E4FD8:00 3E4FD9:01 3E4FD4:24 3E4FD5:68 3E4FD2:00 3E4FD3:2F 3E4FCE:24 3E4FCF:75 3E4FD0:00 3E4FD1:00 3E4FCA:00 3E4FCB:01 3E4FCC:85 3E4FCD:6A 3E4FC6:00 3E4FC7:01 3E4FC8:86 3E4FC9:58 3E4FC4:9C 3E4FC5:30 3E4FC0:27 3E4FC1:00 3E4FC2:00 3E4FC3:01
W 18DC4 0 
W 18DEA 23 3E4FF6:00 3E4FF7:00 3E4FEA:1C 3E4FEB:F6 3E4FE8:00 3E4FE9:3E 3E4FE6:00 3E4FE7:13 3E4FE4:00 3E4FE5:00 3E342F:01 3E3433:00 3E3422:41 3E3423:EE 3E342A:00 3E342B:00 3E3416:00 3E3417:00 3E3440:00 3E3441:00 3E3442:00 3E3443:B9 3E341B:04
W 18DF6 33 3E4FEA:1B 3E4FEB:C6 3E4FE8:00 3E4FE9:3E 3E4FE6:00 3E4FE7:1B 3E4FE4:00 3E4FE5:00 3E342F:01 3E3433:00 3E3422:00 3E3423:2F 3E342A:00 3E342B:00 3E3416:40 3E3417:14 3E3440:00 3E3441:00 3E3442:00 3E3443:16 3E4FE0:00 3E4FE1:01 3E4FE2:8E 3E4FE3:58 3E4FDE:34 3E4FDF:1B 3E4FDC:00 3E4FDD:3E 3E4FDA:00 3E4FDB:02 3E4FD8:00 3E4FD9:00 3E341B:02
W 18DFC 48 3E4FEA:1B 3E4FEB:C6 3E4FE8:00 3E4FE9:3E 3E4FE6:00 3E4FE7:0F 3E4FE4:00 3E4FE5:00 3E342F:01 3E3433:00 3E3422:00 3E3423:5C 3E342A:00 3E342B:00 3E3416:41 3E3417:21 3E3440:00 3E3441:00 3E3442:00 3E3443:4B 3E4FE0:00 3E4FE1:01 3E4FE2:8E 3E4FE3:58 3E4FDE:34 3E4FDF:1B 3E4FDC:00 3E4FDD:3E 3E4FDA:00 3E4FDB:01 3E4FD8:00 3E4FD9:00 3E4FD6:8A 3E4FD7:9E 3E4FD2:27 3E4FD3:04 3E4FD4:00 3E4FD5:01 3E4FD0:20 3E4FD1:52 3E4FCE:00 3E4FCF:4D 3E4FCA:20 3E4FCB:55 3E4FCC:00 3E4FCD:00 3E4FC6:00 3E4FC7:01
W 18E06 48 3E4FEA:1B 3E4FEB:C6 3E4FE8:00 3E4FE9:3E 3E4FE6:00 3E4FE7:1D 3E4FE4:00 3E4FE5:00 3E342F:01 3E3433:00 3E3422:00 3E3423:17 3E342A:00 3E342B:00 3E3416:41 3E3417:F6 3E3440:00 3E3441:00 3E3442:00 3E3443:B3 3E4FE0:00 3E4FE1:01 3E4FE2:8E 3E4FE3:58 3E4FDE:34 3E4FDF:1B 3E4FDC:00 3E4FDD:3E 3E4FDA:00 3E4FDB:1A 3E4FD8:00 3E4FD9:00 3E4FD6:8A 3E4FD7:9E 3E4FD2:27 3E4FD3:00 3E4FD4:00 3E4FD5:01 3E4FD0:20 3E4FD1:52 3E4FCE:00 3E4FCF:B5 3E4FCA:20 3E4FCB:55 3E4FCC:00 3E4FCD:00 3E4FC6:00 3E4FC7:01
W 18E66 48 3E4FEA:0F 3E4FEB:48 3E4FE8:00 3E4FE9:3E 3E4FE6:08 3E4FE7:64 3E4FE4:00 3E4FE5:3E 3E4FE2:0F 3E4FE3:48 3E4FE0:00 3E4FE1:3E 3E4FDE:00 3E4FDF:0D 3E4FDC:00 3E4FDD:00 3E4FD8:00 3E4FD9:01 3E4FDA:8E 3E4FDB:EE 3E4FD6:85 3E4FD7:49 3E4FD4:00 3E4FD5:01 3E4FD2:00 3E4FD3:80 3E4FD0:00 3E4FD1:00 3E4FCE:00 3E4FCF:0D 3E4FCC:00 3E4FCD:00 3E4FCA:00 3E4FCB:00 3E4FC8:00 3E4FC9:00 3E4FC6:00 3E4FC7:20 3E4FC4:00 3E4FC5:04 3E4FC2:84 3E4FC3:2C 3E4FC0:00 3E4FC1:24 3E4FBE:01 3E4FBF:CE 3E4FBC:00 3E4FBD:00
W 18F10 48 3E4FEA:19 3E4FEB:68 3E4FE8:00 3E4FE9:3E 3E4FE6:08 3E4FE7:64 3E4FE4:00 3E4FE5:3E 3E4FE2:00 3E4FE3:0D 3E4FE0:00 3E4FE1:00 3E4FDE:00 3E4FDF:15 3E4FDC:00 3E4FDD:00 3E4FDA:00 3E4FDB:10 3E4FD8:00 3E4FD9:00 3E4FD6:19 3E4FD7:68 3E4FD4:00 3E4FD5:3E 3E4FD2:01 3E4FD3:D2 3E4FD0:00 3E4FD1:00 3E4FCC:00 3E4FCD:01 3E4FCE:8F 3E4FCF:92 3E4FCA:19 3E4FCB:68 3E4FC8:00 3E4FC9:3E 3E4FC6:1C 3E4FC7:F6 3E4FC4:00 3E4FC5:3E 3E4FC2:00 3E4FC3:19 3E4FC0:00 3E4FC1:00 3E4FBE:00 3E4FBF:00 3E4FBC:00 3E4FBD:00
W 19010 48 3E4FEA:40 3E4FEB:00 3E4FE8:00 3E4FE9:3E 3E4FE6:08 3E4FE7:64 3E4FE4:00 3E4FE5:3E 3E4FE2:00 3E4FE3:1B 3E4FE0:00 3E4FE1:00 3E4FDE:00 3E4FDF:0C 3E4FDC:00 3E4FDD:00 3E4FDA:00 3E4FDB:B0 3E4FD8:00 3E4FD9:00 3E4FD6:00 3E4FD7:B0 3E4FD4:00 3E4FD5:00 3E4FD2:0C 3E4FD3:6B 3E4FD0:00 3E4FD1:00 3E4FCC:00 3E4FCD:01 3E4FCE:8F 3E4FCF:92 3E4FCA:00 3E4FCB:B0 3E4FC8:00 3E4FC9:00 3E4FC6:00 3E4FC7:80 3E4FC4:FF 3E4FC5:FE 3E4FC2:00 3E4FC3:1D 3E4FC0:00 3E4FC1:00 3E4FBE:00 3E4FBF:00 3E4FBC:00 3E4FBD:00
W 19032 0 
W 19054 48 3E4FE8:00 3E4FE9:3E 3E4FEA:52 3E4FEB:00 3E4FD6:41 3E4FD7:F7 3E4FD4:00 3E4FD5:3E 3E5006:02 3E5006:06 3E4FD2:00 3E4FD3:00 3E4FD0:00 3E4FD1:00 3E4FCC:00 3E4FCD:00 3E4FCE:00 3E4FCF:64 3E4FC8:00 3E4FC9:3E 3E4FCA:4F 3E4FCB:D8 3E4FC6:00 3E4FC7:A3 3E4FC4:00 3E4FC5:00 3E4FC0:00 3E4FC1:01 3E4FC2:90 3E4FC3:82 3E4FBE:64 3E4FBF:75 3E4FBC:00 3E4FBD:3E 3E4FBA:00 3E4FBB:01 3E4FB8:00 3E4FB9:00 3E4FB6:41 3E4FB7:F7 3E4FB4:00 3E4FB5:00 3E4FB2:64 3E4FB3:75 3E4FB0:00 3E4FB1:3E 3E4FAE:00 3E4FAF:A3
W 190C0 48 3E4FE8:00 3E4FE9:3E 3E4FEA:52 3E4FEB:00 3E4FD6:00 3E4FD7:00 3E4FD4:40 3E4FD5:96 3E4FD2:40 3E4FD3:96 3E4FD0:00 3E4FD1:3E 3E4FCC:00 3E4FCD:3E 3E4FCE:4F 3E4FCF:D8 3E4FCA:00 3E4FCB:D7 3E4FC8:00 3E4FC9:00 3E4FC4:00 3E4FC5:01 3E4FC6:90 3E4FC7:D8 3E4FC2:00 3E4FC3:16 3E4FC0:00 3E4FC1:00 3E4FBE:00 3E4FBF:09 3E4FBC:00 3E4FBD:00 3E4FBA:00 3E4FBB:09 3E4FB8:00 3E4FB9:00 3E4FB6:00 3E4FB7:0E 3E4FB4:00 3E4FB5:00 3E906E:00 3E906D:37 3E906C:44 3E906B:30 3E906A:30 3E9069:30 3E9068:30 3E9067:30
W 190DA 49 3E4FF6:44 3E4FFC:00 3E4FFD:00 3E4FEA:41 3E4FEB:75 3E4FE8:00 3E4FE9:00 3E4FE4:00 3E4FE5:3E 3E4FE6:4F 3E4FE7:F6 3E4FE0:00 3E4FE1:01 3E4FE2:90 3E4FE3:F2 3E4FDE:0F 3E4FDF:48 3E4FDC:00 3E4FDD:3E 3E4FDA:0F 3E4FDB:48 3E4FD8:00 3E4FD9:3E 3E4FD6:40 3E4FD7:00 3E4FD4:00 3E4FD5:3E 3E4FD2:00 3E4FD3:12 3E4FD0:00 3E4FD1:00 3E4FCC:00 3E4FCD:01 3E4FCE:8E 3E4FCF:EE 3E4FCA:00 3E4FCB:C7 3E4FC8:00 3E4FC9:00 3E4FC6:4F 3E4FC7:FC 3E4FC4:00 3E4FC5:3E 3E4FC2:00 3E4FC3:12 3E4FC0:00 3E4FC1:00 3E4FBE:00 3E4FBF:00
W 19366 48 3E340E:00 3E340F:00 3E4FE8:00 3E4FE9:01 3E4FEA:93 3E4FEB:80 3E3400:00 3E3401:00 3E3406:00 3E3407:00 3E3402:00 3E3403:00 3E3408:00 3E3409:00 3E340A:00 3E340B:00 3E3418:00 3E3436:00 3E3437:00 3E3434:00 3E3435:00 3E3419:00 3E343A:00 3E343B:00 3E3438:00 3E3439:00 3E341A:00 3E343E:00 3E343F:00 3E343C:00 3E343D:00 3E341B:00 3E3442:00 3E3443:00 3E3440:00 3E3441:00 200002:00 200003:00 200000:00 200001:00 200006:00 200007:00 200004:00 200005:00 20000A:00 20000B:00 200008:00 200009:00
W 1939C 30 3E3400:00 3E3401:00 3E3406:00 3E3407:00 3E3402:00 3E3403:00 3E3408:00 3E3409:00 3E340A:00 3E340B:00 3E3418:00 3E3436:00 3E3437:00 3E3434:00 3E3435:00 3E3419:00 3E343A:00 3E343B:00 3E3438:00 3E3439:00 3E341A:00 3E343E:00 3E343F:00 3E343C:00 3E343D:00 3E341B:00 3E3442:00 3E3443:00 3E3440:00 3E3441:00
W 193F2 0 
W 19404 0 
W 1940A 0 
W 1942A 9 3E4FEA:00 3E4FEB:13 3E4FE8:00 3E4FE9:00 3E4FE6:00 3E4FE7:15 3E4FE4:00 3E4FE5:00 3E4FF6:16
W 1946E 48 3E4FEA:00 3E4FEB:01 3E4FE8:00 3E4FE9:00 3E4FE6:00 3E4FE7:19 3E4FE4:00 3E4FE5:00 3E4FE2:00 3E4FE3:1F 3E4FE0:00 3E4FE1:00 3E4FDE:00 3E4FDF:09 3E4FDC:00 3E4FDD:00 3E413C:00 3E413B:30 3E413A:31 3E4139:31 3E4138:31 3E4137:31 3E4136:30 3E4135:30 3E4134:30 3E4133:30 3E4132:30 3E4131:30 3E4130:30 3E412F:30 3E412E:30 3E412D:30 3E412C:30 3E412B:30 3E412A:30 3E4129:30 3E4128:30 3E4127:30 3E4126:30 3E4125:30 3E4124:30 3E4123:30 3E4122:30 3E4121:30 3E4120:30 3E411F:30 3E411E:30 3E411D:30
W 19552 27 3E1CF6:20 3E1CF6:20 3E1CF7:97 3E1CF8:2C 3E1CF9:2C 3E1CFA:2C 3E1CFB:2C 3E1CFC:2C 3E1CFD:2C 3E1CFE:2C 3E1CFF:2C 3E1D00:2C 3E1D01:2C 3E1D02:2C 3E1D03:2C 3E1D04:2C 3E1D05:2C 3E1D06:2C 3E1D07:2C 3E1D08:2C 3E1D09:2C 3E1D0A:2C 3E1D0B:2C 3E1D0C:2C 3E1D0D:2C 3E1D0E:2C 3E1D0F:2C
W 195B4 48 3E4FEA:00 3E4FEB:1F 3E4FE8:00 3E4FE9:00 3E4FE6:00 3E4FE7:0A 3E4FE4:00 3E4FE5:00 3E4FE2:00 3E4FE3:14 3E4FE0:00 3E4FE1:00 3E4FDE:00 3E4FDF:08 3E4FDC:00 3E4FDD:00 3E4120:00 3E411F:31 3E411E:20 3E411D:20 3E411C:20 3E411B:20 3E411A:20 3E4119:20 3E4118:20 3E4117:20 3E4116:20 3E4115:20 3E4114:20 3E4113:20 3E4112:20 3E4111:20 3E4110:20 3E410F:20 3E410E:20 3E410D:20 3E410C:20 3E410B:20 3E410A:20 3E4109:20 3E4108:20 3E4107:20 3E4106:20 3E4105:20 3E4104:20 3E4103:20 3E4102:20 3E4101:20
W 1960A 40 3E1CF5:20 3E1CF4:20 3E1CF3:20 3E1CF2:20 3E1CF1:20 3E1CF0:20 3E1CEF:20 3E1CEE:20 3E1CED:20 3E1CEC:20 3E1CEB:20 3E1CEA:20 3E1CE9:20 3E1CE8:20 3E1CE7:20 3E1CE6:20 3E1CE5:20 3E1CE4:20 3E1CE3:20 3E1CE2:20 3E4FFE:42 3E4FFF:28 3E4FFA:27 3E4FFB:00 3E4FFC:00 3E4FFD:3E 3E4FF6:00 3E4FF7:01 3E4FF8:85 3E4FF9:F4 3E4FF2:00 3E4FF3:01 3E4FF4:86 3E4FF5:58 3E4FF0:9C 3E4FF1:30 3E4FEC:27 3E4FED:00 3E4FEE:00 3E4FEF:01
W 19614 12 3E4FEA:00 3E4FEB:1B 3E4FE8:00 3E4FE9:00 3E4282:00 3E4281:36 3E4280:33 3E427F:32 3E41FE:32 3E41FF:33 3E4200:36 3E4201:00
W 196AC 14 3E4FEA:00 3E4FEB:11 3E4FE8:00 3E4FE9:00 3E3675:00 3E3672:C8 3E3676:00 3E3673:C8 3E3677:00 3E3674:C8 3E367B:FF 3E367B:07 3E3D8E:84 3E3D8F:3F
W 19786 0 
W 1978E 4 3E4FEA:00 3E4FEB:1A 3E4FE8:00 3E4FE9:00
W 197D8 14 3E4FF0:00 3E4FF1:00 3E4FF2:01 3E4FF3:06 3E4FEC:00 3E4FED:01 3E4FEE:86 3E4FEF:58 3E4FEA:9C 3E4FEB:30 3E4FE6:27 3E4FE7:08 3E4FE8:00 3E4FE9:01
W 198C0 44 3E4FEA:08 3E4FEB:64 3E4FE8:00 3E4FE9:3E 3E4FE6:1C 3E4FE7:F6 3E4FE4:00 3E4FE5:3E 3E4FE2:00 3E4FE3:15 3E4FE0:00 3E4FE1:00 3E4FDE:00 3E4FDF:18 3E4FDC:00 3E4FDD:00 3E4FDA:98 3E4FDB:CE 3E4FD6:27 3E4FD7:00 3E4FD8:00 3E4FD9:01 3E4FD4:22 3E4FD5:6B 3E4FD2:42 3E4FD3:FD 3E4FCE:22 3E4FCF:75 3E4FD0:00 3E4FD1:3E 3E4FCA:00 3E4FCB:01 3E4FCC:85 3E4FCD:6A 3E4FC6:00 3E4FC7:01 3E4FC8:86 3E4FC9:58 3E4FC4:9C 3E4FC5:30 3E4FC0:27 3E4FC1:00 3E4FC2:00 3E4FC3:01
W 1997A 38 3E4012:00 3E4013:12 3E4FEA:00 3E4FEB:35 3E4016:07 3E4017:F4 3E4018:00 3E401A:9E 3E401C:28 3E401D:64 3E4FFE:9A 3E4FFF:24 3E4FFA:27 3E4FFB:04 3E4FFC:00 3E4FFD:01 3E4FF8:4E 3E4FF9:75 3E4FF6:40 3E4FF7:19 3E4FF2:4E 3E4FF3:76 3E4FF4:00 3E4FF5:3E 3E4FEE:00 3E4FEF:01 3E4FF0:85 3E4FF1:6A 3E4FEA:00 3E4FEB:01 3E4FEC:86 3E4FED:58 3E4FE8:9C 3E4FE9:30 3E4FE4:27 3E4FE5:04 3E4FE6:00 3E4FE7:01
W 19A24 49 3E4FEA:02 3E4FEB:D8 3E4FE8:00 3E4FE9:3E 3E4FE6:1C 3E4FE7:F6 3E4FE4:00 3E4FE5:3E 3E4FE2:00 3E4FE3:14 3E4FE0:00 3E4FE1:00 3E4FDE:00 3E4FDF:01 3E4FDC:00 3E4FDD:00 3E4FDA:00 3E4FDB:00 3E4FD8:00 3E4FD9:00 3E4FD6:00 3E4FD7:1B 3E4FD4:00 3E4FD5:00 3E4FD2:00 3E4FD3:0A 3E4FD0:00 3E4FD1:00 3E3FFF:00 3E4FCC:00 3E4FCD:00 3E4FCE:00 3E4FCF:00 3E4FCC:00 3E4FCD:01 3E4FCC:00 3E4FCD:02 3E4FCC:00 3E4FCD:03 3E4FCC:00 3E4FCD:04 3E4FCC:00 3E4FCD:05 3E4FCC:00 3E4FCD:06 3E4FCC:00 3E4FCD:07 3E4FCC:00 3E4FCD:08
W 19BB8 0 
W 19BD8 0 
W 19C00 0 
W 19C22 48 3E4FEA:9C 3E4FEB:2C 3E4FE6:00 3E4FE7:18 3E4FE8:00 3E4FE9:01 3E4FE4:08 3E4FE5:64 3E4FE2:00 3E4FE3:3E 3E4FE0:0F 3E4FE1:48 3E4FDE:00 3E4FDF:3E 3E4FDC:00 3E4FDD:F8 3E4FDA:00 3E4FDB:00 3E4FD8:27 3E4FD9:04 3E4FD6:00 3E4FD7:00 3E4FD2:00 3E4FD3:01 3E4FD4:33 3E4FD5:BC 3E4FD0:00 3E4FD1:0C 3E4FCE:00 3E4FCF:00 3E3675:00 3E3672:C8 3E3676:00 3E3673:C8 3E3677:00 3E3674:C8 3E367B:FF 3E367B:07 3E3D8E:84 3E3D8F:3F 3E4FD2:00 3E4FD3:01 3E4FD4:33 3E4FD5:C8 3E4FCE:00 3E4FCF:01 3E4FD0:33 3E4FD1:F8
W 19C2E 6 3E4FEA:9C 3E4FEB:30 3E4FE6:27 3E4FE7:00 3E4FE8:00 3E4FE9:01
W 19C3C 38 3E4FEA:00 3E4FEB:16 3E4FE8:00 3E4FE9:00 3E4FE6:00 3E4FE7:00 3E4FE4:00 3E4FE5:00 3E4FE0:00 3E4FE1:01 3E4FE2:9C 3E4FE3:4E 3E367E:00 3E367F:00 3E367C:FF 3E3680:FF 3E367D:FF 3E3681:FF 3E4FE0:00 3E4FE1:01 3E4FE2:9C 3E4FE3:5C 3E3686:00 3E3687:00 3E3684:FF 3E3688:FF 3E3685:FF 3E3689:FF 3E4FE0:00 3E4FE1:01 3E4FE2:9C 3E4FE3:6A 3E368E:00 3E368F:00 3E368C:FF 3E3690:FF 3E368D:FF 3E3691:FF
W 19C70 6 3E0F4A:FF 3E0F4B:00 3E0F48:00 3E0F4C:01 3E0F49:10 3E0F4D:10
W 19CCC 0 
W 19CD0 0 
W 19F3E 48 3E4FEA:08 3E4FEB:64 3E4FE8:00 3E4FE9:3E 3E4FE6:02 3E4FE7:D8 3E4FE4:00 3E4FE5:3E 3E4FE2:00 3E4FE3:10 3E4FE0:00 3E4FE1:00 3E3704:0D 3E36E8:00 3E3D5A:00 3E3D5B:3E 3E3D5C:3D 3E3D5D:46 3E3D56:00 3E3D57:3E 3E3D58:3D 3E3D59:46 3E3D66:00 3E3D67:3E 3E3D68:3D 3E3D69:5E 3E3D62:00 3E3D63:3E 3E3D64:3D 3E3D65:5E 3E3D6A:00 3E3D0E:00 3E3D0F:3E 3E3D10:37 3E3D11:0E 3E370E:00 3E370F:3E 3E3710:37 3E3711:6E 3E3722:00 3E3716:00 3E3717:00 3E3724:00 3E3732:00 3E3733:00 3E376D:00 3E376E:00 3E376F:3E
W 1A05A 28 3E4FEA:A0 3E4FEB:68 3E4FE6:27 3E4FE7:04 3E4FE8:00 3E4FE9:01 3E4FE4:42 3E4FE5:A8 3E4FE2:00 3E4FE3:BB 3E4FDE:42 3E4FDF:B5 3E4FE0:00 3E4FE1:00 3E4FDA:00 3E4FDB:01 3E4FDC:85 3E4FDD:6A 3E4FD6:00 3E4FD7:01 3E4FD8:86 3E4FD9:58 3E4FD4:9C 3E4FD5:30 3E4FD0:27 3E4FD1:04 3E4FD2:00 3E4FD3:01
W 1A0CC 0 
W 1A100 5 3E4FEA:00 3E4FEB:1A 3E4FE8:00 3E4FE9:00 3E36FE:00
W 1A14E 48 3E4FEA:00 3E4FEB:1C 3E4FE8:00 3E4FE9:00 3E36D4:E5 3E4FE6:00 3E4FE7:00 3E4FE4:00 3E4FE5:00 3E4FE0:00 3E4FE1:01 3E4FE2:A1 3E4FE3:8C 3E4FDE:00 3E4FDF:00 3E4FDC:00 3E4FDD:00 3E36FE:04 3E4FDA:00 3E4FDB:00 3E4FD8:00 3E4FD9:00 3E4FD4:00 3E4FD5:01 3E4FD6:A1 3E4FD7:48 3E4FD2:00 3E4FD3:07 3E4FD0:00 3E4FD1:00 3E4FCE:00 3E4FCF:00 3E4FCC:00 3E4FCD:00 3E36DE:00 3E36DF:01 3E36E0:9C 3E36E1:F0 3E4FCA:00 3E4FCB:01 3E4FC8:00 3E4FC9:00 3E4FC4:00 3E4FC5:3E 3E4FC6:3D 3E4FC7:16 3E4FC0:00 3E4FC1:01
W 1A1CA 47 3E4FEA:19 3E4FEB:68 3E4FE8:00 3E4FE9:3E 3E4FE6:02 3E4FE7:D8 3E4FE4:00 3E4FE5:3E 3E4FE2:00 3E4FE3:0C 3E4FE0:00 3E4FE1:00 3E4FDE:00 3E4FDF:1A 3E4FDC:00 3E4FDD:00 3E4FDA:00 3E4FDB:4A 3E4FD8:00 3E4FD9:00 3E4FD4:00 3E4FD5:01 3E4FD6:A3 3E4FD7:BC 3E4FD2:B6 3E4FD3:74 3E4FD0:00 3E4FD1:01 3E4FCE:37 3E4FCF:0E 3E4FCC:00 3E4FCD:3E 3E4FCA:00 3E4FCB:0B 3E4FC8:00 3E4FC9:00 3E4FC6:00 3E4FC7:0C 3E4FC4:00 3E4FC5:00 3E4FC2:00 3E4FC3:4A 3E4FC0:00 3E4FC1:00 3E3D6F:4A 3E3D74:01 3E3D75:00
W 1A230 21 3E36E8:E9 3E4FFE:40 3E4FFF:0A 3E4FFA:27 3E4FFB:00 3E4FFC:00 3E4FFD:3E 3E4FF6:00 3E4FF7:01 3E4FF8:85 3E4FF9:9E 3E4FF2:00 3E4FF3:01 3E4FF4:86 3E4FF5:58 3E4FF0:9C 3E4FF1:30 3E4FEC:27 3E4FED:00 3E4FEE:00 3E4FEF:01
W 1A23C 24 3E404E:D3 3E404F:9E 3E4FFE:BE 3E4FFF:CD 3E4FFC:41 3E4FFD:38 3E4FF8:27 3E4FF9:04 3E4FFA:00 3E4FFB:3E 3E4FF4:00 3E4FF5:01 3E4FF6:85 3E4FF7:7C 3E4FF0:00 3E4FF1:01 3E4FF2:86 3E4FF3:58 3E4FEE:9C 3E4FEF:30 3E4FEA:27 3E4FEB:04 3E4FEC:00 3E4FED:01
W 1A248 23 3E51FE:52 3E51FF:00 3E42AA:F4 3E4FFE:40 3E4FFF:14 3E4FFA:27 3E4FFB:00 3E4FFC:00 3E4FFD:3E 3E4FF6:00 3E4FF7:01 3E4FF8:85 3E4FF9:7C 3E4FF2:00 3E4FF3:01 3E4FF4:86 3E4FF5:58 3E4FF0:9C 3E4FF1:30 3E4FEC:27 3E4FED:00 3E4FEE:00 3E4FEF:01
W 1A256 24 3E4FE8:00 3E4FE9:01 3E4FEA:A2 3E4FEB:5C 3E4FE6:00 3E4FE7:00 3E4FE2:27 3E4FE3:00 3E4FE4:00 3E4FE5:00 3E4FDE:00 3E4FDF:01 3E4FE0:85 3E4FE1:7C 3E4FDA:00 3E4FDB:01 3E4FDC:86 3E4FDD:58 3E4FD8:9C 3E4FD9:30 3E4FD4:27 3E4FD5:00 3E4FD6:00 3E4FD7:01
W 1A260 0 
W 1A284 28 3E4FFE:A3 3E4FFF:E6 3E4FFA:27 3E4FFB:02 3E4FFC:00 3E4FFD:01 3E4FF8:4E 3E4FF9:75 3E4FF6:42 3E4FF7:4F 3E4FF2:4E 3E4FF3:76 3E4FF4:00 3E4FF5:3E 3E4FEE:00 3E4FEF:01 3E4FF0:85 3E4FF1:6A 3E4FEA:00 3E4FEB:01 3E4FEC:86 3E4FED:58 3E4FE8:9C 3E4FE9:30 3E4FE4:27 3E4FE5:02 3E4FE6:00 3E4FE7:01
W 1A2C6 28 3E4FFE:42 3E4FFF:E4 3E4FFA:27 3E4FFB:04 3E4FFC:00 3E4FFD:3E 3E4FF8:67 3E4FF9:5B 3E4FF6:43 3E4FF7:3F 3E4FF2:67 3E4FF3:56 3E4FF4:00 3E4FF5:3E 3E4FEE:00 3E4FEF:01 3E4FF0:85 3E4FF1:6A 3E4FEA:00 3E4FEB:01 3E4FEC:86 3E4FED:58 3E4FE8:9C 3E4FE9:30 3E4FE4:27 3E4FE5:04 3E4FE6:00 3E4FE7:01
W 1A318 28 3E4FFE:40 3E4FFF:70 3E4FFA:27 3E4FFB:08 3E4FFC:00 3E4FFD:3E 3E4FF8:B5 3E4FF9:79 3E4FF6:27 3E4FF7:3B 3E4FF2:B5 3E4FF3:75 3E4FF4:E2 3E4FF5:E5 3E4FEE:00 3E4FEF:01 3E4FF0:85 3E4FF1:6A 3E4FEA:00 3E4FEB:01 3E4FEC:86 3E4FED:58 3E4FE8:9C 3E4FE9:30 3E4FE4:27 3E4FE5:08 3E4FE6:00 3E4FE7:01
W 1A3E6 48 3E4FEA:40 3E4FEB:00 3E4FE8:00 3E4FE9:3E 3E4FE6:08 3E4FE7:64 3E4FE4:00 3E4FE5:3E 3E4FE2:1C 3E4FE3:F6 3E4FE0:00 3E4FE1:3E 3E4FDE:19 3E4FDF:68 3E4FDC:00 3E4FDD:3E 3E4FDA:00 3E4FDB:1F 3E4FD8:00 3E4FD9:00 3E4FD6:00 3E4FD7:04 3E4FD4:00 3E4FD5:00 3E4FD2:00 3E4FD3:18 3E4FD0:00 3E4FD1:00 3E4FCE:00 3E4FCF:0A 3E4FCC:00 3E4FCD:00 3E3D0E:00 3E3D0F:3E 3E3D10:39 3E3D11:AE 3E3B44:0F 3E3B48:10 3E3B49:00 3E3B4C:08 3E3B4D:7F 3E3B30:00 3E3B31:00 3E3B2E:00 3E3B2F:00 3E3B8D:00 3E3B8C:00 3E3B8B:00
W 1A58A 0 
W 1A5F0 49 3E4FE8:00 3E4FE9:3E 3E4FEA:52 3E4FEB:00 3E4FDA:1B 3E4FDB:C6 3E4FD8:00 3E4FD9:3E 3E4FD6:02 3E4FD7:D8 3E4FD4:00 3E4FD5:3E 3E4FD2:08 3E4FD3:64 3E4FD0:00 3E4FD1:3E 3E4FCE:00 3E4FCF:0E 3E4FCC:00 3E4FCD:00 3E4FCA:00 3E4FCB:11 3E4FC8:00 3E4FC9:00 3E4FC6:00 3E4FC7:07 3E4FC4:00 3E4FC5:00 3E4FC2:00 3E4FC3:10 3E4FC0:00 3E4FC1:00 3E4FBE:00 3E4FBF:02 3E4FBC:00 3E4FBD:00 3E36EC:00 3E4FE4:00 3E4FE5:00 3E4FE6:00 3E4FE7:26 3E4FBA:A6 3E4FBB:1A 3E4FB6:27 3E4FB7:08 3E4FB8:00 3E4FB9:01 3E4FB4:4A 3E4FB5:92
W 1A8C0 49 3E087E:00 3E087F:00 3E086A:07 3E086B:08 3E0868:07 3E0869:07 3E087E:80 3E087F:00 3E086A:07 3E086B:09 3E0868:07 3E0869:07 3E086A:07 3E086B:0A 3E0868:07 3E0869:07 3E086A:07 3E086B:0B 3E0868:07 3E0869:07 3E086A:07 3E086B:0C 3E0868:07 3E0869:07 3E086A:07 3E086B:0D 3E0868:07 3E0869:07 3E086A:07 3E086B:0E 3E0868:07 3E0869:07 3E0880:FF 3E0881:A0 3E1BC6:01 3E086A:07 3E086B:0F 3E0868:07 3E0869:07 3E086A:07 3E086B:10 3E0868:07 3E0869:07 3E0886:07 3E0887:07 3E086C:00 3E086D:00 3E0870:07 3E0871:07
W 1ACE0 0 
W 1ACEC 49 3E1981:00 3E196E:00 3E196F:01 3E196C:00 3E196D:00 3E196E:00 3E196F:02 3E196C:00 3E196D:00 3E198A:00 3E198B:00 3E1970:00 3E1971:00 3E1974:50 3E1975:00 3E1972:00 3E1973:00 3E1976:00 3E1977:00 3E1978:4E 3E1979:00 3E198A:00 3E198B:00 3E197F:03 3E197B:00 3E51FC:00 3E51FD:3E 3E51FE:19 3E51FF:68 3E51F6:00 3E51F7:00 3E51F8:00 3E51F9:00 3E1968:00 3E1969:3E 3E196A:32 3E196B:FE 3E3D0E:9C 3E3D0F:00 3E3D10:00 3E3D11:00 3E51FC:00 3E51FD:3E 3E51FE:19 3E51FF:68 3E51F6:00 3E51F7:00 3E51F8:00 3E51F9:01
W 1ACF6 48 3E02F2:00 3E02F3:30 3E02DE:00 3E02DF:01 3E02DC:00 3E02DD:00 3E02DE:00 3E02DF:02 3E02DC:00 3E02DD:00 3E02FA:00 3E02FB:00 3E02E0:00 3E02E1:00 3E02E4:50 3E02E5:00 3E02E2:00 3E02E3:00 3E02E6:00 3E02E7:00 3E02E8:4F 3E02E9:A0 3E02FA:00 3E02FB:00 3E02EF:03 3E4FEA:00 3E4FEB:3E 3E4FE8:00 3E4FE9:00 3E4FE6:02 3E4FE7:D8 3E4FE4:00 3E4FE5:3E 3E4FE0:00 3E4FE1:01 3E4FE2:AF 3E4FE3:78 3E4FDE:00 3E4FDF:30 3E4FDC:00 3E4FDD:00 3E4FDA:00 3E4FDB:30 3E4FD8:00 3E4FD9:00 3E0330:00 3E0331:14 3E0334:00
W 1AD04 48 3E02EE:30 3E02DE:00 3E02DF:01 3E02DC:00 3E02DD:00 3E02DE:00 3E02DF:02 3E02DC:00 3E02DD:00 3E02FA:00 3E02FB:00 3E02E0:00 3E02E1:00 3E02E4:50 3E02E5:00 3E02E2:00 3E02E3:00 3E02E6:00 3E02E7:00 3E02E8:50 3E02E9:00 3E02FA:00 3E02FB:00 3E02EF:03 3E4FEA:00 3E4FEB:3E 3E4FE8:00 3E4FE9:00 3E4FE6:02 3E4FE7:D8 3E4FE4:00 3E4FE5:3E 3E4FE0:00 3E4FE1:01 3E4FE2:AF 3E4FE3:78 3E4FDE:00 3E4FDF:30 3E4FDC:00 3E4FDD:00 3E4FDA:00 3E4FDB:00 3E4FD8:00 3E4FD9:00 3E0330:00 3E0331:14 3E0334:00 3E02EB:00
W 1AD20 49 3E02DE:00 3E02DF:01 3E02DC:00 3E02DD:00 3E02DE:00 3E02DF:02 3E02DC:00 3E02DD:00 3E02FA:00 3E02FB:00 3E02E0:00 3E02E1:00 3E02E4:50 3E02E5:00 3E02E2:00 3E02E3:00 3E02E6:00 3E02E7:00 3E02E8:50 3E02E9:00 3E02FA:00 3E02FB:00 3E02EF:03 3E4FEA:00 3E4FEB:3E 3E4FE8:00 3E4FE9:00 3E4FE6:02 3E4FE7:D8 3E4FE4:00 3E4FE5:3E 3E4FE0:00 3E4FE1:01 3E4FE2:AF 3E4FE3:78 3E4FDE:00 3E4FDF:30 3E4FDC:00 3E4FDD:00 3E4FDA:00 3E4FDB:00 3E4FD8:00 3E4FD9:00 3E0330:00 3E0331:14 3E0334:00 3E02EB:00 3E51FC:00 3E51FD:3E
W 1AD42 48 3E0880:07 3E0881:00 3E0F48:FF 3E086A:07 3E086B:08 3E0868:07 3E0869:07 3E086A:07 3E086B:09 3E0868:07 3E0869:07 3E087E:00 3E087F:DF 3E086A:07 3E086B:0A 3E0868:07 3E0869:07 3E087E:A1 3E087F:DF 3E086A:07 3E086B:0B 3E0868:07 3E0869:07 3E086A:07 3E086B:0C 3E0868:07 3E0869:07 3E086A:07 3E086B:0D 3E0868:07 3E0869:07 3E086A:07 3E086B:0E 3E0868:07 3E0869:07 3E0880:FF 3E0881:A0 3E0F48:FF 3E086A:07 3E086B:0F 3E0868:07 3E0869:07 3E086A:07 3E086B:10 3E0868:07 3E0869:07 3E0886:07 3E0887:07
W 1AD54 40 3E1D0F:10 3E1CFC:50 3E1CFD:C7 3E1CFA:00 3E1CFB:00 3E1CFC:50 3E1CFD:C8 3E1CFA:00 3E1CFB:00 3E1D18:00 3E1D19:00 3E1CFE:00 3E1CFF:00 3E1D02:40 3E1D03:10 3E1D00:00 3E1D01:01 3E1D02:E0 3E1D03:10 3E1D00:00 3E1D01:01 3E1D04:7F 3E1D05:FF 3E1D06:FF 3E1D07:FF 3E1D18:00 3E1D19:00 3E1D09:80 3E51FC:00 3E51FD:3E 3E51FE:1C 3E51FF:F6 3E51F6:00 3E51F7:00 3E51F8:00 3E51F9:00 3E36FA:70 3E02D8:00 3E36FC:00 3E51FB:00
W 1AD60 48 3E1982:01 3E1983:00 3E196E:00 3E196F:01 3E196C:00 3E196D:00 3E196E:00 3E196F:02 3E196C:00 3E196D:00 3E198A:00 3E198B:00 3E1970:00 3E1971:00 3E1974:50 3E1975:00 3E1972:00 3E1973:00 3E1976:00 3E1977:00 3E1978:4E 3E1979:00 3E198A:00 3E198B:00 3E197F:03 3E197B:00 3E51FC:00 3E51FD:3E 3E51FE:19 3E51FF:68 3E51F6:00 3E51F7:00 3E51F8:00 3E51F9:00 3E1968:00 3E1969:3E 3E196A:32 3E196B:FE 3E3D0E:9C 3E3D0F:00 3E3D10:00 3E3D11:00 3E51FC:00 3E51FD:3E 3E51FE:19 3E51FF:68 3E51F6:00 3E51F7:00
W 1AD6E 0 
W 1AD82 48 3E4FEA:19 3E4FEB:68 3E4FE8:00 3E4FE9:3E 3E4FE6:00 3E4FE7:06 3E4FE4:00 3E4FE5:00 3E4FE0:00 3E4FE1:01 3E4FE2:AD 3E4FE3:8E 3E19C5:00 3E19C6:00 3E196E:00 3E196F:01 3E196C:00 3E196D:00 3E196E:00 3E196F:02 3E196C:00 3E196D:00 3E198A:00 3E198B:00 3E1970:00 3E1971:00 3E1974:50 3E1975:00 3E1972:00 3E1973:00 3E1976:00 3E1977:00 3E1978:4E 3E1979:00 3E198A:00 3E198B:00 3E197F:03 3E197B:00 3E51FC:00 3E51FD:3E 3E51FE:19 3E51FF:68 3E51F6:00 3E51F7:00 3E51F8:00 3E51F9:00 3E1968:00 3E1969:3E
W 1AD9A 48 3E0335:00 3E02DE:00 3E02DF:01 3E02DC:00 3E02DD:00 3E02DE:00 3E02DF:02 3E02DC:00 3E02DD:00 3E02FA:00 3E02FB:00 3E02E0:00 3E02E1:00 3E02E4:50 3E02E5:00 3E02E2:00 3E02E3:00 3E02E6:00 3E02E7:00 3E02E8:50 3E02E9:00 3E02FA:00 3E02FB:00 3E02EF:03 3E4FEA:00 3E4FEB:3E 3E4FE8:00 3E4FE9:00 3E4FE6:02 3E4FE7:D8 3E4FE4:00 3E4FE5:3E 3E4FE0:00 3E4FE1:01 3E4FE2:AF 3E4FE3:78 3E4FDE:00 3E4FDF:30 3E4FDC:00 3E4FDD:00 3E4FDA:00 3E4FDB:00 3E4FD8:00 3E4FD9:00 3E0330:00 3E0331:14 3E0334:00 3E02EB:00
W 1ADA2 48 3E405D:00 3E4006:D1 3E4007:43 3E4004:F6 3E4005:C4 3E4006:D1 3E4007:44 3E4004:F6 3E4005:C4 3E4022:49 3E4023:D8 3E4008:00 3E4009:00 3E4024:C8 3E4004:37 3E4005:D7 3E4006:80 3E4007:7A 3E4006:80 3E4007:7B 3E4004:37 3E4005:D7 3E4006:80 3E4007:7C 3E4004:37 3E4005:D7 3E4022:00 3E4023:00 3E4008:00 3E4009:00 3E4024:C7 3E4004:70 3E4005:27 3E4006:83 3E4007:91 3E4006:83 3E4007:92 3E4004:70 3E4005:27 3E4006:83 3E4007:93 3E4004:70 3E4005:27 3E4022:00 3E4023:00 3E4008:00 3E4009:00 3E4024:C6
W 1ADB0 48 3E4FEA:40 3E4FEB:00 3E4FE8:00 3E4FE9:3E 3E4FE6:00 3E4FE7:04 3E4FE4:00 3E4FE5:00 3E4FE0:00 3E4FE1:01 3E4FE2:AD 3E4FE3:BC 3E4006:59 3E4007:84 3E4004:36 3E4005:4F 3E4006:59 3E4007:85 3E4004:36 3E4005:4F 3E4006:59 3E4007:86 3E4004:36 3E4005:4F 3E4006:59 3E4007:87 3E4004:36 3E4005:4F 3E4004:00 3E4005:00 3E4006:00 3E4007:00 3E4006:00 3E4007:01 3E4004:00 3E4005:00 3E4006:00 3E4007:02 3E4004:00 3E4005:00 3E4022:1A 3E4023:92 3E4008:00 3E4009:00 3E400C:1D 3E400D:40 3E400A:E0 3E400B:9E
W 1ADCC 49 3E4FEA:0F 3E4FEB:48 3E4FE8:00 3E4FE9:3E 3E4FE6:00 3E4FE7:03 3E4FE4:00 3E4FE5:00 3E4FE0:00 3E4FE1:01 3E4FE2:AD 3E4FE3:D8 3E0F4E:00 3E0F4F:01 3E0F4C:00 3E0F4D:00 3E0F4E:00 3E0F4F:02 3E0F4C:00 3E0F4D:00 3E0F4E:00 3E0F4F:03 3E0F4C:00 3E0F4D:00 3E0F4E:00 3E0F4F:04 3E0F4C:00 3E0F4D:00 3E0F4C:FE 3E0F4D:32 3E0F4E:3E 3E0F4F:00 3E0F4E:3E 3E0F4F:01 3E0F4C:FE 3E0F4D:32 3E0F4E:3E 3E0F4F:02 3E0F4C:FE 3E0F4D:32 3E0F6A:00 3E0F6B:00 3E0F50:00 3E0F51:00 3E0F5B:00 3E0F5E:00 3E0F5C:00 3E0FA0:00 3E0FA1:00
W 1ADE2 49 3E4FEA:1C 3E4FEB:F6 3E4FE8:00 3E4FE9:3E 3E4FE6:00 3E4FE7:0B 3E4FE4:00 3E4FE5:00 3E4FE0:00 3E4FE1:01 3E4FE2:AD 3E4FE3:EE 3E1CFC:50 3E1CFD:C7 3E1CFA:00 3E1CFB:00 3E1CFC:50 3E1CFD:C8 3E1CFA:00 3E1CFB:00 3E1CFC:50 3E1CFD:C9 3E1CFA:00 3E1CFB:00 3E1CFC:50 3E1CFD:CA 3E1CFA:00 3E1CFB:00 3E1CFA:20 3E1CFB:30 3E1CFC:E7 3E1CFD:48 3E1CFC:E7 3E1CFD:49 3E1CFA:20 3E1CFB:30 3E1CFC:E7 3E1CFD:4A 3E1CFA:20 3E1CFB:30 3E1D18:00 3E1D19:00 3E1CFE:00 3E1CFF:00 3E1D09:00 3E1D0C:00 3E1D0A:00 3E1D4E:00 3E1D4F:00
W 1ADF8 48 3E4FEA:40 3E4FEB:00 3E4FE8:00 3E4FE9:3E 3E4FE6:00 3E4FE7:01 3E4FE4:00 3E4FE5:00 3E4FE0:00 3E4FE1:01 3E4FE2:AE 3E4FE3:04 3E4006:7D 3E4007:2A 3E4004:AD 3E4005:E5 3E4006:7D 3E4007:2B 3E4004:AD 3E4005:E5 3E4006:7D 3E4007:2C 3E4004:AD 3E4005:E5 3E4006:7D 3E4007:2D 3E4004:AD 3E4005:E5 3E4004:00 3E4005:00 3E4006:00 3E4007:00 3E4006:00 3E4007:01 3E4004:00 3E4005:00 3E4006:00 3E4007:02 3E4004:00 3E4005:00 3E4022:76 3E4023:B9 3E4008:00 3E4009:00 3E400C:BB 3E400D:96 3E400A:19 3E400B:DA
W 1AE0E 0 
W 1AE2A 49 3E0FA6:F4 3E0F4E:00 3E0F4F:01 3E0F4C:00 3E0F4D:00 3E0F4E:00 3E0F4F:02 3E0F4C:00 3E0F4D:00 3E0F6A:00 3E0F6B:00 3E0F50:00 3E0F51:00 3E0F54:50 3E0F55:00 3E0F52:00 3E0F53:00 3E0F56:00 3E0F57:00 3E0F58:50 3E0F59:00 3E0F6A:00 3E0F6B:00 3E0F5F:03 3E0F5B:00 3E51FC:00 3E51FD:3E 3E51FE:0F 3E51FF:48 3E51F6:00 3E51F7:00 3E51F8:00 3E51F9:00 3E0F48:00 3E0F49:3E 3E0F4A:32 3E0F4B:FE 3E3D0E:FF 3E3D0F:00 3E3D10:00 3E3D11:00 3E51FC:00 3E51FD:3E 3E51FE:0F 3E51FF:48 3E51F6:00 3E51F7:00 3E51F8:00 3E51F9:01
W 1AE3C 49 3E405F:05 3E4006:31 3E4007:97 3E4004:5A 3E4005:BF 3E4006:31 3E4007:98 3E4004:5A 3E4005:BF 3E4022:43 3E4023:93 3E4008:00 3E4009:00 3E400C:6D 3E400D:D9 3E400A:E6 3E400B:35 3E400E:E6 3E400F:34 3E4010:EC 3E4011:91 3E4FEA:00 3E4FEB:02 3E4FE8:00 3E4FE9:00 3E4FE6:40 3E4FE7:00 3E4FE4:00 3E4FE5:3E 3E4FE0:00 3E4FE1:01 3E4FE2:AF 3E4FE3:78 3E4FDE:00 3E4FDF:00 3E4FDC:00 3E4FDD:00 3E4FDA:40 3E4FDB:A4 3E4FD8:00 3E4FD9:00 3E4058:04 3E4059:45 3E405C:03 3E4016:41 3E4016:0F 3E4013:00 3E51FC:00 3E51FD:3E
W 1B06E 8 3E4FEA:00 3E4FEB:09 3E4FE8:00 3E4FE9:00 3E4FE6:00 3E4FE7:08 3E4FE4:00 3E4FE5:00
W 1B11C 13 3E3D6C:07 3E3D78:00 3E3D79:00 3E3D76:00 3E3D77:00 3E3D74:00 3E3D75:00 3E3D72:00 3E3D73:00 3E3D8E:84 3E3D8F:3F 3E3D8E:84 3E3D8F:3F
W 1B166 17 3E4FEA:08 3E4FEB:64 3E4FE8:00 3E4FE9:3E 3E4FE6:40 3E4FE7:00 3E4FE4:00 3E4FE5:3E 3E4FE2:00 3E4FE3:1D 3E4FE0:00 3E4FE1:00 3E4FDE:00 3E4FDF:00 3E4FDC:00 3E4FDD:00 3E3D6C:02
W 1B1D2 23 3E4FEA:02 3E4FEB:D8 3E4FE8:00 3E4FE9:3E 3E4FE6:02 3E4FE7:D8 3E4FE4:00 3E4FE5:3E 3E4FE2:00 3E4FE3:08 3E4FE0:00 3E4FE1:00 3E4FDE:00 3E4FDF:13 3E4FDC:00 3E4FDD:00 3E4FDA:00 3E4FDB:17 3E4FD8:00 3E4FD9:00 3E3D6E:74 3E3D72:01 3E3D73:00
W 1B2B2 8 3E4FEA:00 3E4FEB:04 3E4FE8:00 3E4FE9:00 3E4FE6:00 3E4FE7:04 3E4FE4:00 3E4FE5:00
W 1B306 0 
W 1B42E 49 3E4FEA:00 3E4FEB:00 3E4FE8:00 3E4FE9:00 3E4FE6:00 3E4FE7:1A 3E4FE4:00 3E4FE5:00 3E4FE2:00 3E4FE3:03 3E4FE0:00 3E4FE1:00 3E36DA:06 3E36DB:C0 3E36DC:06 3E36DD:CC 3E4FDE:06 3E4FDF:CC 3E4FDC:06 3E4FDD:C0 3E4FD8:00 3E4FD9:01 3E4FDA:B4 3E4FDB:5A 3E4FD6:1B 3E4FD7:C6 3E4FD4:00 3E4FD5:3E 3E4FD2:0F 3E4FD3:48 3E4FD0:00 3E4FD1:3E 3E4FCE:00 3E4FCF:1A 3E4FCC:00 3E4FCD:00 3E4FCA:00 3E4FCB:0F 3E4FC8:00 3E4FC9:00 3E3D6C:02 3E36DE:00 3E36DF:01 3E36E0:9D 3E36E1:B6 3E4FDE:00 3E4FDF:00 3E4FDC:00 3E4FDD:00
W 1B4BE 48 3E4FEA:00 3E4FEB:06 3E4FE8:00 3E4FE9:00 3E4FE6:00 3E4FE7:1A 3E4FE4:00 3E4FE5:00 3E3D8E:84 3E3D8F:3F 3E4FE0:00 3E4FE1:00 3E4FE2:00 3E4FE3:01 3E4FDE:00 3E4FDF:00 3E4FDC:00 3E4FDD:00 3E4FDA:00 3E4FDB:00 3E4FD8:00 3E4FD9:48 3E4FD4:00 3E4FD5:01 3E4FD6:B4 3E4FD7:F0 3E4FD4:00 3E4FD5:00 3E4FD6:00 3E4FD7:01 3E4FD0:00 3E4FD1:00 3E4FD2:00 3E4FD3:01 3E4FCE:00 3E4FCF:00 3E4FCC:00 3E4FCD:48 3E4FC8:00 3E4FC9:01 3E4FCA:B5 3E4FCB:00 3E4FCA:00 3E4FCB:00 3E4FC8:00 3E4FC9:00 3E4FC4:00 3E4FC5:00
W 1B538 48 3E4FEA:1C 3E4FEB:F6 3E4FE8:00 3E4FE9:3E 3E4FE6:19 3E4FE7:68 3E4FE4:00 3E4FE5:3E 3E4FE2:0F 3E4FE3:48 3E4FE0:00 3E4FE1:3E 3E4FDE:00 3E4FDF:06 3E4FDC:00 3E4FDD:00 3E4FDA:00 3E4FDB:1C 3E4FD8:00 3E4FD9:00 3E4FD6:00 3E4FD7:0A 3E4FD4:00 3E4FD5:00 3E3708:00 3E3706:00 3E3707:00 3E36FA:00 3E4FD2:00 3E4FD3:AB 3E4FD0:00 3E4FD1:00 3E4FCC:00 3E4FCD:01 3E4FCE:B5 3E4FCF:78 3E4FC8:00 3E4FC9:3E 3E4FCA:52 3E4FCB:00 3E4FBA:36 3E4FBB:EC 3E4FB8:00 3E4FB9:3E 3E4FB6:37 3E4FB7:0A 3E4FB4:00 3E4FB5:3E
W 1B612 48 3E4FEA:00 3E4FEB:1A 3E4FE8:00 3E4FE9:00 3E4FE6:00 3E4FE7:05 3E4FE4:00 3E4FE5:00 3E36DE:00 3E36DF:01 3E36E0:9C 3E36E1:F0 3E4FE2:00 3E4FE3:00 3E4FE0:00 3E4FE1:00 3E4FDC:00 3E4FDD:3E 3E4FDE:40 3E4FDF:02 3E4FD8:00 3E4FD9:01 3E4FDA:B6 3E4FDB:62 3E4FD6:0F 3E4FD7:48 3E4FD4:00 3E4FD5:3E 3E4FD2:0F 3E4FD3:48 3E4FD0:00 3E4FD1:3E 3E4FCE:02 3E4FCF:D8 3E4FCC:00 3E4FCD:3E 3E4FCA:00 3E4FCB:12 3E4FC8:00 3E4FC9:00 3E4FC6:00 3E4FC7:BC 3E4FC4:00 3E4FC5:00 3E4FC2:00 3E4FC3:00 3E4FC0:00 3E4FC1:00
W 1E6B2 36 3E4FEA:19 3E4FEB:68 3E4FE8:00 3E4FE9:3E 3E4FE6:08 3E4FE7:64 3E4FE4:00 3E4FE5:3E 3E4FE2:00 3E4FE3:14 3E4FE0:00 3E4FE1:00 3E4FDE:00 3E4FDF:0D 3E4FDC:00 3E4FDD:00 3E4FDA:00 3E4FDB:19 3E4FD8:00 3E4FD9:00 3E4FD6:00 3E4FD7:18 3E4FD4:00 3E4FD5:00 3E4FF4:00 3E4FF5:26 3E4FF6:15 3E4FF7:94 3E4FFA:40 3E4FFB:78 3E4FF2:10 3E4FF3:05 3E4FD0:00 3E4FD1:01 3E4FD2:E7 3E4FD3:14
W 1E6DC 48 3E4FEA:08 3E4FEB:64 3E4FE8:00 3E4FE9:3E 3E4FE6:02 3E4FE7:D8 3E4FE4:00 3E4FE5:3E 3E4FE2:00 3E4FE3:17 3E4FE0:00 3E4FE1:00 3E4FDE:00 3E4FDF:04 3E4FDC:00 3E4FDD:00 3E4FDA:00 3E4FDB:13 3E4FD8:00 3E4FD9:00 3E4FD6:00 3E4FD7:0C 3E4FD4:00 3E4FD5:00 3E4FF2:0B 3E4FF3:C9 3E4FD0:00 3E4FD1:01 3E4FD2:E7 3E4FD3:14 3E4757:A4 3E4759:A4 3E475A:A4 3E475C:A4 3E475D:A4 3E4958:A4 3E4959:A3 3E495B:A4 3E495C:A3 3E495E:A4 3E4B58:A4 3E4B5B:A4 3E4B5E:A4 3E4D58:A4 3E4D5B:A4 3E4D5E:A4 3E4F58:A4 3E4F5B:A4
W 1E720 1 3E1BC6:12
W 1E7B8 0 
W 1E7E4 48 3E1968:27 3E1969:2D 3E196A:E1 3E196B:2D 3E196C:E1 3E196D:2D 3E196E:E1 3E196F:2D 3E1970:E1 3E1971:2D 3E1972:E1 3E1973:2D 3E1974:E1 3E1975:2D 3E1976:E1 3E1977:2D 3E1B70:E1 3E1B71:2D 3E1B72:E1 3E1B73:2D 3E1B74:E1 3E1B75:2D 3E1B76:E1 3E1B77:2D 3E1D70:E1 3E1D71:2D 3E1D72:E1 3E1D73:2D 3E1D74:E1 3E1D75:2D 3E1D76:E1 3E1D77:2D 3E1F70:E1 3E1F71:2D 3E1F72:E1 3E1F73:2D 3E1F74:E1 3E1F75:25 3E1F76:23 3E1F77:1E 3E2170:1D 3E2171:21 3E2172:26 3E2173:19 3E2174:1E 3E2175:23 3E2176:22 3E2177:25
W 1E8D2 0 
done 763
